{"categories":[{"name":"L_MicrosoftVisio","displayName":"Visio"},{"parentCategory":{"ref":"L_MicrosoftVisio"},"name":"L_VisioOptions","displayName":"Visio のオプション"},{"parentCategory":{"ref":"L_VisioOptions"},"name":"L_General","displayName":"全般"},{"parentCategory":{"ref":"L_General"},"name":"L_UserInterfaceOptions","displayName":"ユーザー インターフェイス オプション"},{"parentCategory":{"ref":"L_VisioOptions"},"name":"L_Save","displayName":"保存"},{"parentCategory":{"ref":"L_Save"},"name":"L_OfflineEditing","displayName":"オフライン編集"},{"parentCategory":{"ref":"L_Save"},"name":"L_SaveDocuments","displayName":"ドキュメントの保存"},{"parentCategory":{"ref":"L_VisioOptions"},"name":"L_Proofing","displayName":"文章校正"},{"parentCategory":{"ref":"L_Proofing"},"name":"L_AutoCorrectOptions","displayName":"オートコレクトのオプション"},{"parentCategory":{"ref":"L_VisioOptions"},"name":"L_OptionsCustomizeRibbon","displayName":"リボンのユーザー設定"},{"parentCategory":{"ref":"L_VisioOptions"},"name":"L_Security","displayName":"セキュリティ"},{"parentCategory":{"ref":"L_Security"},"name":"L_TrustCenter","displayName":"セキュリティ センター"},{"parentCategory":{"ref":"L_TrustCenter"},"name":"L_FileBlockSettings","displayName":"ファイル制限機能の設定"},{"parentCategory":{"ref":"L_Security"},"name":"L_MacroSecurity","displayName":"マクロのセキュリティ"},{"parentCategory":{"ref":"L_VisioOptions"},"name":"L_Advanced","displayName":"詳細設定"},{"parentCategory":{"ref":"L_Advanced"},"name":"L_FileLocations","displayName":"ファイルの場所"},{"parentCategory":{"ref":"L_Advanced"},"name":"L_Display","displayName":"表示"},{"parentCategory":{"ref":"L_Advanced"},"name":"L_EditingOptions","displayName":"編集オプション"},{"parentCategory":{"ref":"L_Advanced"},"name":"L_SaveOpen","displayName":"保存/開く"},{"parentCategory":{"ref":"L_Advanced"},"name":"L_ShapeSearch","displayName":"図形の検索"},{"parentCategory":{"ref":"L_Advanced"},"name":"L_GeneralOptions","displayName":"全般オプション"},{"parentCategory":{"ref":"L_MicrosoftVisio"},"name":"L_Customizableerrormessages","displayName":"ユーザー設定可能なエラー メッセージ"},{"parentCategory":{"ref":"L_MicrosoftVisio"},"name":"L_Disableitemsinuserinterface","displayName":"ユーザー インターフェイスの項目を無効にする"},{"parentCategory":{"ref":"L_Disableitemsinuserinterface"},"name":"L_Custom","displayName":"ユーザー設定"},{"parentCategory":{"ref":"L_MicrosoftVisio"},"name":"L_Miscellaneous","displayName":"その他"}],"policies":[{"parentCategory":{"ref":"L_Display"},"supportedOn":{"ref":"windows:SUPPORTED_Windows7"},"enabledValue":{"string":"0"},"disabledValue":{"string":"1"},"name":"L_PreventShowingNewScreenOnLaunch","displayName":"起動時に [新規作成] 画面を表示しない","explainText":"このポリシー設定では、Visio の起動時に [新規作成] 画面が表示されないようにできます。\n\nこのポリシー設定を有効にした場合、[新規作成] 画面は起動時に表示されません。\n\nこのポリシー設定を無効にするか、未構成にした場合、Visio を起動したときに、テンプレートの一覧を含む [新規作成] 画面が表示されます。","tags":["L_Display","L_Advanced","L_VisioOptions","L_MicrosoftVisio"],"application":"visio16","key":"software\\microsoft\\office\\16.0\\visio\\application","valueName":"showtemplatepanebydefault"},{"parentCategory":{"ref":"L_Display"},"supportedOn":{"ref":"windows:SUPPORTED_Windows7"},"enabledValue":{"string":"1"},"disabledValue":{"string":"0"},"name":"L_SmartTags","displayName":"アクション","explainText":"図面のアクションの上にマウス ポインターを置いたときにアクションを表示します。","tags":["L_Display","L_Advanced","L_VisioOptions","L_MicrosoftVisio"],"application":"visio16","key":"software\\microsoft\\office\\16.0\\visio\\application","valueName":"showsmarttags"},{"parentCategory":{"ref":"L_Display"},"supportedOn":{"ref":"windows:SUPPORTED_Windows7"},"enabledValue":{"string":"1"},"disabledValue":{"string":"0"},"name":"L_StencilwindowScreenTips","displayName":"ステンシル ウィンドウのヒント","explainText":"ステンシル ウィンドウの図形に関するヒントを Visio で表示するかどうかを指定します (ヒントは、ステンシルのマスター シェイプ、ツール バー ボタン、ルーラーなど、Visio の特定の要素にポインターを置くと表示されます)。","tags":["L_Display","L_Advanced","L_VisioOptions","L_MicrosoftVisio"],"application":"visio16","key":"software\\microsoft\\office\\16.0\\visio\\application","valueName":"tipsstencil"},{"parentCategory":{"ref":"L_Display"},"supportedOn":{"ref":"windows:SUPPORTED_Windows7"},"elements":{"items":[{"item":[{"value":{"string":"51"},"displayName":"パイカ (pi)"},{"value":{"string":"50"},"displayName":"ポイント (pt)"},{"value":{"string":"54"},"displayName":"シセロ"},{"value":{"string":"53"},"displayName":"ディドー"}],"valueName":"measurementsystem_text","inputType":"dropdownList","caption":"テキスト","id":"L_text7"}]},"name":"L_Text","displayName":"テキスト","explainText":"インデント、行間、その他テキストに関する単位を指定します。サイズの既定の単位はポイントです (1 ポイント = 1/72 インチ)。別の単位のサイズで入力することもできますが (1 フィート や 12 インチなど)、既定の単位を変更することはできません。","tags":["L_Display","L_Advanced","L_VisioOptions","L_MicrosoftVisio"],"application":"visio16","key":"software\\microsoft\\office\\16.0\\visio\\document"},{"parentCategory":{"ref":"L_Display"},"supportedOn":{"ref":"windows:SUPPORTED_Windows7"},"elements":{"items":[{"item":[{"value":{"string":"81"},"displayName":"度"},{"value":{"string":"82"},"displayName":"度/分/秒"},{"value":{"string":"84"},"displayName":"分/秒"},{"value":{"string":"85"},"displayName":"秒"},{"value":{"string":"83"},"displayName":"ラジアン"}],"valueName":"measurementsystem_angle","inputType":"dropdownList","caption":"角度","id":"L_angle8"}]},"name":"L_Angle","displayName":"角度","explainText":"回転角度の単位を指定します。","tags":["L_Display","L_Advanced","L_VisioOptions","L_MicrosoftVisio"],"application":"visio16","key":"software\\microsoft\\office\\16.0\\visio\\document"},{"parentCategory":{"ref":"L_Display"},"supportedOn":{"ref":"windows:SUPPORTED_Windows7"},"elements":{"items":[{"item":[{"value":{"string":"43"},"displayName":"週"},{"value":{"string":"44"},"displayName":"日"},{"value":{"string":"45"},"displayName":"時間"},{"value":{"string":"46"},"displayName":"分"},{"value":{"string":"47"},"displayName":"秒"}],"valueName":"measurementsystem_duration","inputType":"dropdownList","caption":"期間","id":"L_duration9"}]},"name":"L_Duration","displayName":"期間","explainText":"期間の単位を指定します。期間は、特定の日付や時間から経過した時間です。","tags":["L_Display","L_Advanced","L_VisioOptions","L_MicrosoftVisio"],"application":"visio16","key":"software\\microsoft\\office\\16.0\\visio\\document"},{"parentCategory":{"ref":"L_Display"},"supportedOn":{"ref":"windows:SUPPORTED_Windows7"},"enabledValue":{"string":"1"},"disabledValue":{"string":"0"},"name":"L_AlwaysofferMetricandUSunitsfornewblankdrawings","displayName":"常にメートル法と米国単位の新しい空白の図面やステンシルを提供する","explainText":"このポリシー設定では、新しい空白の図面やステンシルを作成するときに、米国単位とメートル法の選択肢を表示するかどうかを指定します。\n\nこのポリシー設定を有効にした場合、新しい空白の図面やステンシルを作成する前に、米国単位とメートル法の両方が選択肢として表示されます。これらの図面では該当するルーラーとページ設定が表示され、描画ツールには該当する単位が使用されます。テンプレートやステンシルは、両方の単位ではインストールされません。このポリシー設定は、[開発] タブが有効になっているときは常に有効になります。\n\nこのポリシー設定を無効にするか、未構成にした場合、どちらか一方の単位のテンプレートやステンシルのみがインストールされている場合、空白の図面やステンシルを作成するときに単位の選択肢は表示されません。","tags":["L_Display","L_Advanced","L_VisioOptions","L_MicrosoftVisio"],"application":"visio16","key":"software\\microsoft\\office\\16.0\\visio\\application","valueName":"offermetricandus"},{"parentCategory":{"ref":"L_UserInterfaceOptions"},"supportedOn":{"ref":"windows:SUPPORTED_Windows7"},"enabledValue":{"string":"0"},"disabledValue":{"string":"1"},"name":"L_DoNotShowMiniToolbarOnSelectionOfText","displayName":"テキストの選択時にミニ ツール バーを表示しない","explainText":"このポリシー設定では、テキスト選択時のミニ ツール バーを構成することができます。\n\nこのポリシー設定を有効にした場合、選択時にミニ ツール バーは表示されません。\n\nこのポリシー設定を無効にするか、未構成にした場合、選択時にミニ ツール バーが表示されます。","tags":["L_UserInterfaceOptions","L_General","L_VisioOptions","L_MicrosoftVisio"],"application":"visio16","key":"software\\microsoft\\office\\16.0\\visio\\application","valueName":"showminitoolbar"},{"parentCategory":{"ref":"L_UserInterfaceOptions"},"supportedOn":{"ref":"windows:SUPPORTED_Windows7"},"enabledValue":{"string":"0"},"disabledValue":{"string":"1"},"name":"L_TurnOffLivePreview","displayName":"リアルタイムのプレビュー表示機能をオフにする","explainText":"このポリシー設定では、リアルタイムのプレビュー表示機能を構成して、各オプションにカーソルを置いたときに、その機能の適用結果をドキュメントにプレビューとして表示できます。\n\nこのポリシー設定を有効にした場合、リアルタイムのプレビュー機能はオフになります。\n\nこのポリシー設定を無効にするか、未構成にした場合、リアルタイムのプレビュー機能はオンになります。","tags":["L_UserInterfaceOptions","L_General","L_VisioOptions","L_MicrosoftVisio"],"application":"visio16","key":"software\\microsoft\\office\\16.0\\visio\\application","valueName":"livepreview"},{"parentCategory":{"ref":"L_UserInterfaceOptions"},"supportedOn":{"ref":"windows:SUPPORTED_Windows7"},"enabledValue":{"string":"0"},"disabledValue":{"string":"1"},"name":"L_TurnOffLivePreviewInTheShapesWindow","displayName":"[図形] ウィンドウでのリアルタイムのプレビュー表示機能をオフにする","explainText":"このポリシー設定では、[図形] ウィンドウでのリアルタイムのプレビュー表示機能をオフにできます。この機能は、図面での図形の詳細や色深度をテーマの色や効果とともに [図形] ウィンドウに表示します。\n\nこのポリシー設定を有効にした場合、[図形] ウィンドウでのリアルタイムのプレビュー表示機能はオフになります。\n\nこのポリシー設定を無効にするか、未構成にした場合、[図形] ウィンドウでのリアルタイムのプレビュー表示機能はオンになります。","tags":["L_UserInterfaceOptions","L_General","L_VisioOptions","L_MicrosoftVisio"],"application":"visio16","key":"software\\microsoft\\office\\16.0\\visio\\application","valueName":"livepreviewmasters"},{"parentCategory":{"ref":"L_EditingOptions"},"supportedOn":{"ref":"windows:SUPPORTED_Windows7"},"enabledValue":{"string":"1"},"disabledValue":{"string":"0"},"name":"L_ZoomonrollwithIntelliMouse","displayName":"IntelliMouse のホイールで倍率を変更する","explainText":"選択した場合、Microsoft Intellimouse のホイールで図面の倍率を変更することができます。","tags":["L_EditingOptions","L_Advanced","L_VisioOptions","L_MicrosoftVisio"],"application":"visio16","key":"software\\microsoft\\office\\16.0\\visio\\application","valueName":"zoomonroll"},{"parentCategory":{"ref":"L_EditingOptions"},"supportedOn":{"ref":"windows:SUPPORTED_Windows7"},"enabledValue":{"string":"1"},"disabledValue":{"string":"0"},"name":"L_Centerselectiononzoom","displayName":"選択している図形を中心にズーム","explainText":"拡大したときに、選択されている図形がウィンドウの中心に表示されます。","tags":["L_EditingOptions","L_Advanced","L_VisioOptions","L_MicrosoftVisio"],"application":"visio16","key":"software\\microsoft\\office\\16.0\\visio\\application","valueName":"zoommode"},{"parentCategory":{"ref":"L_EditingOptions"},"supportedOn":{"ref":"windows:SUPPORTED_Windows7"},"enabledValue":{"string":"1"},"disabledValue":{"string":"0"},"name":"L_Selectshapespartiallywithinarea","displayName":"部分的に選択領域内に入る図形も選択","explainText":"選択領域 (図面ページ上の図形を囲むようにドラッグした四角の領域) を使用して図形を選択した場合に、部分的に選択領域に含まれる図形も選択されるように、選択の設定を変更できます。","tags":["L_EditingOptions","L_Advanced","L_VisioOptions","L_MicrosoftVisio"],"application":"visio16","key":"software\\microsoft\\office\\16.0\\visio\\application","valueName":"areaselection"},{"parentCategory":{"ref":"L_EditingOptions"},"supportedOn":{"ref":"windows:SUPPORTED_Windows7"},"enabledValue":{"string":"1"},"disabledValue":{"string":"0"},"name":"L_Enablelivedynamics","displayName":"ライブ ダイナミクス表示","explainText":"図形のサイズ変更や回転を行うときに、境界のボックスだけではなく、図形が変形される状態が表示されるようにできます。","tags":["L_EditingOptions","L_Advanced","L_VisioOptions","L_MicrosoftVisio"],"application":"visio16","key":"software\\microsoft\\office\\16.0\\visio\\application","valueName":"livemousedynamics"},{"parentCategory":{"ref":"L_EditingOptions"},"supportedOn":{"ref":"windows:SUPPORTED_Windows7"},"enabledValue":{"string":"1"},"disabledValue":{"string":"0"},"name":"L_Enalbeconnectorsplitting","displayName":"コネクタ分割を有効にする","explainText":"コネクタの線上に図形を配置したときに、線が分断され、図形の両側で別々のコネクタになって図形に接続されます。コネクタ分割がサポートされない図面もあります。","tags":["L_EditingOptions","L_Advanced","L_VisioOptions","L_MicrosoftVisio"],"application":"visio16","key":"software\\microsoft\\office\\16.0\\visio\\application","valueName":"allowshapesplitting"},{"parentCategory":{"ref":"L_EditingOptions"},"supportedOn":{"ref":"windows:SUPPORTED_Windows7"},"enabledValue":{"string":"1"},"disabledValue":{"string":"0"},"name":"L_EnableAutoConnect","displayName":"オートコネクトを有効にする","explainText":"対応する UI オプションの値を設定します。","tags":["L_EditingOptions","L_Advanced","L_VisioOptions","L_MicrosoftVisio"],"application":"visio16","key":"software\\microsoft\\office\\16.0\\visio\\application","valueName":"enableautoconnect"},{"parentCategory":{"ref":"L_EditingOptions"},"supportedOn":{"ref":"windows:SUPPORTED_Windows7"},"enabledValue":{"string":"0"},"disabledValue":{"string":"1"},"name":"L_ShowMoreHandles","displayName":"カーソルを置いたときに図形のハンドルを増やして表示する","explainText":"このポリシー設定では、選択した図形にマウス ポインターを置いたときに表示されるハンドル数を増やすことができます。\n\nこのポリシー設定を有効にした場合、少し待つと表示される図形のハンドルが増加します。\n\nこのポリシー設定を無効にするか、または未構成にした場合、表示される図形のハンドルは増加しません。\n","tags":["L_EditingOptions","L_Advanced","L_VisioOptions","L_MicrosoftVisio"],"application":"visio16","key":"software\\microsoft\\office\\16.0\\visio\\application","valueName":"handlebehavior"},{"parentCategory":{"ref":"L_SaveDocuments"},"supportedOn":{"ref":"windows:SUPPORTED_Windows7"},"enabledValue":{"string":"1"},"disabledValue":{"string":"0"},"name":"L_Promptfordocumentpropertiesonfirstsave","displayName":"初回保存時にプロパティを確認","explainText":"ファイルを最初に保存するときにプロパティのダイアログ ボックスを表示するかどうかを指定します。ファイルのプロパティには、作成者の名前や、ファイルの状態、プレビューの設定などがあります。","tags":["L_SaveDocuments","L_Save","L_VisioOptions","L_MicrosoftVisio"],"application":"visio16","key":"software\\microsoft\\office\\16.0\\visio\\application","valueName":"promptforsummaryinfo"},{"parentCategory":{"ref":"L_SaveOpen"},"supportedOn":{"ref":"windows:SUPPORTED_Windows7"},"elements":{"items":[{"item":[{"value":{"string":"0"},"displayName":"言語を自動的に選択"},{"value":{"string":"1"},"displayName":"言語を選択するメッセージを表示"},{"value":{"string":"2"},"displayName":"次の言語を使用"}],"valueName":"fileconversionmode","inputType":"dropdownList","caption":"ファイル変換時の言語","id":"L_languageforfileconversion5"},{"valueName":"fileconversionlanguage","requiredSpecified":false,"expandableSpecified":false,"maxLength":2147483647,"maxLengthSpecified":false,"inputType":"textBox","caption":"使用する言語:","id":"L_Uselanguage"}]},"name":"L_languageforfileconversion4","displayName":"ファイル変換時の言語","explainText":"このポリシー設定では、以前のバージョンの Visio との間でファイルを変換する際に使用する言語の特定方法を指定します。\n\nこのポリシー設定を有効にした場合、以下のオプションの 1 つを選択できます。\n\n- [言語を自動的に選択]\n- [言語を選択するメッセージを表示]\n- [次の言語を使用]: 該当する言語に対する Microsoft ロケール ID (LCID) を数値で指定する必要があります。\n\nこのポリシー設定を無効にするか、または未構成にした場合、Visio によって使用する言語が決定されます。","tags":["L_SaveOpen","L_Advanced","L_VisioOptions","L_MicrosoftVisio"],"application":"visio16","key":"software\\microsoft\\office\\16.0\\visio\\application"},{"parentCategory":{"ref":"L_SaveOpen"},"supportedOn":{"ref":"windows:SUPPORTED_Windows7"},"enabledValue":{"string":"1"},"disabledValue":{"string":"0"},"name":"L_Showfilesavewarnings","displayName":"ファイルを保存するときの警告を表示する","explainText":"無効な XML コードなどのエラーが含まれるファイルを保存するときに警告メッセージを表示するかどうかを指定します。","tags":["L_SaveOpen","L_Advanced","L_VisioOptions","L_MicrosoftVisio"],"application":"visio16","key":"software\\microsoft\\office\\16.0\\visio\\application","valueName":"showxmlsavewarnings"},{"parentCategory":{"ref":"L_SaveOpen"},"supportedOn":{"ref":"windows:SUPPORTED_Windows7"},"enabledValue":{"string":"1"},"disabledValue":{"string":"0"},"name":"L_Showfileopenwarnings","displayName":"ファイルを開くときの警告を表示する","explainText":"無効な XML コードなどのエラーが含まれるファイルを開くときに警告メッセージを表示するかどうかを指定します。","tags":["L_SaveOpen","L_Advanced","L_VisioOptions","L_MicrosoftVisio"],"application":"visio16","key":"software\\microsoft\\office\\16.0\\visio\\application","valueName":"showxmlopenwarnings"},{"parentCategory":{"ref":"L_OptionsCustomizeRibbon"},"supportedOn":{"ref":"windows:SUPPORTED_Windows7"},"enabledValue":{"decimal":{"value":1}},"disabledValue":{"decimal":{"value":0}},"name":"L_DisplayDeveloperTab","displayName":"[開発] タブをリボンに表示する","explainText":"このポリシー設定では、[開発] タブをリボンに表示するかどうかを指定します。\n\nこのポリシー設定を有効にした場合、[開発] タブがリボンに表示されます。\n\nこのポリシー設定を無効にした場合、[開発] タブはリボンに表示されません。\n\nこのポリシー設定を未構成にした場合、[開発] タブはリボンに表示されませんが、表示/非表示はアプリケーションのオプション ダイアログ ボックスで変更できます。","tags":["L_OptionsCustomizeRibbon","L_VisioOptions","L_MicrosoftVisio"],"application":"visio16","key":"software\\microsoft\\office\\16.0\\visio\\application","valueName":"developertools"},{"parentCategory":{"ref":"L_Save"},"supportedOn":{"ref":"windows:SUPPORTED_Windows7"},"enabledValue":{"decimal":{"value":1}},"disabledValue":{"decimal":{"value":0}},"name":"L_TurnOffCADDWGFunctionality","displayName":"CAD/DWG 機能をオフにする","explainText":"このポリシー設定では、CAD/DWG ファイルに関連するすべてのエントリ ポイントをオフにできます。\n\nこのポリシー設定を有効にした場合、CAD/DWG 機能はオフになります。\n\nこのポリシー設定を無効にするか、または未構成にした場合、CAD/DWG 機能はオンになります。","tags":["L_Save","L_VisioOptions","L_MicrosoftVisio"],"application":"visio16","key":"software\\microsoft\\office\\16.0\\visio\\application","valueName":"disabledwg"},{"parentCategory":{"ref":"L_OfflineEditing"},"supportedOn":{"ref":"windows:SUPPORTED_Windows7"},"elements":{"items":[{"item":[{"value":{"string":"1"},"displayName":"サーバーのファイルの下書きの場所"},{"value":{"string":"0"},"displayName":"Web サーバー"}],"valueName":"uselocaldrafts","inputType":"dropdownList","id":"L_SaveCheckedOutFilesToDropID"}]},"name":"L_SaveCheckedOutFilesTo","displayName":"チェックアウトしたファイルの保存先","explainText":"このポリシー設定では、チェックアウトしたファイルをサーバーのファイルの下書きの場所に保存するか、または Web サーバーに保存するかを選択できます。\n\nこのポリシー設定を有効にした場合、チェックアウトしたファイルの保存先を以下の場所から選択できます。\n- [サーバーのファイルの下書きの場所]: このコンピューター上にあるサーバー用ファイルの下書きの場所\n- [Web サーバー]: Web サーバーの場所\n\nこのポリシー設定を無効にするか、または未構成にした場合、チェックアウトしたファイルはサーバーのファイルの下書きの場所に保存されます。","tags":["L_OfflineEditing","L_Save","L_VisioOptions","L_MicrosoftVisio"],"application":"visio16","key":"software\\microsoft\\office\\16.0\\visio\\application"},{"parentCategory":{"ref":"L_SaveDocuments"},"supportedOn":{"ref":"windows:SUPPORTED_Windows7"},"elements":{"items":[{"item":[{"value":{"string":"0"},"displayName":"Visio 図面"},{"value":{"string":"3"},"displayName":"Visio マクロ有効ドキュメント"},{"value":{"string":"1"},"displayName":"Visio 2003-2016 ドキュメント"}],"valueName":"savefileformat","inputType":"dropdownList","caption":"ファイルの保存形式","id":"L_savevisiofilesas6"}]},"name":"L_SaveVisiofilesas","displayName":"ファイルの保存形式","explainText":"Visio ファイルの既定の保存形式を指定します。","tags":["L_SaveDocuments","L_Save","L_VisioOptions","L_MicrosoftVisio"],"application":"visio16","key":"software\\microsoft\\office\\16.0\\visio\\application"},{"parentCategory":{"ref":"L_ShapeSearch"},"supportedOn":{"ref":"windows:SUPPORTED_Windows7"},"enabledValue":{"string":"1"},"disabledValue":{"string":"0"},"name":"L_Showshapesearchpane","displayName":"図形検索ウィンドウを表示する","explainText":"ステンシル ウィンドウの、図形検索のユーザー インターフェイス要素を表示します。","tags":["L_ShapeSearch","L_Advanced","L_VisioOptions","L_MicrosoftVisio"],"application":"visio16","key":"software\\microsoft\\office\\16.0\\visio\\application","valueName":"showshapesearchpane"},{"parentCategory":{"ref":"L_ShapeSearch"},"supportedOn":{"ref":"windows:SUPPORTED_Windows7"},"elements":{"items":[{"item":[{"value":{"string":"1"},"displayName":"すべての単語 (AND)"},{"value":{"string":"0"},"displayName":"いずれかの単語 (OR)"}],"valueName":"findshapesallwords","inputType":"dropdownList","caption":"検索対象:","id":"L_searchfor10"}]},"name":"L_Searchfor","displayName":"検索対象:","explainText":"対応する UI オプションの値を設定します。","tags":["L_ShapeSearch","L_Advanced","L_VisioOptions","L_MicrosoftVisio"],"application":"visio16","key":"software\\microsoft\\office\\16.0\\visio\\application"},{"parentCategory":{"ref":"L_ShapeSearch"},"supportedOn":{"ref":"windows:SUPPORTED_Windows7"},"elements":{"items":[{"item":[{"value":{"string":"0"},"displayName":"アルファベット順"},{"value":{"string":"1"},"displayName":"グループ別"}],"valueName":"msoridcuvisiobfsgroup","inputType":"dropdownList","caption":"検索結果","id":"L_searchresults11"}]},"name":"L_Searchresults","displayName":"検索結果","explainText":"結果をアルファベット順の図形名で表示するか、ステンシル名 (グループ) 別に表示するかを指定します。[グループ別] をクリックすると、名前が同じでも別のステンシルに表示される図形を区別しやすくなります。このオプションを選択すると、図形が含まれるステンシルを探す場合にも便利です。","tags":["L_ShapeSearch","L_Advanced","L_VisioOptions","L_MicrosoftVisio"],"application":"visio16","key":"software\\microsoft\\office\\16.0\\visio\\application"},{"parentCategory":{"ref":"L_ShapeSearch"},"supportedOn":{"ref":"windows:SUPPORTED_Windows7"},"enabledValue":{"string":"0"},"disabledValue":{"string":"1"},"name":"L_Openresultsnewwindow","displayName":"結果を別のウィンドウで開く","explainText":"検索するたびに、検索結果のステンシルを新しく作成するかどうかを指定します。オフにした場合、前の検索結果が削除され、新しい検索結果が表示されます。","tags":["L_ShapeSearch","L_Advanced","L_VisioOptions","L_MicrosoftVisio"],"application":"visio16","key":"software\\microsoft\\office\\16.0\\visio\\application","valueName":"msoridcuvisiobfsrecycle"},{"parentCategory":{"ref":"L_TrustCenter"},"supportedOn":{"ref":"windows:SUPPORTED_Windows7"},"enabledValue":{"decimal":{"value":1}},"disabledValue":{"decimal":{"value":0}},"name":"L_Disableallapplicationextensions","displayName":"すべてのアプリケーション アドインを無効にする","explainText":"このポリシー設定では、指定した Office 2016 アプリケーションのすべてのアドインを無効にします。\n     \nこのポリシー設定を有効にした場合、指定した Office 2016 アプリケーションのすべてのアドインが無効になります。\n\nこのポリシー設定を無効にするか、未構成にした場合、アプリケーション アドインに信頼できる発行元による署名が必要なときを除いて、指定した Office 2016 アプリケーションのすべてのアドインは、ユーザーへの通知なしで実行が許可されます。","tags":["L_TrustCenter","L_Security","L_VisioOptions","L_MicrosoftVisio"],"application":"visio16","key":"software\\microsoft\\office\\16.0\\visio\\security","valueName":"disablealladdins"},{"parentCategory":{"ref":"L_TrustCenter"},"supportedOn":{"ref":"windows:SUPPORTED_Windows7"},"enabledValue":{"decimal":{"value":1}},"disabledValue":{"decimal":{"value":0}},"name":"L_BlockMacroExecutionFromInternet","displayName":"インターネットから取得した Office ファイル内のマクロの実行をブロックします","explainText":"\n        このポリシー設定では、インターネットから取得された Office ファイル内のマクロの実行をブロックできます。\n\n        このポリシー設定を有効にした場合、トラスト センターの [マクロの設定] セクションで [すべてのマクロを有効にする] がオンになっている場合でも、マクロの実行はブロックされます。ユーザーにマクロの実行がブロックされたことを示す通知が表示されます。\n\n        マクロの実行が許可される例外は次のとおりです:\n        - Office ファイルが信頼できる場所に保存されている場合。\n        - Office ファイルを以前にユーザーが信頼した場合。\n        - マクロはデジタル署名され、一致する信頼できる発行元証明書がデバイスにインストールされている場合。\n\n        このポリシーを無効にした場合は、トラスト センターの [マクロの設定] セクションで構成された設定で、インターネットから取得された Office ファイル内のマクロが実行されるかどうかが決まります。\n\n        このポリシーを構成しない場合、マクロの実行はブロックされます。ユーザーにインターネットからのマクロのセキュリティ リスクに関する通知が表示され、詳細を確認するためのリンクが表示されます。\n\n        詳細については、https://go.microsoft.com/fwlink/p/?linkid=2185771 を参照してください。\n      ","tags":["L_TrustCenter","L_Security","L_VisioOptions","L_MicrosoftVisio"],"application":"visio16","key":"software\\microsoft\\office\\16.0\\visio\\security","valueName":"blockcontentexecutionfrominternet"},{"parentCategory":{"ref":"L_TrustCenter"},"supportedOn":{"ref":"windows:SUPPORTED_Windows7"},"enabledValue":{"decimal":{"value":1}},"disabledValue":{"decimal":{"value":0}},"name":"L_TurnOffTrustedDocumentsOnTheNetwork","displayName":"ネットワークの信頼済みドキュメント機能をオフにする","explainText":"このポリシー設定では、ネットワークから開かれたドキュメントに対する信頼済みドキュメント機能をオフにすることができます。\n\nこのポリシー設定を有効にした場合、ネットワークから開かれたドキュメントでは、マクロ、ActiveX コントロール、データ接続などのアクティブ コンテンツに対するセキュリティに関する通知が常に表示されます。\n\nこのポリシー設定を無効にするか、未構成にした場合、信頼済みドキュメント機能を使用すると、マクロ、ActiveX コントロール、データ接続などのドキュメント内のアクティブ コンテンツを常に有効にして、そのドキュメントを次回開いたときに確認のメッセージが表示されないようにすることができます。信頼済みドキュメントでは、セキュリティに関する通知は表示されません。","tags":["L_TrustCenter","L_Security","L_VisioOptions","L_MicrosoftVisio"],"application":"visio16","key":"software\\microsoft\\office\\16.0\\visio\\security\\trusted documents","valueName":"disablenetworktrusteddocuments"},{"parentCategory":{"ref":"L_TrustCenter"},"supportedOn":{"ref":"windows:SUPPORTED_Windows7"},"enabledValue":{"decimal":{"value":1}},"disabledValue":{"decimal":{"value":0}},"name":"L_TurnOffTrustedDocuments","displayName":"信頼済みドキュメント機能をオフにする","explainText":"このポリシー設定では、信頼済みドキュメント機能をオフにすることができます。信頼済みドキュメント機能を使用すると、マクロ、ActiveX コントロール、データ接続などのドキュメント内のアクティブ コンテンツを常に有効にして、そのドキュメントを次回開いたときに確認のメッセージが表示されないようにすることができます。信頼済みドキュメントでは、セキュリティに関する通知は表示されません。\n\nこのポリシー設定を有効にした場合、信頼済みドキュメント機能はオフになります。アクティブ コンテンツを含むドキュメントを開くたびに、セキュリティに関する通知が表示されます。\n\nこのポリシー設定を無効にするか、未構成にした場合、ドキュメントのコンテンツを有効にすると、そのドキュメントは信頼され、セキュリティに関する通知は表示されません。","tags":["L_TrustCenter","L_Security","L_VisioOptions","L_MicrosoftVisio"],"application":"visio16","key":"software\\microsoft\\office\\16.0\\visio\\security\\trusted documents","valueName":"disabletrusteddocuments"},{"parentCategory":{"ref":"L_TrustCenter"},"supportedOn":{"ref":"windows:SUPPORTED_Windows7"},"elements":{"items":[{"valueName":"maxtrusteddocuments","minValue":0,"minValueSpecified":true,"maxValue":20000,"maxValueSpecified":true,"inputType":"decimalTextBox","caption":"最大数:","id":"L_SetMaximumNumberOfTrustedDocumentsSpinID"}]},"name":"L_SetMaximumNumberOfTrustedDocuments","displayName":"信頼済みドキュメントの最大数を設定する","explainText":"このポリシー設定では、消去タスクを実行する前にレジストリに保存できる信頼済みドキュメントのセキュリティ レコードの最大数を指定できます。消去タスクは、レジストリに保存された信頼済みドキュメントの数を [保存するセキュリティ レコードの最大数を設定する] ポリシー設定で指定された数まで減らします。\n\nこのポリシー設定を有効にすると、消去タスクを実行する前にレジストリに保存できる信頼済みドキュメントの数を指定できます (上限 20,000)。パフォーマンスを確保するため、上限に設定することはお勧めしません。\n\nこのポリシー設定を無効にするか、未構成にした場合、消去タスクを実行する前にレジストリに保存できる信頼済みドキュメントの最大数として、既定値の 500 が使用されます。","tags":["L_TrustCenter","L_Security","L_VisioOptions","L_MicrosoftVisio"],"application":"visio16","key":"software\\microsoft\\office\\16.0\\visio\\security\\trusted documents"},{"parentCategory":{"ref":"L_TrustCenter"},"supportedOn":{"ref":"windows:SUPPORTED_Windows7"},"elements":{"items":[{"valueName":"maxpreservetrusteddocuments","minValue":0,"minValueSpecified":true,"maxValue":20000,"maxValueSpecified":true,"inputType":"decimalTextBox","caption":"保存の上限:","id":"L_SetMaximumNumberOfTrustRecordsToPreserveSpinID"}]},"name":"L_SetMaximumNumberOfTrustRecordsToPreserve","displayName":"保存するセキュリティ レコードの 最大数を設定する","explainText":"このポリシー設定では、このアプリケーションに [信頼済みドキュメントの最大数を設定する] ポリシー設定で設定された数よりも多くの信頼済みドキュメントがあることを消去タスクが検出した際に、保存するセキュリティ レコードの最大数を指定できます。\n\nこのポリシー設定を有効にすると、保存するセキュリティ レコードの最大数を指定できます (最大 20,000)。パフォーマンスを確保するため、上限に設定することはお勧めしません。\n\nこのポリシー設定を無効にするか、未構成にした場合、既定値の 400 が使用されます。","tags":["L_TrustCenter","L_Security","L_VisioOptions","L_MicrosoftVisio"],"application":"visio16","key":"software\\microsoft\\office\\16.0\\visio\\security\\trusted documents"},{"parentCategory":{"ref":"L_TrustCenter"},"supportedOn":{"ref":"windows:SUPPORTED_Windows7"},"elements":{"items":[{"item":[{"value":{"decimal":{"value":2}},"displayName":"通知してすべてを無効にする"},{"value":{"decimal":{"value":3}},"displayName":"デジタル署名付きのマクロを除くすべてのマクロを無効にする"},{"value":{"decimal":{"value":4}},"displayName":"通知せずにすべてを無効にする"},{"value":{"decimal":{"value":1}},"displayName":"すべてのマクロを有効にする (推奨しません)"}],"valueName":"vbawarnings","inputType":"dropdownList","id":"L_Empty"},{"trueValue":{"decimal":{"value":1}},"falseValue":{"decimal":{"value":0}},"valueName":"vbadigsigtrustedpublishers","key":"software\\microsoft\\office\\16.0\\visio\\security","inputType":"checkBox","caption":"信頼できる発行元による署名をマクロに要求する","id":"L_VBADigSigTrustedPublishersStr"},{"trueValue":{"decimal":{"value":1}},"falseValue":{"decimal":{"value":0}},"valueName":"vbarequirelmtrustedpublisher","key":"software\\microsoft\\office\\16.0\\visio\\security","inputType":"checkBox","caption":"現在のユーザー証明書ストアにのみインストールされている信頼できる発行元からの証明書をブロックする","id":"L_VBAOnlyAllowLMTrustedPublisherStr"},{"trueValue":{"decimal":{"value":1}},"falseValue":{"decimal":{"value":0}},"valueName":"vbarequiredigsigwithcodesigningeku","key":"software\\microsoft\\office\\16.0\\visio\\security","inputType":"checkBox","caption":"信頼できる発行元からの証明書には、拡張キー使用法 (EKU) が必要です","id":"L_VBAOnlyAllowDigSigWithCodeSigningEKUStr"}]},"name":"L_VBAWarningsPolicy","displayName":"VBA マクロ通知設定","explainText":"このポリシー設定では、Visual Basic for Applications (VBA) マクロが存在する場合に、指定したアプリケーションでユーザーに警告を表示する方法を指定します。\n\nこのポリシー設定を有効にした場合、指定したアプリケーションでマクロに関する警告をユーザーに表示する方法を、次の 4 つのオプションから選べます。\n \n- [通知してすべてを無効にする]: 署名の有無にかかわらず、すべてのマクロについてセキュリティ バーを表示します。このオプションでは、Office の既定の構成が適用されます。\n \n- [デジタル署名付きのマクロを除くすべてのマクロを無効にする]: デジタル署名付きのマクロについてセキュリティ バーで警告を表示します。ユーザーはこのマクロを有効にするか、または無効のままにできます。署名のないマクロは無効になり、ユーザーには通知されません。\n \n- [通知せずにすべてを無効にする]: 署名の有無にかかわらず、すべてのマクロを無効にします。ユーザーには通知されません。\n \n- [すべてのマクロを有効にする] (推奨しません): 署名の有無にかかわらず、すべてのマクロを有効にします。このオプションを選んだ場合、危険なコードの実行が検出されなくなるため、セキュリティが大幅に低下します。\n \nこのポリシー設定を無効にした場合、[通知せずにすべてを無効にする] が既定の設定になります。\n \nこのポリシー設定を未構成にした場合、指定したアプリケーションで VBA マクロを含むファイルを開くときに、このファイルはマクロが無効にされた状態で開きます。このとき、マクロが存在しており、無効にされたことを示すセキュリティ バーの警告が表示されます。ユーザーは必要に応じてファイルを検査して編集できますが、無効化された機能を使うことはできません。これらの機能を使うには、セキュリティ バーで [コンテンツを有効にする] をクリックして機能を有効にする必要があります。ユーザーが [コンテンツを有効にする] をクリックすると、ドキュメントは信頼済みのドキュメントとして追加されます。\n \n[デジタル署名付きのマクロを除くすべてのマクロを無効にする] を選択した場合、セキュリティを向上させるために [信頼できる発行元による署名をマクロに要求する] チェック ボックスも選択することをお勧めします。\n\n[信頼できる発行元による署名をマクロに要求する] チェック ボックスを選択した場合、デジタル署名付きのマクロを開いているが、それが信頼できる発行元によって署名されているファイルではないユーザーは、マクロの実行がブロックされているという通知を受け取ることになります。そして、セキュリティ向上のために選択をお勧めするチェック ボックスが 2 つ追加されます。\n\n- 現在のユーザー証明書ストアにインストールされている信頼できる発行元からの証明書をブロックする\n\n- 信頼できる発行元からの証明書には、拡張キー使用法 (EKU) が必要です\n\n注: これら 2 つのチェック ボックスは、[信頼できる発行元による署名をマクロに要求する] チェック ボックスを選択した場合にのみ適用されます。\n\n注: 3 つのチェック ボックスはすべて、Office および Visio のバージョン 2012 以降にのみ適用されます。Office 2016 または Office 2019 には適用されません。\n\n[Block certificates from trusted publishers that are installed in the local machine certificate store] (ローカル コンピューターの証明書ストアにインストールされている信頼できる発行元からの証明書をブロックする) を選択した場合、信頼できる発行元からの証明書が現在のユーザー証明書ストアにインストールされていても、マクロは実行されません。マクロを実行するには、ローカル コンピューターの証明書ストアに証明書がインストールされている必要があります。ローカル コンピューターの証明書ストアに証明書をインストールできるのは、コンピューターに対する管理者アクセス権を持つアカウントのみです。\n\n[信頼できる発行元からの証明書には、拡張キー使用法 (EKU) が必要です] チェック ボックスを選択した場合、EKU には証明書の用途の 1 つとして \"コード署名\" が含まれている必要があります。\n\n重要: [デジタル署名付きのマクロを除くすべてのマクロを無効にする] を選んだ場合、署名のない Access データベースを開くことができなくなります。\n \nまた、Microsoft Office では、信頼できる発行元の証明書は Internet Explorer の信頼できる発行元ストアに格納されます。以前のバージョンの Microsoft Office では、信頼できる発行元の証明書情報 (特に、証明書の拇印) は、Office の特別な信頼できる発行元ストアに格納されていました。Microsoft Office でも引き続き Office の信頼できる発行元ストアから証明書情報を読み取ることはできますが、このストアに情報を書き込むことはありません。\n \nしたがって、以前のバージョンの Microsoft Office で信頼できる発行元の一覧を作成した後で Office にアップグレードした場合、その一覧は引き続き認識されます。ただし、信頼できる発行元の証明書を一覧に追加した場合、その情報は Internet Explorer の信頼できる発行元ストアに格納されます。","tags":["L_TrustCenter","L_Security","L_VisioOptions","L_MicrosoftVisio"],"application":"visio16","key":"software\\microsoft\\office\\16.0\\visio\\security"},{"parentCategory":{"ref":"L_TrustCenter"},"supportedOn":{"ref":"windows:SUPPORTED_Windows7"},"enabledValue":{"decimal":{"value":1}},"disabledValue":{"decimal":{"value":0}},"name":"L_RequirethatApplicationExtensionsaresigned","displayName":"アプリケーション アドインには信頼できる発行元による署名が必要","explainText":"このポリシー設定では、このアプリケーションのアドインが、信頼できる発行元によってデジタル署名されている必要があるかどうかを指定します。\n \nこのポリシー設定を有効にした場合、このアプリケーションで各アドインを読み込む前に、デジタル署名がチェックされます。アドインがデジタル署名されていないか、または信頼できる発行元による署名でない場合、そのアドインは無効になり、ユーザーに通知されます。信頼できる発行元による署名がすべてのアドインで必要であると指定した場合は、信頼できる発行元の一覧に証明書を追加する必要があります。証明書の取得と配布について詳しくは、http://go.microsoft.com/fwlink/?LinkId=294922 をご覧ください。Office 2016 では、信頼できる発行元の証明書は Internet Explorer の信頼できる発行元ストアに格納されます。以前のバージョンの Microsoft Office では、信頼できる発行元の証明書情報 (特に、証明書の拇印) は、Office の特別な信頼できる発行元ストアに格納されていました。Office 2016 でも引き続き Office の信頼できる発行元ストアから証明書情報を読み取りますが、このストアに情報を書き込むことはありません。したがって、以前のバージョンの Office で信頼できる発行元の一覧を作成した後で Office 2016 にアップグレードした場合、その一覧は引き続き認識されます。ただし、信頼できる発行元の証明書を一覧に追加した場合、その情報は Internet Explorer の信頼できる発行元ストアに格納されます。信頼できる発行元の詳細については、Office Resource Kit を参照してください。\n\nこのポリシー設定を無効にするか、または未構成にした場合、このアプリケーションでは、アプリケーション アドインを開く前にそのデジタル署名はチェックされません。危険なアドインが読み込まれた場合は、ユーザーのコンピューターに損害を与えたり、データのセキュリティが低下したりする可能性があります。","tags":["L_TrustCenter","L_Security","L_VisioOptions","L_MicrosoftVisio"],"application":"visio16","key":"software\\microsoft\\office\\16.0\\visio\\security","valueName":"requireaddinsig"},{"parentCategory":{"ref":"L_TrustCenter"},"supportedOn":{"ref":"windows:SUPPORTED_Windows7"},"enabledValue":{"decimal":{"value":1}},"disabledValue":{"decimal":{"value":0}},"name":"L_DisableTrustBarNotificationforunsigned","displayName":"署名されていないアプリケーション アドインに関するセキュリティ バーの通知を無効にして、ブロックする","explainText":"このポリシー設定では、指定した Office アプリケーションで、署名のないアプリケーション アドインが読み込まれたときにユーザーに通知するか、またはユーザーに通知せずに自動的に無効にするかを指定します。このポリシー設定は、[アプリケーション アドインには信頼できる発行元による署名が必要] ポリシー設定を有効にした場合にのみ適用されます。このポリシー設定を有効にすると、ユーザーは設定を変更できなくなります。\n\nこのポリシー設定を有効にした場合、署名のないアドインはユーザーに通知することなく自動的に無効になります。\n \nこのポリシー設定を無効にした場合、すべてのアドインに信頼できる発行元による署名が必要であるようにアプリケーションが構成されると、アプリケーションによって読み込まれた署名のないアドインはすべて無効になり、アクティブ ウィンドウの上部にセキュリティ バーが表示されます。セキュリティ バーには、署名のないアドインについてユーザーに通知するメッセージが表示されます。\n\nこのポリシー設定を未構成にした場合、[動作を無効にする] が適用され、またユーザーは、アプリケーションのセキュリティ センターの [アドイン] カテゴリでこの要件を構成できます。","tags":["L_TrustCenter","L_Security","L_VisioOptions","L_MicrosoftVisio"],"application":"visio16","key":"software\\microsoft\\office\\16.0\\visio\\security","valueName":"notbpromptunsignedaddin"},{"parentCategory":{"ref":"L_TrustCenter"},"supportedOn":{"ref":"windows:SUPPORTED_Windows7"},"enabledValue":{"decimal":{"value":1}},"disabledValue":{"decimal":{"value":0}},"name":"L_AllowTrustedLocationsOnTheNetwork","displayName":"ネットワーク上の信頼できる場所を許可する","explainText":"このポリシー設定では、ネットワーク上にある信頼できる場所を使用できるようにするかどうかを指定します。\n\nこのポリシー設定を有効にした場合、ユーザーは、セキュリティ センターの [信頼できる場所] セクションにある [新しい場所の追加] ボタンをクリックすることによって、ネットワーク共有または直接の管理下にない別のリモートの場所にある信頼できる場所を指定できます。信頼できる場所からは、最低限のセキュリティでコンテンツ、コード、およびアドインを読み込むことができます。また、ユーザーにアクセス許可のプロンプトが表示されることもありません。\n\nこのポリシー設定を無効にした場合、選択したアプリケーションでは、セキュリティ センターの [信頼できる場所] セクションの一覧にあるネットワーク上のすべての場所が無視されます。\n\nまた、グループ ポリシーを使用して [信頼できる場所] を展開する場合は、これらの場所がリモートの場所かどうかを確認する必要があります。リモートの場所が存在しているが、このポリシー設定でリモートの場所を許可しない場合、リモートの場所を指すポリシー キーはクライアント コンピューターで無視されます。\n\nこのポリシー設定を無効にしても、ネットワークの場所は [信頼できる場所] の一覧から削除されませんが、ユーザーが [信頼できる場所] の一覧にネットワークの場所を追加する場合に混乱を招く可能性があります。また、セキュリティ センターの [信頼できる場所] の一覧に、新しいネットワークの場所を追加できなくなります。[プライベート ネットワーク上にある信頼できる場所を許可する (推奨しません)] チェック ボックスのテキストが示すように、このポリシー設定を有効にすることは推奨されていないため、実際にはこのポリシー設定を無効にしても、ユーザーの利便性に大きな問題が起こることはほとんどありません。\n\nこのポリシー設定を有効にしなかった場合、ユーザーは必要に応じて [プライベート ネットワーク上にある信頼できる場所を許可する (推奨しません)] チェック ボックスを選択し、[新しい場所の追加] ボタンをクリックすることで、信頼できる場所を指定することができます。","tags":["L_TrustCenter","L_Security","L_VisioOptions","L_MicrosoftVisio"],"application":"visio16","key":"software\\microsoft\\office\\16.0\\visio\\security\\trusted locations","valueName":"allownetworklocations"},{"parentCategory":{"ref":"L_TrustCenter"},"supportedOn":{"ref":"windows:SUPPORTED_Windows7"},"enabledValue":{"decimal":{"value":1}},"disabledValue":{"decimal":{"value":0}},"name":"L_DisableTrustedLoc","displayName":"すべての信頼できる場所を無効にする","explainText":"このポリシー設定では、管理者は指定した 2016 バージョンのアプリケーションで、すべての信頼できる場所を無効にすることができます。セキュリティ センターで指定する信頼できる場所は、安全と見なすことができるファイル保存場所を定義するために使用します。信頼できる場所からは、最低限のセキュリティでコンテンツ、コード、およびアドインを読み込むことができます。また、ユーザーにアクセス許可のプロンプトが表示されることもありません。信頼できる場所から危険なファイルが開かれた場合、標準のセキュリティ対策の対象とはならないため、ユーザーのコンピューターやデータに損害を与える可能性があります。\n \nこのポリシー設定を有効にした場合、指定した 2016 バージョンのアプリケーションで、すべての信頼できる場所 (セキュリティ センターで指定) が無視されます。これらの信頼できる場所には、セットアップ中に Office で設定されたもの、グループ ポリシーを使用してユーザーに展開されたもの、およびユーザー自身が追加したものが含まれます。信頼できる場所からファイルを開くときにはプロンプトが再び表示されます。\n\nこのポリシー設定を無効にするか、未構成にした場合、指定した 2016 バージョンのアプリケーションで、すべての信頼できる場所 (セキュリティ センターで指定) が安全と見なされます。","tags":["L_TrustCenter","L_Security","L_VisioOptions","L_MicrosoftVisio"],"application":"visio16","key":"software\\microsoft\\office\\16.0\\visio\\security\\trusted locations","valueName":"alllocationsdisabled"},{"parentCategory":{"ref":"L_FileBlockSettings"},"supportedOn":{"ref":"windows:SUPPORTED_Windows7"},"elements":{"items":[{"item":[{"value":{"decimal":{"value":0}},"displayName":"ブロックしない"},{"value":{"decimal":{"value":1}},"displayName":"ブロック対象を保存する"},{"value":{"decimal":{"value":2}},"displayName":"開く/保存をブロックする"}],"valueName":"visio2003files","inputType":"dropdownList","caption":"ファイル制限機能の設定:","id":"L_Visio2003FilesDropID"}]},"name":"L_Visio2003Files","displayName":"Visio 2003-2010 のバイナリ図面、テンプレート、およびステンシル","explainText":"このポリシー設定では、このポリシー設定のタイトルに指定された形式の Visio ファイルをユーザーが開いたり保存したりできるようにするかどうかを指定できます。\n\nこのポリシー設定を有効にした場合、ユーザーがファイルを開いたり保存したりできるようにするかどうかを指定できます。\n\n以下のオプションのいずれかを選択できます。注意: 一部のオプションはこのポリシー設定に使用できない可能性があります。\n\n- ブロックしない: この種類のファイルはブロックされません。\n\n- 保存をブロックする: この種類のファイルの保存がブロックされます。\n\n- 開く/保存をブロックする: この種類のファイルを開く操作と保存する操作がブロックされます。\n\nこのポリシー設定を無効にするか、未構成にした場合、この種類のファイルはブロックされません。","tags":["L_FileBlockSettings","L_TrustCenter","L_Security","L_VisioOptions","L_MicrosoftVisio"],"application":"visio16","key":"software\\microsoft\\office\\16.0\\visio\\security\\fileblock"},{"parentCategory":{"ref":"L_FileBlockSettings"},"supportedOn":{"ref":"windows:SUPPORTED_Windows7"},"elements":{"items":[{"item":[{"value":{"decimal":{"value":0}},"displayName":"ブロックしない"},{"value":{"decimal":{"value":2}},"displayName":"開く/保存をブロックする"}],"valueName":"visio2000files","inputType":"dropdownList","caption":"ファイル制限機能の設定:","id":"L_Visio2000FilesDropID"}]},"name":"L_Visio2000Files","displayName":"Visio 2000-2002 のバイナリ図面、テンプレート、およびステンシル","explainText":"このポリシー設定では、このポリシー設定のタイトルに指定された形式の Visio ファイルをユーザーが開いたり保存したりできるようにするかどうかを指定できます。\n\nこのポリシー設定を有効にした場合、ユーザーがファイルを開いたり保存したりできるようにするかどうかを指定できます。\n\n以下のオプションのいずれかを選択できます。注意: 一部のオプションはこのポリシー設定に使用できない可能性があります。\n\n- ブロックしない: この種類のファイルはブロックされません。\n\n- 保存をブロックする: この種類のファイルの保存がブロックされます。\n\n- 開く/保存をブロックする: この種類のファイルを開く操作と保存する操作がブロックされます。\n\nこのポリシー設定を無効にするか、未構成にした場合、この種類のファイルはブロックされます。","tags":["L_FileBlockSettings","L_TrustCenter","L_Security","L_VisioOptions","L_MicrosoftVisio"],"application":"visio16","key":"software\\microsoft\\office\\16.0\\visio\\security\\fileblock"},{"parentCategory":{"ref":"L_FileBlockSettings"},"supportedOn":{"ref":"windows:SUPPORTED_Windows7"},"elements":{"items":[{"item":[{"value":{"decimal":{"value":0}},"displayName":"ブロックしない"},{"value":{"decimal":{"value":2}},"displayName":"開く/保存をブロックする"}],"valueName":"visio50andearlierfiles","inputType":"dropdownList","caption":"ファイル制限機能の設定:","id":"L_Visio50AndEarlierFilesDropID"}]},"name":"L_Visio50AndEarlierFiles","displayName":"Visio 5.0 以前のバイナリ図面、テンプレート、およびステンシル","explainText":"このポリシー設定では、このポリシー設定のタイトルに指定された形式の Visio ファイルをユーザーが開いたり保存したりできるようにするかどうかを指定できます。\n\nこのポリシー設定を有効にした場合、ユーザーがファイルを開いたり保存したりできるようにするかどうかを指定できます。\n\n以下のオプションのいずれかを選択できます。注意: 一部のオプションはこのポリシー設定に使用できない可能性があります。\n\n- ブロックしない: この種類のファイルはブロックされません。\n\n- 保存をブロックする: この種類のファイルの保存がブロックされます。\n\n- 開く/保存をブロックする: この種類のファイルを開く操作と保存する操作がブロックされます。\n\nこのポリシー設定を無効にするか、未構成にした場合、この種類のファイルはブロックされます。","tags":["L_FileBlockSettings","L_TrustCenter","L_Security","L_VisioOptions","L_MicrosoftVisio"],"application":"visio16","key":"software\\microsoft\\office\\16.0\\visio\\security\\fileblock"},{"parentCategory":{"ref":"L_MacroSecurity"},"supportedOn":{"ref":"windows:SUPPORTED_Windows7"},"enabledValue":{"string":"1"},"disabledValue":{"string":"0"},"name":"L_LoadMicrosoftVisualBasicforApplicationsprojectsf","displayName":"Microsoft Visual Basic for Applications プロジェクトをテキストから読み込む","explainText":"別のバージョンの Visio で作成された図面で VBA プロジェクトを使用したい場合は、このオプションを選択すると、ファイルが読み込まれるときに VBA プロジェクトがコンパイルされます。ただし、コンパイルされたプロジェクトは保存されません。","tags":["L_MacroSecurity","L_Security","L_VisioOptions","L_MicrosoftVisio"],"application":"visio16","key":"software\\microsoft\\office\\16.0\\visio\\application","valueName":"loadvbaprojectsfromtext"},{"parentCategory":{"ref":"L_MacroSecurity"},"supportedOn":{"ref":"windows:SUPPORTED_Windows7"},"enabledValue":{"string":"1"},"disabledValue":{"string":"0"},"name":"L_EnableMicrosoftVisualBasicforApplicationsproject","displayName":"Microsoft Visual Basic for Applications プロジェクトの作成を可能にする","explainText":"プロジェクトが含まれない図面を開く (または作成する) ときに、VBA プロジェクトを作成できるようにします。このチェック ボックスをオフにすると、プロジェクトが含まれない図面でマクロを作成することはできません。","tags":["L_MacroSecurity","L_Security","L_VisioOptions","L_MicrosoftVisio"],"application":"visio16","key":"software\\microsoft\\office\\16.0\\visio\\application","valueName":"createvbaprojects"},{"parentCategory":{"ref":"L_EditingOptions"},"supportedOn":{"ref":"windows:SUPPORTED_Windows7"},"enabledValue":{"string":"0"},"disabledValue":{"string":"1"},"name":"L_TurnOffTransitions","displayName":"遷移を無効にする","explainText":"このポリシー設定では、滑らかさのアニメーション効果である遷移を構成できます。\n\nこのポリシー設定を有効にした場合、遷移は無効になります。\n\nこのポリシー設定を無効にするか、または未構成にした場合、遷移は有効になります。","tags":["L_EditingOptions","L_Advanced","L_VisioOptions","L_MicrosoftVisio"],"application":"visio16","key":"software\\microsoft\\office\\16.0\\visio\\application","valueName":"transitionsenabled"},{"parentCategory":{"ref":"L_EditingOptions"},"supportedOn":{"ref":"windows:SUPPORTED_Windows7"},"enabledValue":{"string":"0"},"disabledValue":{"string":"1"},"name":"L_TurnOffSmartDeleteBehaviorOfConnectorsWhenDeletingShapes","displayName":"図形を削除するときのコネクタのスマート削除動作をオフにする","explainText":"このポリシー設定では、図形を削除するときのコネクタのスマート削除動作をオフにします。\n\nこのポリシー設定を有効にした場合、図形を削除したときにコネクタは削除されません。\n\nこのポリシー設定を無効にするか、または未構成にした場合、図形を削除したときにコネクタが削除されます。","tags":["L_EditingOptions","L_Advanced","L_VisioOptions","L_MicrosoftVisio"],"application":"visio16","key":"software\\microsoft\\office\\16.0\\visio\\application","valueName":"deleteconnectorsenabled"},{"parentCategory":{"ref":"L_EditingOptions"},"supportedOn":{"ref":"windows:SUPPORTED_Windows7"},"enabledValue":{"string":"0"},"disabledValue":{"string":"1"},"name":"L_TurnOffShapeSheetFormulaAutoComplete","displayName":"シェイプシート数式オートコンプリートをオフにする","explainText":"このポリシー設定では、シェイプシート数式オートコンプリートを構成できます。\n\nこのポリシー設定を有効にした場合、シェイプシート数式オートコンプリートはオフになります。\n\nこのポリシー設定を無効にするか、または未構成にした場合、シェイプシート数式オートコンプリートはオンになります。","tags":["L_EditingOptions","L_Advanced","L_VisioOptions","L_MicrosoftVisio"],"application":"visio16","key":"software\\microsoft\\office\\16.0\\visio\\application","valueName":"formulaautocomplete"},{"parentCategory":{"ref":"L_GeneralOptions"},"supportedOn":{"ref":"windows:SUPPORTED_Windows7"},"enabledValue":{"string":"1"},"disabledValue":{"string":"0"},"name":"L_OpeneachShapeSheetinthesamewindow","displayName":"各シェイプシートを同じウィンドウ内で開く","explainText":"シェイプシートを個別のウィンドウで開くのではなく、複数のシェイプシートを 1 つのウィンドウ内で開きます。","tags":["L_GeneralOptions","L_Advanced","L_VisioOptions","L_MicrosoftVisio"],"application":"visio16","key":"software\\microsoft\\office\\16.0\\visio\\document","valueName":"recycleshapesheetwindow"},{"parentCategory":{"ref":"L_GeneralOptions"},"supportedOn":{"ref":"windows:SUPPORTED_Windows7"},"enabledValue":{"string":"1"},"disabledValue":{"string":"0"},"name":"L_PutallsettingsinWindowsregistry","displayName":"すべての設定を Windows レジストリに入れる","explainText":"Windows レジストリに、アプリケーション設定を可能な限り追加します。既定では、レジストリ設定を単純な構成にしておくため、特定の設定 (ファイル パス、フィルターのインポートとエクスポート、最後に使用したファイルなど、既定以外の設定とその他少数の設定) のみが追加されます。","tags":["L_GeneralOptions","L_Advanced","L_VisioOptions","L_MicrosoftVisio"],"application":"visio16","key":"software\\microsoft\\office\\16.0\\visio\\application","valueName":"putallinregistry"},{"parentCategory":{"ref":"L_GeneralOptions"},"supportedOn":{"ref":"windows:SUPPORTED_Windows7"},"enabledValue":{"string":"1"},"disabledValue":{"string":"0"},"name":"L_EnableAutomationevents","displayName":"オートメーション イベントを使用可能にする","explainText":"Visio のイベントが、Visio のアドオンと VBA マクロに送信されるようになります。オフにすると、Visio のすべてのイベントが無効になります。また、オフにした場合は、オートメーション イベントを使用する Visio の図面で一部の機能が使用できなくなる場合があります。","tags":["L_GeneralOptions","L_Advanced","L_VisioOptions","L_MicrosoftVisio"],"application":"visio16","key":"software\\microsoft\\office\\16.0\\visio\\application","valueName":"eventsenabled"},{"parentCategory":{"ref":"L_FileLocations"},"supportedOn":{"ref":"windows:SUPPORTED_Windows7"},"elements":{"items":[{"valueName":"drawingspath","requiredSpecified":false,"expandableSpecified":false,"maxLength":2147483647,"maxLengthSpecified":false,"inputType":"textBox","caption":"図面:","id":"L_Drawingscolon"}]},"name":"L_Drawings","displayName":"図面","explainText":"図面が保存される追加の場所を表示します。ここで追加した場所が既定の保存場所になります。","tags":["L_FileLocations","L_Advanced","L_VisioOptions","L_MicrosoftVisio"],"application":"visio16","key":"software\\microsoft\\office\\16.0\\visio\\application"},{"parentCategory":{"ref":"L_FileLocations"},"supportedOn":{"ref":"windows:SUPPORTED_Windows7"},"elements":{"items":[{"valueName":"templatepath","requiredSpecified":false,"expandableSpecified":false,"maxLength":2147483647,"maxLengthSpecified":false,"inputType":"textBox","caption":"テンプレート:","id":"L_Templatescolon"}]},"name":"L_Templates","displayName":"テンプレート","explainText":"このポリシー設定では、追加のテンプレートの場所を指定できます。\n\nこのポリシー設定を有効にした場合、追加のテンプレートの場所を指定できます。この場所は、[ファイル] タブの [新規作成] 画面に表示されます。\n\nこのポリシー設定を無効にするか、または未構成にした場合、追加のテンプレートの場所は表示されません。","tags":["L_FileLocations","L_Advanced","L_VisioOptions","L_MicrosoftVisio"],"application":"visio16","key":"software\\microsoft\\office\\16.0\\visio\\application"},{"parentCategory":{"ref":"L_FileLocations"},"supportedOn":{"ref":"windows:SUPPORTED_Windows7"},"elements":{"items":[{"valueName":"stencilpath","requiredSpecified":false,"expandableSpecified":false,"maxLength":2147483647,"maxLengthSpecified":false,"inputType":"textBox","caption":"ステンシル:","id":"L_Stencilscolon"}]},"name":"L_Stencils","displayName":"ステンシル","explainText":"ステンシルが保存される追加の場所を表示します。ここで追加した場所内のステンシルは、[ファイル] メニューの [図形] コマンドに表示されます。","tags":["L_FileLocations","L_Advanced","L_VisioOptions","L_MicrosoftVisio"],"application":"visio16","key":"software\\microsoft\\office\\16.0\\visio\\application"},{"parentCategory":{"ref":"L_FileLocations"},"supportedOn":{"ref":"windows:SUPPORTED_Windows7"},"elements":{"items":[{"valueName":"helppath","requiredSpecified":false,"expandableSpecified":false,"maxLength":2147483647,"maxLengthSpecified":false,"inputType":"textBox","caption":"ヘルプ:","id":"L_Helpcolon"}]},"name":"L_Help","displayName":"ヘルプ","explainText":"ヘルプ ファイルが保存される追加の場所を表示します。","tags":["L_FileLocations","L_Advanced","L_VisioOptions","L_MicrosoftVisio"],"application":"visio16","key":"software\\microsoft\\office\\16.0\\visio\\application"},{"parentCategory":{"ref":"L_FileLocations"},"supportedOn":{"ref":"windows:SUPPORTED_Windows7"},"elements":{"items":[{"valueName":"addonspath","requiredSpecified":false,"expandableSpecified":false,"maxLength":2147483647,"maxLengthSpecified":false,"inputType":"textBox","caption":"アドオン:","id":"L_Addonscolon"}]},"name":"L_Addons","displayName":"アドオン","explainText":"マクロとアドオンが保存される追加の場所を表示します。","tags":["L_FileLocations","L_Advanced","L_VisioOptions","L_MicrosoftVisio"],"application":"visio16","key":"software\\microsoft\\office\\16.0\\visio\\application"},{"parentCategory":{"ref":"L_FileLocations"},"supportedOn":{"ref":"windows:SUPPORTED_Windows7"},"elements":{"items":[{"valueName":"startuppath","requiredSpecified":false,"expandableSpecified":false,"maxLength":2147483647,"maxLengthSpecified":false,"inputType":"textBox","caption":"スタートアップ:","id":"L_Startupcolon"}]},"name":"L_Startup","displayName":"スタートアップ","explainText":"Visio を起動したときに開くマクロとアドオンが保存される追加の場所を表示します。","tags":["L_FileLocations","L_Advanced","L_VisioOptions","L_MicrosoftVisio"],"application":"visio16","key":"software\\microsoft\\office\\16.0\\visio\\application"},{"parentCategory":{"ref":"L_FileLocations"},"supportedOn":{"ref":"windows:SUPPORTED_Windows7"},"elements":{"items":[{"valueName":"myshapespath","requiredSpecified":false,"expandableSpecified":false,"maxLength":2147483647,"maxLengthSpecified":false,"inputType":"textBox","caption":"個人用図形:","id":"L_MyShapescolon"}]},"name":"L_MyShapes","displayName":"個人用図形","explainText":"個人用図形フォルダーのパスを表示します。","tags":["L_FileLocations","L_Advanced","L_VisioOptions","L_MicrosoftVisio"],"application":"visio16","key":"software\\microsoft\\office\\16.0\\visio\\application"},{"parentCategory":{"ref":"L_FileLocations"},"supportedOn":{"ref":"windows:SUPPORTED_Windows7"},"elements":{"items":[{"valueName":"favoritesstencilname","requiredSpecified":false,"expandableSpecified":false,"maxLength":2147483647,"maxLengthSpecified":false,"inputType":"textBox","caption":"お気に入りのステンシルの名前:","id":"L_FavoritesStencilNamecolon"}]},"name":"L_FavoritesStencilName","displayName":"お気に入りのステンシルの名前","explainText":"個人用図形フォルダーに作成され、ユーザーのお気に入りの図形が含まれているステンシルの名前を表示します。","tags":["L_FileLocations","L_Advanced","L_VisioOptions","L_MicrosoftVisio"],"application":"visio16","key":"software\\microsoft\\office\\16.0\\visio\\application"},{"parentCategory":{"ref":"L_AutoCorrectOptions"},"supportedOn":{"ref":"windows:SUPPORTED_Windows7"},"enabledValue":{"decimal":{"value":1}},"disabledValue":{"decimal":{"value":0}},"name":"L_Straightquoteswithsmartquotes","displayName":"左右の区別がない引用符を、区別がある引用符に変更する","explainText":"対応する UI オプションをオンまたはオフにします。","tags":["L_AutoCorrectOptions","L_Proofing","L_VisioOptions","L_MicrosoftVisio"],"application":"visio16","key":"software\\microsoft\\office\\16.0\\visio\\autoformat as you type","valueName":"smartquotes"},{"parentCategory":{"ref":"L_AutoCorrectOptions"},"supportedOn":{"ref":"windows:SUPPORTED_Windows7"},"enabledValue":{"decimal":{"value":1}},"disabledValue":{"decimal":{"value":0}},"name":"L_Fractionswithfractioncharacter","displayName":"分数 (1/2, 1/4, 3/4) を分数文字 (組み文字) に変更する","explainText":"対応する UI オプションをオンまたはオフにします。","tags":["L_AutoCorrectOptions","L_Proofing","L_VisioOptions","L_MicrosoftVisio"],"application":"visio16","key":"software\\microsoft\\office\\16.0\\visio\\autoformat as you type","valueName":"fractions"},{"parentCategory":{"ref":"L_AutoCorrectOptions"},"supportedOn":{"ref":"windows:SUPPORTED_Windows7"},"enabledValue":{"decimal":{"value":1}},"disabledValue":{"decimal":{"value":0}},"name":"L_Ordinalswithsuperscript","displayName":"序数 (1st、2nd、3rd...) を上付き文字に変更する","explainText":"対応する UI オプションをオンまたはオフにします。","tags":["L_AutoCorrectOptions","L_Proofing","L_VisioOptions","L_MicrosoftVisio"],"application":"visio16","key":"software\\microsoft\\office\\16.0\\visio\\autoformat as you type","valueName":"ordinals"},{"parentCategory":{"ref":"L_AutoCorrectOptions"},"supportedOn":{"ref":"windows:SUPPORTED_Windows7"},"enabledValue":{"decimal":{"value":1}},"disabledValue":{"decimal":{"value":0}},"name":"L_Hyphenswithdash","displayName":"ハイフンをダッシュに変更する","explainText":"対応する UI オプションをオンまたはオフにします。","tags":["L_AutoCorrectOptions","L_Proofing","L_VisioOptions","L_MicrosoftVisio"],"application":"visio16","key":"software\\microsoft\\office\\16.0\\visio\\autoformat as you type","valueName":"dashes"},{"parentCategory":{"ref":"L_AutoCorrectOptions"},"supportedOn":{"ref":"windows:SUPPORTED_Windows7"},"enabledValue":{"decimal":{"value":1}},"disabledValue":{"decimal":{"value":0}},"name":"L_Smileyfacesandarrowswithspecialsymbols","displayName":":-) や ==> を特殊な記号に変更する","explainText":"対応する UI オプションをオンまたはオフにします。","tags":["L_AutoCorrectOptions","L_Proofing","L_VisioOptions","L_MicrosoftVisio"],"application":"visio16","key":"software\\microsoft\\office\\16.0\\visio\\autoformat as you type","valueName":"smileys"},{"parentCategory":{"ref":"L_Miscellaneous"},"supportedOn":{"ref":"windows:SUPPORTED_Windows7"},"elements":{"items":[{"valueName":"sendtoemailmsgstring","requiredSpecified":false,"expandableSpecified":false,"maxLength":2147483647,"maxLengthSpecified":false,"inputType":"textBox","caption":"[送信] コマンドの電子メール メッセージ","id":"L_emailmessageforsendtocommands101"}]},"name":"L_EmailmessageforSendtocommands","displayName":"[送信] コマンドの電子メール メッセージ","explainText":"[ファイル] メニューの [送信] コマンド内にあるコマンドです。","tags":["L_Miscellaneous","L_MicrosoftVisio"],"application":"visio16","key":"software\\microsoft\\office\\16.0\\visio\\application"},{"parentCategory":{"ref":"L_Display"},"supportedOn":{"ref":"windows:SUPPORTED_Windows7"},"elements":{"items":[{"valueName":"max display","minValue":0,"minValueSpecified":true,"maxValue":50,"maxValueSpecified":true,"inputType":"decimalTextBox","caption":"ファイルの数: ","id":"L_Numberofentries"}]},"name":"L_Recentlyusedfilelist","displayName":"最近使用した図面の一覧に表示する図面の数","explainText":"このポリシー設定では、Backstage ビューの [ファイル] タブで [開く] をクリックしたときに、最近使用した図面の一覧に表示される図面の数を指定します。\n\nこのポリシー設定を有効にした場合、図面の数を 0 ～ 50 の範囲で指定できます。この数値を 0 に設定した場合、固定した図面も固定していない図面も表示されません。\n\nこのポリシー設定を無効にするか、構成しない場合、最近使用した図面の一覧には最大 25 項目が表示されます。\n\n注意: 最近使用した図面の一覧に項目が追加されないようにするには、Windows の [最近使ったファイルの履歴を保存しない] ポリシー設定を有効にしてください。","tags":["L_Display","L_Advanced","L_VisioOptions","L_MicrosoftVisio"],"application":"visio16","key":"software\\microsoft\\office\\16.0\\visio\\file mru"},{"parentCategory":{"ref":"L_Display"},"supportedOn":{"ref":"windows:SUPPORTED_Windows7"},"elements":{"items":[{"valueName":"max display","minValue":0,"minValueSpecified":true,"maxValue":20,"maxValueSpecified":true,"inputType":"decimalTextBox","caption":"フォルダーの数:","id":"L_SetNumberOfPlacesInTheRecentPlacesListSpinID"}]},"name":"L_SetNumberOfPlacesInTheRecentPlacesList","displayName":"最近使用したフォルダーの一覧に表示するフォルダーの数","explainText":"このポリシー設定では、Backstage ビューの [ファイル] タブで [開く] または [名前を付けて保存] をクリックしたときに、最近使用したフォルダーの一覧に、固定していないフォルダーがいくつ表示されるかを指定します。\n\nこのポリシー設定を有効にした場合、固定していないフォルダーの数を 0 ～ 20 の範囲で指定できます。この数値を 0 に設定した場合、固定したフォルダーも固定していないフォルダーも表示されません。\n\nこのポリシー設定を無効にするか、構成しない場合、最近使用したフォルダーの一覧には固定していない項目が最大 5 個表示されます。\n\n注意: 最近使用したフォルダーの一覧に項目が追加されないようにするには、Windows の [最近使ったファイルの履歴を保存しない] ポリシー設定を有効にしてください。","tags":["L_Display","L_Advanced","L_VisioOptions","L_MicrosoftVisio"],"application":"visio16","key":"software\\microsoft\\office\\16.0\\visio\\place mru"},{"parentCategory":{"ref":"L_Miscellaneous"},"supportedOn":{"ref":"windows:SUPPORTED_Windows7"},"enabledValue":{"decimal":{"value":1}},"disabledValue":{"decimal":{"value":0}},"name":"L_DisableOfficeStartVisio","displayName":"Visio の Office スタート画面を無効にする","explainText":"このポリシー設定は、Visio の起動時に Office スタート画面を表示するかどうかを制御します。\n\nこのポリシー設定を有効にした場合、Visio の起動時に Office スタート画面は表示されません。\n\nこのポリシー設定を無効にするか、未構成にした場合、Visio の起動時に Office スタート画面が表示されます。\n\n注意: このポリシー設定は、[Microsoft Office 2016] > [その他] > [すべての Office アプリケーションの Office スタート画面を無効にする] ポリシー設定が適用されている場合は無効になります。","tags":["L_Miscellaneous","L_MicrosoftVisio"],"application":"visio16","key":"software\\microsoft\\office\\16.0\\visio\\application","valueName":"disableboottoofficestart"},{"parentCategory":{"ref":"L_Miscellaneous"},"supportedOn":{"ref":"windows:SUPPORTED_Windows7"},"elements":{"items":[{"valueName":"personaltemplates","requiredSpecified":false,"expandable":true,"expandableSpecified":true,"maxLength":2147483647,"maxLengthSpecified":false,"inputType":"textBox","caption":"個人用テンプレートのパス","id":"L_PersonalTemplatesPath"}]},"name":"L_PersonalTemplatesPath","displayName":"Visio の個人用テンプレートのパス","explainText":"このポリシー設定は、ユーザーの個人用テンプレートの場所を指定します。\n\nこのポリシー設定を有効にした場合、Office スタート画面と [ファイル] | [新規作成] のカスタム テンプレート タブで指定された場所に保存したすべてのテンプレートが表示され、テンプレートの保存時に既定のフォルダーが指定された場所に変更されます。\n\nこのポリシー設定を無効にしたか、構成しなかった場合、Office スタート画面と [ファイル] | [新規作成] のカスタム テンプレート タブで保存したテンプレートは表示されず、テンプレートの保存時に既定のフォルダーはそのドキュメントの保存場所になります。","tags":["L_Miscellaneous","L_MicrosoftVisio"],"application":"visio16","key":"software\\microsoft\\office\\16.0\\visio\\application"},{"parentCategory":{"ref":"L_Miscellaneous"},"supportedOn":{"ref":"windows:SUPPORTED_Windows7"},"elements":{"items":[{"item":[{"value":{"decimal":{"value":0}},"displayName":"お勧めのテンプレート"},{"value":{"decimal":{"value":2}},"displayName":"組み込み"},{"value":{"decimal":{"value":1}},"displayName":"ユーザー設定"}],"valueName":"officestartdefaulttab","inputType":"dropdownList","caption":"[既定] タブ","id":"L_DefaultBuiltInTab"}]},"name":"L_DefaultBuiltInTab","displayName":"Visio の Office スタート画面と [ファイル] | [新規] に表示される既定のタブ","explainText":"このポリシー設定では、Visio の Office スタート画面と [ファイル]、[新規作成] の順に選択した画面に表示される既定のタブを指定します。\n\nこのポリシー設定を有効にした場合、2 つのオプションのいずれかを選択して、Office スタート画面と [ファイル]、[新規作成] の順に選択した画面の既定のタブにすることができます。\n\n* [組み込み] – Visio の Office スタート画面と [ファイル]、[新規作成] の順に選択した画面に、組み込みテンプレートのタブが既定のタブとして表示されます。\n\n* [カスタム] – テンプレートが存在する場合は、Visio の Office スタート画面と [ファイル]、[新規作成] の順に選択した画面に、カスタム テンプレートのタブが既定のタブとして表示されます (これには、カスタム XML によりプログラムされたテンプレート、ワークグループ テンプレート パスのテンプレート、個人用テンプレート パスのテンプレート、SharePoint テンプレートが含まれます)。\n\nこのポリシー設定を無効にするか、未構成にした場合、Visio の Office スタート画面と [ファイル]、[新規作成] の順に選択した画面に、お勧めのテンプレート タブが既定のタブとして表示されます。","tags":["L_Miscellaneous","L_MicrosoftVisio"],"application":"visio16","key":"software\\microsoft\\office\\16.0\\visio\\application"},{"parentCategory":{"ref":"L_Proofing"},"supportedOn":{"ref":"windows:SUPPORTED_Windows7"},"enabledValue":{"decimal":{"value":1}},"disabledValue":{"decimal":{"value":0}},"name":"L_DisableVisioRnRPane","displayName":"Visio でリサーチと翻訳機能をオフにする","explainText":"\n このポリシー設定は、Visio でリサーチと翻訳の機能を表示するかどうかを制御します。\n\n このポリシー設定を有効にした場合、ユーザーには Visio のリサーチ機能と翻訳機能が表示されません。\n\n このポリシー設定を無効にした場合、または構成しなかった場合、ユーザーには Visio のリサーチ機能と翻訳機能が表示されます。\n\n 注: このポリシー設定は、Visio LTSC 2021 にのみ適用されます。\n      ","tags":["L_Proofing","L_VisioOptions","L_MicrosoftVisio"],"application":"visio16","key":"software\\microsoft\\office\\16.0\\visio\\application","valueName":"disablevisiornrpane"}]}