{"categories":[{"name":"L_MicrosoftOfficeaccess","displayName":"Access"},{"parentCategory":{"ref":"L_MicrosoftOfficeaccess"},"name":"L_ApplicationSettings","displayName":"Configurações de Aplicativo"},{"parentCategory":{"ref":"L_ApplicationSettings"},"name":"L_International","displayName":"Internacional"},{"parentCategory":{"ref":"L_ApplicationSettings"},"name":"L_WebOptions","displayName":"Opções da Web..."},{"parentCategory":{"ref":"L_WebOptions"},"name":"L_General","displayName":"Geral"},{"parentCategory":{"ref":"L_ApplicationSettings"},"name":"L_general5","displayName":"Geral"},{"parentCategory":{"ref":"L_ApplicationSettings"},"name":"L_Security","displayName":"Segurança"},{"parentCategory":{"ref":"L_Security"},"name":"L_Cryptography","displayName":"Criptografia"},{"parentCategory":{"ref":"L_Security"},"name":"L_TrustCenter","displayName":"Central de Confiabilidade"},{"parentCategory":{"ref":"L_TrustCenter"},"name":"L_TrustedLocations","displayName":"Locais Confiáveis"},{"parentCategory":{"ref":"L_MicrosoftOfficeaccess"},"name":"L_Customizableerrormessages","displayName":"Mensagens de Erro Personalizáveis"},{"parentCategory":{"ref":"L_MicrosoftOfficeaccess"},"name":"L_Disableitemsinuserinterface","displayName":"Desabilitar Itens na Interface do Usuário"},{"parentCategory":{"ref":"L_Disableitemsinuserinterface"},"name":"L_Custom","displayName":"Personalizado"},{"parentCategory":{"ref":"L_MicrosoftOfficeaccess"},"name":"L_Miscellaneous","displayName":"Diversos"}],"policies":[{"parentCategory":{"ref":"L_International"},"supportedOn":{"ref":"windows:SUPPORTED_Windows7"},"elements":{"items":[{"item":[{"value":{"decimal":{"value":0}},"displayName":"Da Esquerda para a Direita"},{"value":{"decimal":{"value":1}},"displayName":"Da direita para a esquerda"}],"valueName":"new tables/queries/forms/reports","inputType":"dropdownList","caption":"Direção padrão","id":"L_defaultdirection0"}]},"name":"L_Defaultdirection","displayName":"Direção padrão","explainText":"Especifica a direção do texto padrão da esquerda para a direita.","tags":["L_International","L_ApplicationSettings","L_MicrosoftOfficeaccess"],"application":"access16","key":"software\\microsoft\\office\\16.0\\access\\settings"},{"parentCategory":{"ref":"L_International"},"supportedOn":{"ref":"windows:SUPPORTED_Windows7"},"elements":{"items":[{"item":[{"value":{"decimal":{"value":0}},"displayName":"Modo da interface"},{"value":{"decimal":{"value":1}},"displayName":"Modo de texto"}],"valueName":"general alignment","inputType":"dropdownList","caption":"Alinhamento Geral","id":"L_generalalignment1"}]},"name":"L_GeneralAlignment","displayName":"Alinhamento Geral","explainText":"Especifica o alinhamento de texto padrão.","tags":["L_International","L_ApplicationSettings","L_MicrosoftOfficeaccess"],"application":"access16","key":"software\\microsoft\\office\\16.0\\access\\settings"},{"parentCategory":{"ref":"L_International"},"supportedOn":{"ref":"windows:SUPPORTED_Windows7"},"elements":{"items":[{"item":[{"value":{"decimal":{"value":0}},"displayName":"Lógico"},{"value":{"decimal":{"value":1}},"displayName":"Visual"}],"valueName":"cursor","inputType":"dropdownList","caption":"Movimento do cursor","id":"L_cursormovement2"}]},"name":"L_Cursormovement","displayName":"Movimento do cursor","explainText":"Especifica o modo de movimentação padrão do cursor.","tags":["L_International","L_ApplicationSettings","L_MicrosoftOfficeaccess"],"application":"access16","key":"software\\microsoft\\office\\16.0\\access\\settings"},{"parentCategory":{"ref":"L_General"},"supportedOn":{"ref":"windows:SUPPORTED_Windows7"},"elements":{"items":[{"item":[{"value":{"decimal":{"value":0}},"displayName":"Preto"},{"value":{"decimal":{"value":1}},"displayName":"Bordô"},{"value":{"decimal":{"value":2}},"displayName":"Verde"},{"value":{"decimal":{"value":3}},"displayName":"Verde-oliva"},{"value":{"decimal":{"value":4}},"displayName":"Azul-escuro"},{"value":{"decimal":{"value":5}},"displayName":"Violeta"},{"value":{"decimal":{"value":6}},"displayName":"Azul-petróleo"},{"value":{"decimal":{"value":7}},"displayName":"Cinza"},{"value":{"decimal":{"value":8}},"displayName":"Prata"},{"value":{"decimal":{"value":9}},"displayName":"Vermelho"},{"value":{"decimal":{"value":10}},"displayName":"Verde-claro"},{"value":{"decimal":{"value":11}},"displayName":"Amarelo"},{"value":{"decimal":{"value":12}},"displayName":"Azul"},{"value":{"decimal":{"value":13}},"displayName":"Fúcsia"},{"value":{"decimal":{"value":14}},"displayName":"Azul-piscina"},{"value":{"decimal":{"value":15}},"displayName":"Branco"}],"valueName":"hyperlinkcolor","inputType":"dropdownList","caption":"Cor do hiperlink","id":"L_hyperlinkcolor3"}]},"name":"L_Hyperlinkcolor","displayName":"Cor do hiperlink","explainText":"Especifica a cor do texto de hiperlink padrão.","tags":["L_General","L_WebOptions","L_ApplicationSettings","L_MicrosoftOfficeaccess"],"application":"access16","key":"software\\microsoft\\office\\16.0\\access\\internet"},{"parentCategory":{"ref":"L_General"},"supportedOn":{"ref":"windows:SUPPORTED_Windows7"},"elements":{"items":[{"item":[{"value":{"decimal":{"value":0}},"displayName":"Preto"},{"value":{"decimal":{"value":1}},"displayName":"Bordô"},{"value":{"decimal":{"value":2}},"displayName":"Verde"},{"value":{"decimal":{"value":3}},"displayName":"Verde-oliva"},{"value":{"decimal":{"value":4}},"displayName":"Azul-escuro"},{"value":{"decimal":{"value":5}},"displayName":"Violeta"},{"value":{"decimal":{"value":6}},"displayName":"Azul-petróleo"},{"value":{"decimal":{"value":7}},"displayName":"Cinza"},{"value":{"decimal":{"value":8}},"displayName":"Prata"},{"value":{"decimal":{"value":9}},"displayName":"Vermelho"},{"value":{"decimal":{"value":10}},"displayName":"Verde-claro"},{"value":{"decimal":{"value":11}},"displayName":"Amarelo"},{"value":{"decimal":{"value":12}},"displayName":"Azul"},{"value":{"decimal":{"value":13}},"displayName":"Fúcsia"},{"value":{"decimal":{"value":14}},"displayName":"Azul-piscina"},{"value":{"decimal":{"value":15}},"displayName":"Branco"}],"valueName":"followedhyperlinkcolor","inputType":"dropdownList","caption":"Cor do hiperlink visitado","id":"L_followedhyperlinkcolor4"}]},"name":"L_Followedhyperlinkcolor","displayName":"Cor do hiperlink visitado","explainText":"Especifica a cor de texto padrão dos hiperlinks visitados.","tags":["L_General","L_WebOptions","L_ApplicationSettings","L_MicrosoftOfficeaccess"],"application":"access16","key":"software\\microsoft\\office\\16.0\\access\\internet"},{"parentCategory":{"ref":"L_General"},"supportedOn":{"ref":"windows:SUPPORTED_Windows7"},"enabledValue":{"decimal":{"value":0}},"disabledValue":{"decimal":{"value":1}},"name":"L_Underlinehyperlinks","displayName":"Sublinhar hiperlinks","explainText":"Esta configuração de política controla se os hiperlinks nas tabelas, consultas, formulários e relatórios do Access são ou não sublinhados. \n   \nSe você habilitar essa configuração de política, o Access sublinhará todos os hiperlinks nas tabelas, consultas, formulários e relatórios quando eles forem criados, substituindo todas as alterações de configuração nos computadores dos usuários. \n   \nSe você desabilitar essa configuração de política, o Access não sublinhará os hiperlinks nas tabelas, consultas, formulários e relatórios. \n   \nSe você não definir essa configuração de política, o Access sublinhará os hiperlinks que aparecem em tabelas, consultas, formulários e relatórios. \n   \nHabilitar essa configuração de política impõe a configuração padrão no Access e, portanto, é improvável que cause um problema significativo na capacidade de utilização para a maioria dos usuários. Se essa configuração for alterada, os usuários poderão clicar em hiperlinks perigosos sem perceber, o que pode colocar a segurança em risco.","tags":["L_General","L_WebOptions","L_ApplicationSettings","L_MicrosoftOfficeaccess"],"application":"access16","key":"software\\microsoft\\office\\16.0\\access\\internet","valueName":"donotunderlinehyperlinks"},{"parentCategory":{"ref":"L_general5"},"supportedOn":{"ref":"windows:SUPPORTED_Windows7"},"elements":{"items":[{"valueName":"max display","minValue":0,"minValueSpecified":true,"maxValue":50,"maxValueSpecified":true,"inputType":"decimalTextBox","caption":"Número de entradas: ","id":"L_Numberofentries"}]},"name":"L_Recentlyusedfilelist","displayName":"Número de arquivos na lista Recentes","explainText":"Esta configuração de política especifica o número de entradas exibidas na lista Recentes que aparece quando os usuários clicam em Abrir na guia Arquivo no modo de exibição Backstage.  \n\nSe você habilitar esta configuração de política, poderá especificar o número de entradas entre 0 e 50. Se você definir o número como 0, todas as entradas fixadas e desafixadas entradas serão ocultas.\n\nSe você desabilitar ou não definir esta configuração de política, um máximo de 25 itens será exibido na lista Recentes.\n\nObservação: se quiser impedir totalmente que itens sejam adicionados à lista Recentes, habilite a configuração de política do Windows \"Não manter histórico de documentos abertos recentemente\".","tags":["L_general5","L_ApplicationSettings","L_MicrosoftOfficeaccess"],"application":"access16","key":"software\\microsoft\\office\\16.0\\access\\file mru"},{"parentCategory":{"ref":"L_general5"},"supportedOn":{"ref":"windows:SUPPORTED_Windows7"},"elements":{"items":[{"valueName":"max display","minValue":0,"minValueSpecified":true,"maxValue":20,"maxValueSpecified":true,"inputType":"decimalTextBox","caption":"Número de pastas: ","id":"L_SetNumberOfPlacesInTheRecentPlacesListSpinID"}]},"name":"L_SetNumberOfPlacesInTheRecentPlacesList","displayName":"Número de pastas na lista de Pastas Recentes","explainText":"Essa configuração de política especifica o número de entradas desafixadas exibidas na lista de Pastas Recentes que aparece quando os usuários clicam em Abrir ou Salvar como na guia Arquivo do modo de exibição Backstage.\n\nSe você habilitar essa configuração de política, poderá especificar o número de entradas desafixadas entre 0 e 20. Se definir o número como 0, todas as entradas fixadas e desafixadas serão ocultas.\n\nSe você desabilitar ou não definir essa configuração de política, um máximo de 5 itens desafixados serão exibidos na lista de Pastas Recentes.\n\nObservação: se quiser evitar totalmente que itens sejam adicionados à lista de Pastas Recentes, habilite a configuração de política do Windows “Não manter histórico de documentos abertos recentemente”.","tags":["L_general5","L_ApplicationSettings","L_MicrosoftOfficeaccess"],"application":"access16","key":"software\\microsoft\\office\\16.0\\access\\place mru"},{"parentCategory":{"ref":"L_general5"},"supportedOn":{"ref":"windows:SUPPORTED_Windows7"},"elements":{"items":[{"valueName":"default database directory","requiredSpecified":false,"expandableSpecified":false,"maxLength":2147483647,"maxLengthSpecified":false,"inputType":"textBox","caption":"Pasta do banco de dados padrão","id":"L_defaultdatabasefolder6"}]},"name":"L_Defaultdatabasefolder","displayName":"Pasta do banco de dados padrão","explainText":"Especifica a pasta de trabalho padrão.","tags":["L_general5","L_ApplicationSettings","L_MicrosoftOfficeaccess"],"application":"access16","key":"software\\microsoft\\office\\16.0\\access\\settings"},{"parentCategory":{"ref":"L_Cryptography"},"supportedOn":{"ref":"windows:SUPPORTED_Windows7"},"elements":{"items":[{"valueName":"cipheralgorithm","required":true,"requiredSpecified":true,"expandableSpecified":false,"maxLength":2147483647,"maxLengthSpecified":false,"inputType":"textBox","caption":"Algoritmo de criptografia CNG:","id":"L_SetCNGCipherAlgorithmID"}]},"name":"L_SetCNGCipherAlgorithm","displayName":"Definir algoritmo de criptografia CNG","explainText":"Essa configuração de política permite definir o algoritmo de criptografia CNG usado.\n\nSe você habilitar essa configuração de política, a criptografia fornecida será usada se for um algoritmo com suporte.\n\nSe você desabilitar ou não definir essa configuração de política, o AES será usado.","tags":["L_Cryptography","L_Security","L_ApplicationSettings","L_MicrosoftOfficeaccess"],"application":"access16","key":"software\\microsoft\\office\\16.0\\access\\security\\crypto"},{"parentCategory":{"ref":"L_Cryptography"},"supportedOn":{"ref":"windows:SUPPORTED_Windows7"},"elements":{"items":[{"item":[{"value":{"string":"ChainingModeCBC"},"displayName":"CBC (Encadeamento de Blocos de Criptografia)"},{"value":{"string":"ChainingModeCFB"},"displayName":"CFB (Comentário de Criptografia)"}],"valueName":"cipherchaining","inputType":"dropdownList","id":"L_ConfigureCNGCipherChainingModeDropID"}]},"name":"L_ConfigureCNGCipherChainingMode","displayName":"Configurar modo de encadeamento de criptografia CNG","explainText":"Essa configuração de política permite definir o modo de encadeamento de criptografia usado.\n\nSe você habilitar essa configuração de política, o modo de encadeamento de criptografia especificado será aplicado.\n\nSe você desabilitar ou não definir essa configuração de política, o CBC (Encadeamento de Blocos de Criptografia) será o modo de encadeamento CNG padrão usado.","tags":["L_Cryptography","L_Security","L_ApplicationSettings","L_MicrosoftOfficeaccess"],"application":"access16","key":"software\\microsoft\\office\\16.0\\access\\security\\crypto"},{"parentCategory":{"ref":"L_Cryptography"},"supportedOn":{"ref":"windows:SUPPORTED_Windows7"},"elements":{"items":[{"valueName":"cipherkeybits","minValue":0,"minValueSpecified":true,"maxValue":1000000,"maxValueSpecified":true,"inputType":"decimalTextBox","caption":"Comprimento da chave de criptografia","id":"L_SetCNGCipherKeyLengthSpinID"}]},"name":"L_SetCNGCipherKeyLength","displayName":"Definir comprimento da chave de criptografia CNG","explainText":"Essa configuração de política permite definir o número de bits a ser usado ao criar a chave de criptografia.  Esse número será\narredondado para um múltiplo de 8.\n\nSe você habilitar essa configuração de política, os bits de chave especificados serão usados.\n\nSe você desabilitar ou não definir essa configuração de política, o valor padrão será usado.","tags":["L_Cryptography","L_Security","L_ApplicationSettings","L_MicrosoftOfficeaccess"],"application":"access16","key":"software\\microsoft\\office\\16.0\\access\\security\\crypto"},{"parentCategory":{"ref":"L_Cryptography"},"supportedOn":{"ref":"windows:SUPPORTED_Windows7"},"elements":{"items":[{"item":[{"value":{"decimal":{"value":0}},"displayName":"Usar formato legado"},{"value":{"decimal":{"value":1}},"displayName":"Usar formato de próxima geração"},{"value":{"decimal":{"value":2}},"displayName":"Arquivos salvos no formato de próx. geração"}],"valueName":"compatmode","inputType":"dropdownList","id":"L_SpecifyEncryptionCompatibilityDropID"}]},"name":"L_SpecifyEncryptionCompatibility","displayName":"Especificar compatibilidade de criptografia","explainText":"Essa configuração de política permite especificar a compatibilidade do banco de dados criptografado.\n\nSe você habilitar essa configuração de política, o formato de compatibilidade especificado será aplicado durante a criptografia para\nnovos arquivos\n- Usar formato legado\n- Usar formato de próxima geração\n- Todos os arquivos salvos com o formato de próxima geração\n\nSe você desabilitar ou não definir essa configuração de política, a configuração padrão, \"Usar formato de próxima geração\", será\naplicada.","tags":["L_Cryptography","L_Security","L_ApplicationSettings","L_MicrosoftOfficeaccess"],"application":"access16","key":"software\\microsoft\\office\\16.0\\access\\security\\crypto"},{"parentCategory":{"ref":"L_Cryptography"},"supportedOn":{"ref":"windows:SUPPORTED_Windows7"},"elements":{"items":[{"valueName":"context","required":true,"requiredSpecified":true,"expandableSpecified":false,"maxLength":2147483647,"maxLengthSpecified":false,"inputType":"textBox","caption":"Parâmetros","id":"L_SetParametersForCNGContextID"}]},"name":"L_SetParametersForCNGContext","displayName":"Definir parâmetros para o contexto CNG","explainText":"Essa configuração de política permite especificar os parâmetros de criptografia que devem ser usados para o contexto CNG. \n\nSe você habilitar essa configuração de política, os parâmetros especificados serão transmitidos ao contexto CNG.\n\nSe você desabilitar ou não definir essa configuração de política, os valores CNG padrão serão usados.","tags":["L_Cryptography","L_Security","L_ApplicationSettings","L_MicrosoftOfficeaccess"],"application":"access16","key":"software\\microsoft\\office\\16.0\\access\\security\\crypto"},{"parentCategory":{"ref":"L_Cryptography"},"supportedOn":{"ref":"windows:SUPPORTED_Windows7"},"elements":{"items":[{"item":[{"value":{"string":"SHA1"},"displayName":"SHA1"},{"value":{"string":"SHA256"},"displayName":"SHA256"},{"value":{"string":"SHA384"},"displayName":"SHA384"},{"value":{"string":"SHA512"},"displayName":"SHA512"}],"valueName":"hashalgorithm","inputType":"dropdownList","id":"L_SpecifyCNGHashAlgorithmDropID"}]},"name":"L_SpecifyCNGHashAlgorithm","displayName":"Especificar algoritmo de hash CNG","explainText":"Essa configuração de política permite especificar o algoritmo de hash usado.\n\nSe você habilitar essa configuração de política, o algoritmo de hash selecionado será usado pelo CNG.\n\nSe você desabilitar ou não definir essa configuração de política, o algoritmo de hash CNG padrão será usado.","tags":["L_Cryptography","L_Security","L_ApplicationSettings","L_MicrosoftOfficeaccess"],"application":"access16","key":"software\\microsoft\\office\\16.0\\access\\security\\crypto"},{"parentCategory":{"ref":"L_Cryptography"},"supportedOn":{"ref":"windows:SUPPORTED_Windows7"},"elements":{"items":[{"valueName":"passwordspincount","minValue":0,"minValueSpecified":true,"maxValue":10000000,"maxValueSpecified":true,"inputType":"decimalTextBox","id":"L_SetCNGPasswordSpinCountSpinID"}]},"name":"L_SetCNGPasswordSpinCount","displayName":"Definir contagem de rotação de senha CNG","explainText":"Essa configuração de política permite especificar o número de rotações (nova operação de hash) do verificador de senha.\n\nSe você habilitar essa configuração de política, o número especificado será o número de vezes que a senha passará por uma nova\noperação de hash.\n\nSe você desabilitar ou não definir essa configuração de política, o padrão (100000) será usado.","tags":["L_Cryptography","L_Security","L_ApplicationSettings","L_MicrosoftOfficeaccess"],"application":"access16","key":"software\\microsoft\\office\\16.0\\access\\security\\crypto"},{"parentCategory":{"ref":"L_Cryptography"},"supportedOn":{"ref":"windows:SUPPORTED_Windows7"},"elements":{"items":[{"valueName":"rngalgorithm","required":true,"requiredSpecified":true,"expandableSpecified":false,"maxLength":2147483647,"maxLengthSpecified":false,"inputType":"textBox","caption":"Gerador de números aleatórios:","id":"L_SpecifyCNGRandomNumberGeneratorAlgorithmID"}]},"name":"L_SpecifyCNGRandomNumberGeneratorAlgorithm","displayName":"Especificar algoritmo gerador de números aleatórios CNG","explainText":"Essa configuração de política permite definir o gerador de números aleatórios CNG a ser usado.\n\nSe você habilitar essa configuração de política, o gerador de números aleatórios especificado será usado.\n\nSe você desabilitar ou não definir essa configuração de política, o gerador de números aleatórios padrão será usado.","tags":["L_Cryptography","L_Security","L_ApplicationSettings","L_MicrosoftOfficeaccess"],"application":"access16","key":"software\\microsoft\\office\\16.0\\access\\security\\crypto"},{"parentCategory":{"ref":"L_Cryptography"},"supportedOn":{"ref":"windows:SUPPORTED_Windows7"},"elements":{"items":[{"valueName":"saltbytes","minValue":0,"minValueSpecified":true,"maxValue":5000,"maxValueSpecified":true,"inputType":"decimalTextBox","caption":"Número de bytes","id":"L_SpecifyCNGSaltLengthSpinID"}]},"name":"L_SpecifyCNGSaltLength","displayName":"Especificar comprimento de salt CNG","explainText":"Essa configuração de política permite especificar o número de bytes de salt que deve ser usado.\n\nSe você habilitar essa configuração de política, os bytes especificados serão usados.\n\nSe você desabilitar ou não definir essa configuração de política, o comprimento padrão ou 16 será usado.","tags":["L_Cryptography","L_Security","L_ApplicationSettings","L_MicrosoftOfficeaccess"],"application":"access16","key":"software\\microsoft\\office\\16.0\\access\\security\\crypto"},{"parentCategory":{"ref":"L_TrustCenter"},"supportedOn":{"ref":"windows:SUPPORTED_Windows7"},"elements":{"items":[{"valueName":"maxtrusteddocuments","minValue":0,"minValueSpecified":true,"maxValue":20000,"maxValueSpecified":true,"inputType":"decimalTextBox","caption":"Número máximo:","id":"L_SetMaximumNumberOfTrustedDocumentsSpinID"}]},"name":"L_SetMaximumNumberOfTrustedDocuments","displayName":"Definir número máximo de documentos confiáveis","explainText":"Essa configuração de política permite especificar o número máximo de registros de confiança para documentos confiáveis que podem ser armazenados no registro antes da execução da tarefa de limpeza. A tarefa de limpeza reduz o número de documentos confiáveis armazenados no registro para o valor definido pela configuração de política \"Definir número máximo de registros de confiança a serem preservados\".\n\nSe você habilitar essa configuração de política, poderá especificar o número máximo de registros de confiança a serem armazenados no registro antes da execução da tarefa de limpeza, com um limite superior de 20000 documentos. Por motivos de desempenho, não convém definir essa configuração de política como o limite superior.\n\nSe você desabilitar ou não definir essa configuração de política, o valor padrão de 500 será usado para o número máximo de documentos confiáveis que podem ser armazenados no registro antes da execução da tarefa de limpeza.","tags":["L_TrustCenter","L_Security","L_ApplicationSettings","L_MicrosoftOfficeaccess"],"application":"access16","key":"software\\microsoft\\office\\16.0\\access\\security\\trusted documents"},{"parentCategory":{"ref":"L_TrustCenter"},"supportedOn":{"ref":"windows:SUPPORTED_Windows7"},"elements":{"items":[{"valueName":"maxpreservetrusteddocuments","minValue":0,"minValueSpecified":true,"maxValue":20000,"maxValueSpecified":true,"inputType":"decimalTextBox","caption":"Máximo a ser preservado:","id":"L_SetMaximumNumberOfTrustRecordsToPreserveSpinID"}]},"name":"L_SetMaximumNumberOfTrustRecordsToPreserve","displayName":"Definir número máximo de registros de confiança a serem preservados","explainText":"Essa configuração de política permite especificar o número máximo de registros de confiança a serem preservados quando a tarefa\nde limpeza detectar que esse aplicativo confiou em mais do que o número de documentos confiáveis definidos pela configuração de\npolítica \"Definir número máximo de documentos confiáveis\".\n\nSe você habilitar essa configuração de política, poderá especificar o número máximo de registros de confiança a serem preservados,\ncom um limite superior de 20000. Por motivos de desempenho, não convém defini-lo como o limite superior.\n\nSe você desabilitar ou não definir essa configuração de política, o valor padrão de 400 será usado.","tags":["L_TrustCenter","L_Security","L_ApplicationSettings","L_MicrosoftOfficeaccess"],"application":"access16","key":"software\\microsoft\\office\\16.0\\access\\security\\trusted documents"},{"parentCategory":{"ref":"L_TrustCenter"},"supportedOn":{"ref":"windows:SUPPORTED_Windows7"},"elements":{"items":[{"item":[{"value":{"decimal":{"value":2}},"displayName":"Desabilitar tudo com notificação"},{"value":{"decimal":{"value":3}},"displayName":"Desabilitar tudo, exceto macros digitalmente assinadas"},{"value":{"decimal":{"value":4}},"displayName":"Desabilitar tudo sem notificação"},{"value":{"decimal":{"value":1}},"displayName":"Habilitar todas as macros (não recomendado)"}],"valueName":"vbawarnings","inputType":"dropdownList","id":"L_Empty"},{"trueValue":{"decimal":{"value":1}},"falseValue":{"decimal":{"value":0}},"valueName":"vbadigsigtrustedpublishers","key":"software\\microsoft\\office\\16.0\\access\\security","inputType":"checkBox","caption":"Exigir que as macros sejam assinadas por um fornecedor confiável","id":"L_VBADigSigTrustedPublishersStr"},{"trueValue":{"decimal":{"value":1}},"falseValue":{"decimal":{"value":0}},"valueName":"vbarequirelmtrustedpublisher","key":"software\\microsoft\\office\\16.0\\access\\security","inputType":"checkBox","caption":"Bloquear certificados de fornecedores confiáveis que são instalados apenas no repositório de certificados do usuário atual","id":"L_VBAOnlyAllowLMTrustedPublisherStr"},{"trueValue":{"decimal":{"value":1}},"falseValue":{"decimal":{"value":0}},"valueName":"vbarequiredigsigwithcodesigningeku","key":"software\\microsoft\\office\\16.0\\access\\security","inputType":"checkBox","caption":"Exigir Uso Estendido de Chave (EKU) para certificados de fornecedores confiáveis","id":"L_VBAOnlyAllowDigSigWithCodeSigningEKUStr"}]},"name":"L_VBAWarningsPolicy","displayName":"Configurações de Notificação para Macros VBA","explainText":"Essa configuração de política controla como os aplicativos especificados avisam os usuários quando as macros do VBA (Visual Basic for Applications) estão presentes.\n\nSe você habilitar essa configuração de política, poderá escolher entre quatro opções para determinar como os aplicativos especificados avisarão o usuário sobre macros:\n \n- Desabilitar tudo com notificação: O aplicativo exibe a Barra de Confiabilidade para todas as macros, assinadas ou não. Esta opção impõe a configuração padrão no Office.\n \n- Desabilitar todas, exceto macros assinadas digitalmente: o aplicativo exibe a Barra de Confiabilidade para macros assinadas digitalmente, permitindo que os usuários as habilitem ou deixem desabilitadas. Todas as macros não assinadas são desativadas e os usuários não são notificados.\n \n- Desabilitar tudo sem notificação: o aplicativo desabilita todas as macros, assinadas ou não, e não notifica os usuários.\n \n- Habilitar todas as macros (não recomendado): todas as macros estão habilitadas, assinadas ou não. Essa opção pode reduzir significativamente a segurança, permitindo que códigos perigosos sejam executados sem serem detectados.\n \nSe você desabilitar essa configuração de política, \"Desabilitar tudo com notificação\" será a configuração padrão.\n \nSe você não definir essa configuração de política, quando os usuários abrirem arquivos nos aplicativos especificados que contêm macros VBA, os aplicativos abrirão os arquivos com as macros desabilitadas e exibirão a Barra de Confiabilidade com um aviso de que as macros estão presentes e foram desabilitadas. Os usuários podem inspecionar e editar os arquivos, se apropriado, mas não podem usar nenhuma funcionalidade desabilitada até que a habilitem clicando em \"Habilitar conteúdo\" na Barra de Confiabilidade. Se o usuário clicar em \"Ativar conteúdo\", o documento será adicionado como um documento confiável.\n \nSe você selecionar \"Desabilitar todas, exceto macros assinadas digitalmente\", recomendamos que você também marque a caixa de seleção \"Exigir que as macros sejam assinadas por um editor confiável\" para ajudar a melhorar a segurança.\n\nSe você marcar a caixa de seleção \"Exigir que as macros sejam assinadas por uma fonte confiável\", os usuários que abrirem arquivos com macros assinadas digitalmente, mas não por uma Fonte Confiável, receberão uma notificação de que as macros estão bloqueadas para execução. E há duas caixas de seleção adicionais que recomendamos que você selecione para ajudar a melhorar a segurança.\n\n- Bloquear certificados de editores confiáveis que estão instalados no armazenamento de certificados do usuário atual\n\n- Exigir o EKU (Uso Estendido de Chave) para certificados de fontes confiáveis\n\nObservação: essas duas caixas de seleção só se aplicam se você tiver selecionado a caixa de seleção \"Exigir que as macros sejam assinadas por um editor confiável\".\n\nObservação: todas as três caixas de seleção se aplicam apenas à Versão 2012 e posterior do Office e do Visio. Eles não se aplicam ao Office 2016 ou Office 2019.\n\nSe você marcar a caixa de seleção \"Bloquear certificados de fontes confiáveis instalados no repositório de certificados do computador local\", as macros não serão executadas se o certificado da fonte confiável estiver instalado no repositório de certificados do usuário atual. O certificado deve ser instalado no armazenamento de certificados do computador local para que a macro seja executada. Somente contas com acesso de administrador ao computador podem instalar um certificado no armazenamento de certificados do computador local.\n\nSe você marcar a caixa de seleção \"Exigir o EKU (Uso Estendido de Chave) para certificados de editores confiáveis\", o EKU deverá incluir \"Assinatura de código\" como um dos usos do certificado.\n\nImportante: Se \"Desabilitar todas as macros, exceto as assinadas digitalmente\", estiver selecionado, os usuários não poderão abrir bancos de dados do Access não assinados.\n \nAlém disso, observe que o Microsoft Office armazena certificados para editores confiáveis no repositório de editores confiáveis do Internet Explorer. Versões anteriores do Microsoft Office armazenavam informações de certificado de fonte confiável (especificamente, a impressão digital do certificado) em um repositório especial de fonte confiável do Office. O Microsoft Office ainda lê as informações de certificado de fonte confiável do repositório de fonte confiável do Office, mas não grava informações nesse repositório.\n \nPortanto, se você criou uma lista de fontes confiáveis em uma versão anterior do Microsoft Office e atualizar para o Office, sua lista de editores confiáveis ainda será reconhecida. No entanto, quaisquer certificados de fonte confiável que você adicionar à lista serão armazenados no repositório de fonte confiável do Internet Explorer.","tags":["L_TrustCenter","L_Security","L_ApplicationSettings","L_MicrosoftOfficeaccess"],"application":"access16","key":"software\\microsoft\\office\\16.0\\access\\security"},{"parentCategory":{"ref":"L_TrustCenter"},"supportedOn":{"ref":"windows:SUPPORTED_Windows7"},"enabledValue":{"decimal":{"value":1}},"disabledValue":{"decimal":{"value":0}},"name":"L_BlockMacroExecutionFromInternet","displayName":"Impedir que macros sejam executadas em arquivos do Office da Internet","explainText":"\n        Essa configuração de política permite que você bloqueie a execução de macros em arquivos do Office provenientes da Internet.\n\n        Se você habilitar essa configuração de política, a execução das macros será bloqueada, mesmo se \"Ativar todas as macros\" estiver selecionado na seção Configurações de macro da Central de Confiabilidade. Os usuários receberão uma notificação de que as macros estão bloqueadas para execução.\n\n        As exceções em que as macros poderão ser executadas são:\n        - O arquivo do Office é salvo em um local confiável.\n        - O arquivo do Office era confiável anteriormente pelo usuário.\n        - As macros são assinadas digitalmente e o certificado de Fornecedor Confiável correspondente está instalado no dispositivo.\n\n        Se você desabilitar essa configuração de política, as configurações definidas na seção Configurações de Macro da Central de Confiabilidade determinarão se as macros são executadas em arquivos do Office provenientes da Internet.\n\n        Se você não definir essa configuração de política, a execução das macros será bloqueada. Os usuários receberão uma notificação informando sobre os riscos de segurança das macros da Internet, juntamente com um link para saber mais.\n\n        Para mais informações, confira https://go.microsoft.com/fwlink/p/?linkid=2185771.\n      ","tags":["L_TrustCenter","L_Security","L_ApplicationSettings","L_MicrosoftOfficeaccess"],"application":"access16","key":"software\\microsoft\\office\\16.0\\access\\security","valueName":"blockcontentexecutionfrominternet"},{"parentCategory":{"ref":"L_TrustCenter"},"supportedOn":{"ref":"windows:SUPPORTED_Windows7"},"enabledValue":{"decimal":{"value":1}},"disabledValue":{"decimal":{"value":0}},"name":"L_TurnOffTrustedDocumentsOnTheNetwork","displayName":"Desativar Documentos Confiáveis na rede","explainText":"Essa configuração de política permite desativar o recurso de documentos confiáveis para documentos abertos a partir da rede.\n\nSe você habilitar essa configuração de política, os usuários sempre verão notificações de segurança para conteúdo ativo, como\nmacros, controles ActiveX, conexões de dados etc., referentes a documentos abertos a partir da rede.\n\nSe você desabilitar ou não definir essa configuração de política, o recurso de documentos confiáveis possibilitará que os usuários\nsempre permitam conteúdo ativo em documentos, como macros, controles ActiveX, conexões de dados etc. Dessa maneira, eles não\nreceberão um prompt da próxima vez em que abrirem os documentos.  Documentos confiáveis estão isentos de notificações de\nsegurança.","tags":["L_TrustCenter","L_Security","L_ApplicationSettings","L_MicrosoftOfficeaccess"],"application":"access16","key":"software\\microsoft\\office\\16.0\\access\\security\\trusted documents","valueName":"disablenetworktrusteddocuments"},{"parentCategory":{"ref":"L_TrustCenter"},"supportedOn":{"ref":"windows:SUPPORTED_Windows7"},"enabledValue":{"decimal":{"value":1}},"disabledValue":{"decimal":{"value":0}},"name":"L_Disableallapplicationextensions","displayName":"Desabilitar todos os suplementos de aplicativo","explainText":"Esta configuração de política desabilita todos os suplementos para os aplicativos do Office 2016 especificados.\n\nSe você habilitar esta configuração de política, todos os suplementos para os aplicativos do Office 2016 especificados serão desabilitados.\n\nSe você desabilitar ou não definir esta configuração de política, todos os suplementos para os aplicativos do Office 2016 especificados poderão ser executados sem que os usuários sejam notificados.","tags":["L_TrustCenter","L_Security","L_ApplicationSettings","L_MicrosoftOfficeaccess"],"application":"access16","key":"software\\microsoft\\office\\16.0\\access\\security","valueName":"disablealladdins"},{"parentCategory":{"ref":"L_TrustCenter"},"supportedOn":{"ref":"windows:SUPPORTED_Windows7"},"enabledValue":{"decimal":{"value":1}},"disabledValue":{"decimal":{"value":0}},"name":"L_RequirethatApplicationExtensionsaresigned","displayName":"Exigir que suplementos de aplicativo sejam assinados por um Fornecedor Confiável","explainText":"Esta configuração de política controla se os suplementos deste aplicativo devem ser digitalmente assinados por um fornecedor confiável.\n \nSe você habilitar esta configuração de política, este aplicativo verificará a assinatura digital de cada suplemento antes de carregá-lo. Se um suplemento não tiver uma assinatura digital, ou se a assinatura não for proveniente de um fornecedor confiável, o aplicativo desabilitará esse suplemento e notificará o usuário. Os certificados deverão ser adicionados à lista de Fornecedores Confiáveis se você exigir que todos os suplementos sejam assinados por um fornecedor confiável. Para obter informações detalhadas sobre como obter e distribuir certificados, consulte http://go.microsoft.com/fwlink/?LinkId=294922. O Office 2016 armazena certificados para fornecedores confiáveis no repositório de fornecedores confiáveis do Internet Explorer. Versões anteriores do Microsoft Office armazenavam informações de certificados de fornecedores confiáveis (especificamente, a impressão digital) em um repositório de fornecedores confiáveis especial do Office.  O Office 2016 ainda lê informações de certificados de fornecedores confiáveis no repositório de fornecedores confiáveis do Office, mas não grava informações nesse repositório. Portanto, se você tiver criado uma lista de fornecedores confiáveis em uma versão anterior do Office e atualizar para o Office 2016, essa lista ainda será reconhecida. Porém, todos os certificados de fornecedores confiáveis que forem adicionados à lista serão armazenados no repositório de fornecedores confiáveis do Internet Explorer. Para saber mais sobre fornecedores confiáveis, consulte o Office Resource Kit.\n\nSe você desabilitar ou não definir esta configuração de política, este aplicativo não verificará a assinatura digital nos suplementos antes de abri-los. Se um suplemento perigoso for carregado, ele poderá prejudicar os computadores dos usuários ou comprometer a segurança dos dados.","tags":["L_TrustCenter","L_Security","L_ApplicationSettings","L_MicrosoftOfficeaccess"],"application":"access16","key":"software\\microsoft\\office\\16.0\\access\\security","valueName":"requireaddinsig"},{"parentCategory":{"ref":"L_TrustCenter"},"supportedOn":{"ref":"windows:SUPPORTED_Windows7"},"enabledValue":{"decimal":{"value":1}},"disabledValue":{"decimal":{"value":0}},"name":"L_DisableTrustBarNotificationforunsigned","displayName":"Desabilitar Notificação da Barra de Confiabilidade para suplementos de aplicativos não assinados e bloqueá-los","explainText":"Essa configuração de política controla se o aplicativo do Office especificado notifica os usuários quando suplementos de aplicativo\nnão assinados são carregados, ou desabilita silenciosamente esses suplementos sem nenhuma notificação. Essa configuração de\npolítica somente será aplicada se você habilitar a configuração de política \"Exigir que suplementos de aplicativos sejam assinados\npor um Fornecedor Confiável\", que impede que os usuários alterem essa configuração de política.\n\nSe você habilitar essa configuração de política, os aplicativos desabilitarão automaticamente suplementos não assinados sem\ninformar os usuários.\n\nSe você desabilitar essa configuração de política, se o aplicativo estiver configurado para exigir que todos os suplementos sejam\nassinados por um fornecedor confiável, os suplementos não assinados que esse aplicativo carregar serão desabilitados, e o aplicativo\nexibirá a Barra de Confiabilidade no topo da janela ativa. A Barra de Confiabilidade contém uma mensagem que informa os usuários\nsobre o suplemento não assinado.\n\nSe você não definir essa configuração de política, o comportamento de desabilitação será aplicado. Além disso, os usuários poderão\nconfigurar esse requisito por conta própria, na categoria \"Suplementos\" da Central de Confiabilidade do aplicativo em questão.","tags":["L_TrustCenter","L_Security","L_ApplicationSettings","L_MicrosoftOfficeaccess"],"application":"access16","key":"software\\microsoft\\office\\16.0\\access\\security","valueName":"notbpromptunsignedaddin"},{"parentCategory":{"ref":"L_TrustCenter"},"supportedOn":{"ref":"windows:SUPPORTED_Windows7"},"enabledValue":{"decimal":{"value":1}},"disabledValue":{"decimal":{"value":0}},"name":"L_TurnOffTrustedDocuments","displayName":"Desativar documentos confiáveis","explainText":"Esta configuração de política permite desativar o recurso de documentos confiáveis. Esse recurso permite que os usuários sempre habilitem conteúdo ativo em documentos, como macros, controles ActiveX e conexões de dados, entre outros, de forma a não receberem um aviso da próxima vez que abrirem os mesmos documentos. Documentos confiáveis estão isentos de notificações de segurança.\n\nSe você habilitar essa configuração de política, desativará o recurso de documentos confiáveis. Os usuários receberão um prompt de segurança sempre que um documento com conteúdo ativo for aberto.\n\nSe você desabilitar ou não definir essa configuração de política, os documentos serão confiáveis quando os usuários habilitarem o conteúdo e esses usuários não receberão um prompt de segurança.","tags":["L_TrustCenter","L_Security","L_ApplicationSettings","L_MicrosoftOfficeaccess"],"application":"access16","key":"software\\microsoft\\office\\16.0\\access\\security\\trusted documents","valueName":"disabletrusteddocuments"},{"parentCategory":{"ref":"L_TrustedLocations"},"supportedOn":{"ref":"windows:SUPPORTED_Windows7"},"enabledValue":{"decimal":{"value":1}},"disabledValue":{"decimal":{"value":0}},"name":"L_AllowTrustedLocationsOnTheNetwork","displayName":"Permitir Locais Confiáveis na rede","explainText":"Essa configuração de política controla se locais confiáveis na rede podem ser usados.\n\nSe você habilitar essa configuração de política, os usuários poderão especificar locais confiáveis em compartilhamentos de rede ou\nem outros locais remotos que não estejam sob seu controle direto. Para isso, devem marcar a caixa de seleção \"Permitir Locais\nConfiáveis na minha rede (não recomendado)\" na seção Locais Confiáveis da Central de Confiabilidade. Conteúdo, códigos e\nsuplementos podem ser carregados a partir de locais confiáveis com segurança mínima e sem solicitar a permissão do usuário.\n\nSe você desabilitar ou não definir essa configuração de política, o aplicativo selecionado irá ignorar todos os locais de rede listados\nna seção Locais Confiáveis da Central de Confiabilidade. Desabilitar essa configuração de política não exclui locais de rede da lista\nde Locais Confiáveis. Em vez disso, força o aplicativo selecionado a tratar esses locais como não confiáveis e evita que os usuários\nadicionem novos locais de rede à lista.\n\nSe você também implantar Locais Confiáveis via Política de Grupo, deverá verificar se qualquer um deles é um local remoto. Se\nqualquer um deles for um local remoto e este tipo de local não for permitido de acordo com essa configuração de política, as chaves\nde políticas que apontarem para locais remotos serão ignoradas em computadores clientes.\n\nDesabilitar essa configuração de política causará interrupções para usuários que adicionarem locais de rede à lista de Locais\nConfiáveis. No entanto, não convém habilitar essa configuração de política (como indica a própria caixa de diálogo \"Permitir Locais\nConfiáveis na minha rede (não recomendado)\"). Por isso, na prática, deve ser possível desabilitar essa configuração de política na\nmaioria das situações, sem causar problemas significativos de utilização para a maioria dos usuários.","tags":["L_TrustedLocations","L_TrustCenter","L_Security","L_ApplicationSettings","L_MicrosoftOfficeaccess"],"application":"access16","key":"software\\microsoft\\office\\16.0\\access\\security\\trusted locations","valueName":"allownetworklocations"},{"parentCategory":{"ref":"L_TrustedLocations"},"supportedOn":{"ref":"windows:SUPPORTED_Windows7"},"enabledValue":{"decimal":{"value":1}},"disabledValue":{"decimal":{"value":0}},"name":"L_DisableTrustedLoc","displayName":"Desabilitar todos os locais confiáveis","explainText":"Esta configuração de política permite que os administradores desabilitem todos os locais confiáveis nos aplicativos especificados. Os locais confiáveis especificados na Central de Confiabilidade são usados para definir locais de arquivos supostamente seguros. Conteúdo, códigos e suplementos podem ser carregados a partir de locais confiáveis com segurança mínima e sem solicitar a permissão dos usuários. Se um arquivo perigoso for aberto a partir de um local confiável, ele não estará sujeito a medidas de segurança padrão e poderá danificar os computadores ou os dados dos usuários.\n      \nSe você habilitar esta configuração de política, todos os locais confiáveis (especificados na Central de Confiabilidade) nos aplicativos especificados serão ignorados, incluindo os locais confiáveis estabelecidos pelo Office 2016 durante a instalação, implantados para os usuários com o uso da Política de Grupo ou adicionados pelos próprios usuários.  Os usuários receberão um aviso novamente ao abrirem arquivos a partir de locais confiáveis.\n\nSe você desabilitar ou não definir esta configuração de política, todos os locais confiáveis (especificados na Central de Confiabilidade) nos aplicativos especificados serão considerados seguros.","tags":["L_TrustedLocations","L_TrustCenter","L_Security","L_ApplicationSettings","L_MicrosoftOfficeaccess"],"application":"access16","key":"software\\microsoft\\office\\16.0\\access\\security\\trusted locations","valueName":"alllocationsdisabled"},{"parentCategory":{"ref":"L_Miscellaneous"},"supportedOn":{"ref":"windows:SUPPORTED_Windows7"},"elements":{"items":[{"item":[{"value":{"decimal":{"value":12}},"displayName":"Access 2007"},{"value":{"decimal":{"value":10}},"displayName":"Access 2002-2003"},{"value":{"decimal":{"value":9}},"displayName":"Access 2000"}],"valueName":"default file format","inputType":"dropdownList","id":"L_empty87"}]},"name":"L_DefaultFileFormat","displayName":"Formato de arquivo padrão","explainText":"Esta configuração de política controla se novos arquivos de banco de dados são criados no novo formato do Access ou em um formato usado por versões anteriores do Access.\n      \nSe você habilitar esta configuração de política, poderá especificar se novos arquivos de banco de dados serão criados no formato do Access 2016 por padrão ou no formato do Access 2002--2003. Os usuários ainda podem substituir o padrão e selecionar um formato específico quando salvarem os arquivos, mas não podem definir o padrão na caixa de diálogo Opções do Access. \n      \nSe você desabilitar ou não definir esta configuração de política, quando os usuários criarem novos arquivos de banco de dados, o Access os salvará no novo formato do Access 2016; no entanto, os usuários poderão mudar essa funcionalidade selecionando um formato de arquivo na lista suspensa de formatos de arquivo Padrão em Opções do Access | Popular | Criando bancos de dados. Observação: se você desabilitar essa configuração de política, os usuários poderão escolher entre três formatos de arquivo padrão: Access 2000, Access 2002--2003 e Access 2016. É possível usar essa configuração de política para especificar como padrão o formato do Access 2002--2003 ou do Access 2016, mas não o formato do Access 2000.","tags":["L_Miscellaneous","L_MicrosoftOfficeaccess"],"application":"access16","key":"software\\microsoft\\office\\16.0\\access\\settings"},{"parentCategory":{"ref":"L_Miscellaneous"},"supportedOn":{"ref":"windows:SUPPORTED_Windows7"},"enabledValue":{"decimal":{"value":1}},"disabledValue":{"decimal":{"value":0}},"name":"L_Donotprompttoconvertolderdatabases","displayName":"Não solicitar conversão de bancos de dados antigos","explainText":"Esta configuração de política controla se o Access deve ou não solicitar aos usuários a conversão de bancos de dados antigos quando forem abertos. \n   \nSe você habilitar essa configuração de política, o Access deixará os bancos de dados em formato do Access 97 inalterados. O Access informa ao usuário que o banco de dados está no formato mais antigo, mas não oferece nenhuma opção para que o usuário o converta. Alguns recursos inseridos nas versões mais recentes do Access não estarão disponíveis, e o usuário não poderá fazer nenhuma alteração de design no banco de dados. \n   \nSe você desabilitar ou não definir essa configuração de política, quando os usuários abrirem os bancos de dados criados no formato de arquivo do Access 97, o Access pedirá que eles convertam o banco de dados em um formato de arquivo mais novo. Os usuários podem optar por converter o banco de dados ou mantê-lo no formato antigo.","tags":["L_Miscellaneous","L_MicrosoftOfficeaccess"],"application":"access16","key":"software\\microsoft\\office\\16.0\\access\\settings","valueName":"noconvertdialog"},{"parentCategory":{"ref":"L_Miscellaneous"},"supportedOn":{"ref":"windows:SUPPORTED_Windows7"},"enabledValue":{"decimal":{"value":1}},"disabledValue":{"decimal":{"value":0}},"name":"L_2007CompatibleCachePolicy","displayName":"Usar cache compatível com o Access 2007","explainText":"Esta configuração de política permite impor aos bancos de dados novos e existentes o uso de um cache compatível com o Access 2007.\n\nSe você habilitar essa configuração de política, os bancos de dados novos e existentes usarão cache compatível com o Access 2007.\n\nSe você desabilitar ou não definir essa configuração de política, os bancos de dados novos usarão por padrão um cache incompatível com o Access 2007. Os bancos de dados existentes usarão o modo de cache em que foram criados.\n","tags":["L_Miscellaneous","L_MicrosoftOfficeaccess"],"application":"access16","key":"software\\microsoft\\office\\16.0\\access\\settings","valueName":"use2007compatiblecache"},{"parentCategory":{"ref":"L_Miscellaneous"},"supportedOn":{"ref":"windows:SUPPORTED_Windows7"},"enabledValue":{"decimal":{"value":1}},"disabledValue":{"decimal":{"value":0}},"name":"L_ClearCacheOnClosePolicy","displayName":"Limpar cache ao fechar","explainText":"Esta configuração de política permite forçar a limpeza do cache para bancos de dados incompatíveis com o Access 2016 quando o banco de dados for fechado.\n\nSe você habilitar esta configuração de política, todos os links do Microsoft SharePoint ou do BDC (Catálogo de Dados Corporativos) armazenados em cache serão limpos na ocasião do fechamento de bancos de dados que não usam um cache compatível com o Access 2016.  Se o banco de dados usar um cache compatível com o Access 2016, esta configuração de política não terá nenhum efeito quando habilitada.\n\nSe você desabilitar ou não definir esta configuração de política, nenhum dos links do Microsoft SharePoint ou do BDC (Catálogo de Dados Corporativos) armazenados em cache será limpo na ocasião do fechamento de bancos de dados que não usam um cache compatível com o Access 2016.  Se o banco de dados usar um cache compatível com o Access 2016, esta configuração de política não terá nenhum efeito quando desabilitada ou não definida.","tags":["L_Miscellaneous","L_MicrosoftOfficeaccess"],"application":"access16","key":"software\\microsoft\\office\\16.0\\access\\settings","valueName":"clearcacheonclose"},{"parentCategory":{"ref":"L_Miscellaneous"},"supportedOn":{"ref":"windows:SUPPORTED_Windows7"},"enabledValue":{"decimal":{"value":1}},"disabledValue":{"decimal":{"value":0}},"name":"L_NeverCachePolicy","displayName":"Nunca armazenar dados em cache","explainText":"Esta configuração de política permite forçar os bancos de dados que não usam um cache compatível com o Access 2016 a não armazenarem nenhum dado em cache.\n\nSe você habilitar esta configuração de política, os dados do Microsoft SharePoint ou do BDC (Catálogo de Dados Corporativos) não serão armazenados em cache para bancos de dados que não usam um cache compatível com o Access 2016.  Se o banco de dados usar cache um compatível com o Access 2016, esta configuração de política não terá nenhum efeito quando habilitada.\n\nSe você desabilitar ou não definir essa configuração de política, os dados do Microsoft SharePoint ou do BDC (Catálogo de Dados Corporativos) serão armazenados em cache para bancos de dados que não usam um cache compatível com o Access 2016.  Se o banco de dados usar um cache compatível com o Access 2016, esta configuração de política não terá nenhum efeito quando desabilitada ou não definida.","tags":["L_Miscellaneous","L_MicrosoftOfficeaccess"],"application":"access16","key":"software\\microsoft\\office\\16.0\\access\\settings","valueName":"nevercache"},{"parentCategory":{"ref":"L_Miscellaneous"},"supportedOn":{"ref":"windows:SUPPORTED_Windows7"},"elements":{"items":[{"valueName":"personaltemplatesaccess","requiredSpecified":false,"expandable":true,"expandableSpecified":true,"maxLength":2147483647,"maxLengthSpecified":false,"inputType":"textBox","caption":"Caminho de modelos pessoais","id":"L_PersonalTemplatesPath"}]},"name":"L_PersonalTemplatesPath","displayName":"Caminho de modelos pessoais para o Access","explainText":"Essa configuração de política especifica o local dos modelos pessoais de um usuário.\n\nSe você habilitar essa configuração de política, os usuários verão todos os modelos que eles salvaram no local especificado da guia de modelos personalizados na tela Inicial do Office e em Arquivo | Novo. Além disso, quando eles salvarem um modelo, suas pastas padrão mudarão para o local especificado. \n\nSe você desabilitar ou não definir essa configuração de política, os usuários não verão os modelos que eles salvaram na guia de modelos personalizados da tela Inicial do Office e em Novo | Novo. Além disso, quando eles salvarem um modelo, suas pastas padrão serão os locais de salvamento dos documentos.","tags":["L_Miscellaneous","L_MicrosoftOfficeaccess"],"application":"access16","key":"software\\microsoft\\office\\16.0\\access\\settings"},{"parentCategory":{"ref":"L_Miscellaneous"},"supportedOn":{"ref":"windows:SUPPORTED_Windows7"},"enabledValue":{"decimal":{"value":1}},"disabledValue":{"decimal":{"value":0}},"name":"L_DefaultCustomTab","displayName":"Mostrar a guia de modelos personalizados por padrão na tela Inicial do Office para o Access e em Arquivo | Novo","explainText":"Essa configuração de política controla se modelos personalizados (quando existirem) são exibidos como a guia padrão na tela Inicial do Office para o Access e em Arquivo | Novo. \n\nSe você habilitar essa configuração de política, os usuários verão a guia de modelos personalizados como a guia padrão na tela Inicial do Office para o Acess e em Arquivo | Novo quando existirem modelos (isso pode incluir modelos programados em XML Personalizados, modelos no caminho de modelos do Grupo de Trabalho, modelos no caminho de modelos Pessoais ou modelos do SharePoint).\n\nSe você desabilitar ou não definir essa configuração de política, os usuários verão a guia de modelos em Destaque como a guia padrão na tela Inicial do Office para o Access e em Arquivo | Novo, a não ser que todos os modelos fornecidos pelo Office tenham sido desabilitados.","tags":["L_Miscellaneous","L_MicrosoftOfficeaccess"],"application":"access16","key":"software\\microsoft\\office\\16.0\\access\\settings","valueName":"officestartdefaulttab"}]}