{"categories":[{"name":"L_MicrosoftVisio","displayName":"Visio"},{"parentCategory":{"ref":"L_MicrosoftVisio"},"name":"L_VisioOptions","displayName":"Opciones de Visio"},{"parentCategory":{"ref":"L_VisioOptions"},"name":"L_General","displayName":"General"},{"parentCategory":{"ref":"L_General"},"name":"L_UserInterfaceOptions","displayName":"Opciones de la interfaz de usuario"},{"parentCategory":{"ref":"L_VisioOptions"},"name":"L_Save","displayName":"Guardar"},{"parentCategory":{"ref":"L_Save"},"name":"L_OfflineEditing","displayName":"Edición sin conexión"},{"parentCategory":{"ref":"L_Save"},"name":"L_SaveDocuments","displayName":"Guardar documentos"},{"parentCategory":{"ref":"L_VisioOptions"},"name":"L_Proofing","displayName":"Revisión"},{"parentCategory":{"ref":"L_Proofing"},"name":"L_AutoCorrectOptions","displayName":"Opciones de autocorrección"},{"parentCategory":{"ref":"L_VisioOptions"},"name":"L_OptionsCustomizeRibbon","displayName":"Personalizar cinta de opciones"},{"parentCategory":{"ref":"L_VisioOptions"},"name":"L_Security","displayName":"Seguridad"},{"parentCategory":{"ref":"L_Security"},"name":"L_TrustCenter","displayName":"Centro de confianza"},{"parentCategory":{"ref":"L_TrustCenter"},"name":"L_FileBlockSettings","displayName":"Configuración de bloqueo de archivos"},{"parentCategory":{"ref":"L_Security"},"name":"L_MacroSecurity","displayName":"Seguridad de macros"},{"parentCategory":{"ref":"L_VisioOptions"},"name":"L_Advanced","displayName":"Avanzadas"},{"parentCategory":{"ref":"L_Advanced"},"name":"L_FileLocations","displayName":"Ubicaciones de archivos"},{"parentCategory":{"ref":"L_Advanced"},"name":"L_Display","displayName":"Mostrar"},{"parentCategory":{"ref":"L_Advanced"},"name":"L_EditingOptions","displayName":"Opciones de edición"},{"parentCategory":{"ref":"L_Advanced"},"name":"L_SaveOpen","displayName":"Guardar/Abrir"},{"parentCategory":{"ref":"L_Advanced"},"name":"L_ShapeSearch","displayName":"Buscar forma"},{"parentCategory":{"ref":"L_Advanced"},"name":"L_GeneralOptions","displayName":"Opciones generales"},{"parentCategory":{"ref":"L_MicrosoftVisio"},"name":"L_Customizableerrormessages","displayName":"Mensajes de error personalizables"},{"parentCategory":{"ref":"L_MicrosoftVisio"},"name":"L_Disableitemsinuserinterface","displayName":"Deshabilitar elementos de la interfaz de usuario"},{"parentCategory":{"ref":"L_Disableitemsinuserinterface"},"name":"L_Custom","displayName":"Personalizado"},{"parentCategory":{"ref":"L_MicrosoftVisio"},"name":"L_Miscellaneous","displayName":"Varios"}],"policies":[{"parentCategory":{"ref":"L_Display"},"supportedOn":{"ref":"windows:SUPPORTED_Windows7"},"enabledValue":{"string":"0"},"disabledValue":{"string":"1"},"name":"L_PreventShowingNewScreenOnLaunch","displayName":"Impedir que se muestre la pantalla Nuevo en el inicio","explainText":"Esta configuración de directiva le permite impedir que se muestre la pantalla Nuevo al iniciar Visio.\n\nSi la habilita, no se mostrará la pantalla Nuevo en el inicio.\n\nSi la deshabilita o no la configura, al iniciar Visio se mostrará la pantalla Nuevo, con un catálogo de plantillas.","tags":["L_Display","L_Advanced","L_VisioOptions","L_MicrosoftVisio"],"application":"visio16","key":"software\\microsoft\\office\\16.0\\visio\\application","valueName":"showtemplatepanebydefault"},{"parentCategory":{"ref":"L_Display"},"supportedOn":{"ref":"windows:SUPPORTED_Windows7"},"enabledValue":{"string":"1"},"disabledValue":{"string":"0"},"name":"L_SmartTags","displayName":"Acciones","explainText":"Muestra acciones adicionales si mantiene el mouse sobre ellas en el dibujo.","tags":["L_Display","L_Advanced","L_VisioOptions","L_MicrosoftVisio"],"application":"visio16","key":"software\\microsoft\\office\\16.0\\visio\\application","valueName":"showsmarttags"},{"parentCategory":{"ref":"L_Display"},"supportedOn":{"ref":"windows:SUPPORTED_Windows7"},"enabledValue":{"string":"1"},"disabledValue":{"string":"0"},"name":"L_StencilwindowScreenTips","displayName":"Información en pantalla de la ventana de la galería de símbolos","explainText":"Especifica si aparece otra información en pantalla (información en pantalla: información que aparece cuando detiene el puntero sobre determinados elementos en Visio, incluidos: patrones de símbolos, botones de barras de herramientas y la regla) en Visio para ayudarle a identificar formas en la ventana de galería de símbolos.","tags":["L_Display","L_Advanced","L_VisioOptions","L_MicrosoftVisio"],"application":"visio16","key":"software\\microsoft\\office\\16.0\\visio\\application","valueName":"tipsstencil"},{"parentCategory":{"ref":"L_Display"},"supportedOn":{"ref":"windows:SUPPORTED_Windows7"},"elements":{"items":[{"item":[{"value":{"string":"51"},"displayName":"Picas"},{"value":{"string":"50"},"displayName":"Puntos"},{"value":{"string":"54"},"displayName":"Cíceros"},{"value":{"string":"53"},"displayName":"Didots"}],"valueName":"measurementsystem_text","inputType":"dropdownList","caption":"Texto","id":"L_text7"}]},"name":"L_Text","displayName":"Texto","explainText":"Especifica la unidad de medida de las sangrías, espaciado de líneas y otras medidas de texto. La unidad predeterminada del tamaño de tipo es el punto (1 punto = 1/72 pulg.). Puede introducir el tamaño en otra unidad de medida (por ejemplo, 1 pie o 12 pulg.), pero no puede cambiar la predeterminada.","tags":["L_Display","L_Advanced","L_VisioOptions","L_MicrosoftVisio"],"application":"visio16","key":"software\\microsoft\\office\\16.0\\visio\\document"},{"parentCategory":{"ref":"L_Display"},"supportedOn":{"ref":"windows:SUPPORTED_Windows7"},"elements":{"items":[{"item":[{"value":{"string":"81"},"displayName":"Grados"},{"value":{"string":"82"},"displayName":"Grad.-Min.-S"},{"value":{"string":"84"},"displayName":"Min.-S"},{"value":{"string":"85"},"displayName":"Segundos"},{"value":{"string":"83"},"displayName":"Radianes"}],"valueName":"measurementsystem_angle","inputType":"dropdownList","caption":"Ángulo","id":"L_angle8"}]},"name":"L_Angle","displayName":"Ángulo","explainText":"Especifica la unidad de medida del ángulo de giro.","tags":["L_Display","L_Advanced","L_VisioOptions","L_MicrosoftVisio"],"application":"visio16","key":"software\\microsoft\\office\\16.0\\visio\\document"},{"parentCategory":{"ref":"L_Display"},"supportedOn":{"ref":"windows:SUPPORTED_Windows7"},"elements":{"items":[{"item":[{"value":{"string":"43"},"displayName":"Semanas"},{"value":{"string":"44"},"displayName":"Días"},{"value":{"string":"45"},"displayName":"Horas"},{"value":{"string":"46"},"displayName":"Minutos"},{"value":{"string":"47"},"displayName":"Segundos"}],"valueName":"measurementsystem_duration","inputType":"dropdownList","caption":"Duración","id":"L_duration9"}]},"name":"L_Duration","displayName":"Duración","explainText":"Especifica la unidad de medida de duración, que es el tiempo transcurrido en comparación con una fecha específica o una hora concreta.","tags":["L_Display","L_Advanced","L_VisioOptions","L_MicrosoftVisio"],"application":"visio16","key":"software\\microsoft\\office\\16.0\\visio\\document"},{"parentCategory":{"ref":"L_Display"},"supportedOn":{"ref":"windows:SUPPORTED_Windows7"},"enabledValue":{"string":"1"},"disabledValue":{"string":"0"},"name":"L_AlwaysofferMetricandUSunitsfornewblankdrawings","displayName":"Siempre ofrecer 'sistema métrico' y 'unidades de EE.UU.' para galerías de símbolos y dibujos en blanco","explainText":"Esta configuración de directiva permitirá mostrar las unidades del sistema métrico y las unidades de EE.UU. al crear galerías de símbolos y dibujos en blanco.\n\nSi la habilita, se muestran las unidades del sistema métrico y las unidades de EE.UU. como opción antes de crear galerías de símbolos y dibujos en blanco. Estos dibujos se abren con la configuración de página y las reglas adecuadas, y usan las unidades apropiadas para las herramientas de dibujo. No se instalan las plantillas y galerías de símbolos en ambos tipos de unidades. Esta configuración de directiva siempre está habilitada cuando la pestaña Programador está activada.\n\nSi deshabilita o no establece esta configuración de directiva, no podrá elegir entre unidades al crear galerías de símbolos y dibujos en blanco, si solo se han instalado plantillas y galerías de símbolos de un tipo de unidad.","tags":["L_Display","L_Advanced","L_VisioOptions","L_MicrosoftVisio"],"application":"visio16","key":"software\\microsoft\\office\\16.0\\visio\\application","valueName":"offermetricandus"},{"parentCategory":{"ref":"L_UserInterfaceOptions"},"supportedOn":{"ref":"windows:SUPPORTED_Windows7"},"enabledValue":{"string":"0"},"disabledValue":{"string":"1"},"name":"L_DoNotShowMiniToolbarOnSelectionOfText","displayName":"No mostrar la minibarra de herramientas en la selección de texto","explainText":"Esta configuración de directiva le permite configurar la minibarra de herramientas en la selección de texto.\n\nSi la habilita, la minibarra de herramientas no se muestra en la selección.\n\nSi la deshabilita o no la configura, la minibarra sí se muestra.","tags":["L_UserInterfaceOptions","L_General","L_VisioOptions","L_MicrosoftVisio"],"application":"visio16","key":"software\\microsoft\\office\\16.0\\visio\\application","valueName":"showminitoolbar"},{"parentCategory":{"ref":"L_UserInterfaceOptions"},"supportedOn":{"ref":"windows:SUPPORTED_Windows7"},"enabledValue":{"string":"0"},"disabledValue":{"string":"1"},"name":"L_TurnOffLivePreview","displayName":"Desactivar la Vista previa dinámica","explainText":"Esta configuración de directiva le permite configurar Vista previa dinámica, que muestra una vista previa de cómo afecta una característica al documento al mantener el mouse sobre diferentes opciones.\n\nSi la habilita, se desactiva la Vista previa dinámica.\n\nSi la deshabilita o no la configura, se activa la Vista previa dinámica.","tags":["L_UserInterfaceOptions","L_General","L_VisioOptions","L_MicrosoftVisio"],"application":"visio16","key":"software\\microsoft\\office\\16.0\\visio\\application","valueName":"livepreview"},{"parentCategory":{"ref":"L_UserInterfaceOptions"},"supportedOn":{"ref":"windows:SUPPORTED_Windows7"},"enabledValue":{"string":"0"},"disabledValue":{"string":"1"},"name":"L_TurnOffLivePreviewInTheShapesWindow","displayName":"Desactivar la Vista previa dinámica en la ventana Formas","explainText":"Esta configuración de directiva desactiva la Vista previa dinámica en la característica de la ventana Formas, que muestra formas en la ventana Formas con el detalle y la profundidad de color que tendrán en un dibujo, incluyendo colores y efectos de los temas.\n\nSi habilita esta configuración de directiva, se desactiva la Vista previa dinámica en la ventana Formas.\n\nSi la deshabilita o no la configura, se activa la Vista previa dinámica en la ventana Formas.","tags":["L_UserInterfaceOptions","L_General","L_VisioOptions","L_MicrosoftVisio"],"application":"visio16","key":"software\\microsoft\\office\\16.0\\visio\\application","valueName":"livepreviewmasters"},{"parentCategory":{"ref":"L_EditingOptions"},"supportedOn":{"ref":"windows:SUPPORTED_Windows7"},"enabledValue":{"string":"1"},"disabledValue":{"string":"0"},"name":"L_ZoomonrollwithIntelliMouse","displayName":"Hacer zoom al usar la rueda de IntelliMouse","explainText":"Si está seleccionada, le permite acercarse o alejarse de un dibujo usando la rueda de Microsoft IntelliMouse","tags":["L_EditingOptions","L_Advanced","L_VisioOptions","L_MicrosoftVisio"],"application":"visio16","key":"software\\microsoft\\office\\16.0\\visio\\application","valueName":"zoomonroll"},{"parentCategory":{"ref":"L_EditingOptions"},"supportedOn":{"ref":"windows:SUPPORTED_Windows7"},"enabledValue":{"string":"1"},"disabledValue":{"string":"0"},"name":"L_Centerselectiononzoom","displayName":"Centrar la selección al hacer zoom","explainText":"Especifica que, cuando se acerca, la forma seleccionada aparece en el centro de la ventana.","tags":["L_EditingOptions","L_Advanced","L_VisioOptions","L_MicrosoftVisio"],"application":"visio16","key":"software\\microsoft\\office\\16.0\\visio\\application","valueName":"zoommode"},{"parentCategory":{"ref":"L_EditingOptions"},"supportedOn":{"ref":"windows:SUPPORTED_Windows7"},"enabledValue":{"string":"1"},"disabledValue":{"string":"0"},"name":"L_Selectshapespartiallywithinarea","displayName":"Seleccionar formas parcialmente en el área","explainText":"Si selecciona formas mediante una red de selección (arrastrando un cuadro por encima de las formas en la página de dibujos), puede cambiar la configuración de selección para que incluya también las formas parcialmente incluidas dentro de la red de selección.","tags":["L_EditingOptions","L_Advanced","L_VisioOptions","L_MicrosoftVisio"],"application":"visio16","key":"software\\microsoft\\office\\16.0\\visio\\application","valueName":"areaselection"},{"parentCategory":{"ref":"L_EditingOptions"},"supportedOn":{"ref":"windows:SUPPORTED_Windows7"},"enabledValue":{"string":"1"},"disabledValue":{"string":"0"},"name":"L_Enablelivedynamics","displayName":"Habilitar dinámica activa","explainText":"Cuando cambia de tamaño o gira una forma, puede observar como ésta se transforma en lugar de ver únicamente el cuadro de límite hasta que se completa la acción","tags":["L_EditingOptions","L_Advanced","L_VisioOptions","L_MicrosoftVisio"],"application":"visio16","key":"software\\microsoft\\office\\16.0\\visio\\application","valueName":"livemousedynamics"},{"parentCategory":{"ref":"L_EditingOptions"},"supportedOn":{"ref":"windows:SUPPORTED_Windows7"},"enabledValue":{"string":"1"},"disabledValue":{"string":"0"},"name":"L_Enalbeconnectorsplitting","displayName":"Habilitar división de conectores","explainText":"Cuando coloca una forma en la línea de un conector, las divide y cada pieza se convierte en un conector separado pegado a la forma. No todos los tipos de dibujo admiten división de conectores.","tags":["L_EditingOptions","L_Advanced","L_VisioOptions","L_MicrosoftVisio"],"application":"visio16","key":"software\\microsoft\\office\\16.0\\visio\\application","valueName":"allowshapesplitting"},{"parentCategory":{"ref":"L_EditingOptions"},"supportedOn":{"ref":"windows:SUPPORTED_Windows7"},"enabledValue":{"string":"1"},"disabledValue":{"string":"0"},"name":"L_EnableAutoConnect","displayName":"Habilitar autoconexión","explainText":"Establece el valor en la opción de la interfaz de usuario correspondiente.","tags":["L_EditingOptions","L_Advanced","L_VisioOptions","L_MicrosoftVisio"],"application":"visio16","key":"software\\microsoft\\office\\16.0\\visio\\application","valueName":"enableautoconnect"},{"parentCategory":{"ref":"L_EditingOptions"},"supportedOn":{"ref":"windows:SUPPORTED_Windows7"},"enabledValue":{"string":"0"},"disabledValue":{"string":"1"},"name":"L_ShowMoreHandles","displayName":"Mostrar más controladores al desplazarse","explainText":"Esta configuración de directiva le permite mostrar más controladores de forma al mantener el mouse sobre una forma seleccionada.\n\nSi la habilita, se mostrarán más controladores de forma después de una breve demora.\n\nSi la deshabilita o no la configura, no se mostrarán más controladores de forma.\n","tags":["L_EditingOptions","L_Advanced","L_VisioOptions","L_MicrosoftVisio"],"application":"visio16","key":"software\\microsoft\\office\\16.0\\visio\\application","valueName":"handlebehavior"},{"parentCategory":{"ref":"L_SaveDocuments"},"supportedOn":{"ref":"windows:SUPPORTED_Windows7"},"enabledValue":{"string":"1"},"disabledValue":{"string":"0"},"name":"L_Promptfordocumentpropertiesonfirstsave","displayName":"Preguntar sobre las propiedades del documento la primera vez que se guarda","explainText":"Indica si se abre el cuadro de diálogo de propiedades cuando se guarda un archivo la primera vez. Las propiedades del archivo incluyen el nombre del autor e información como el estado del archivo, la configuración de previsualización y otras propiedades.","tags":["L_SaveDocuments","L_Save","L_VisioOptions","L_MicrosoftVisio"],"application":"visio16","key":"software\\microsoft\\office\\16.0\\visio\\application","valueName":"promptforsummaryinfo"},{"parentCategory":{"ref":"L_SaveOpen"},"supportedOn":{"ref":"windows:SUPPORTED_Windows7"},"elements":{"items":[{"item":[{"value":{"string":"0"},"displayName":"Dejar que Visio decida el idioma"},{"value":{"string":"1"},"displayName":"Preguntar por el idioma"},{"value":{"string":"2"},"displayName":"Usar el siguiente idioma"}],"valueName":"fileconversionmode","inputType":"dropdownList","caption":"Idioma para la conversión de archivos","id":"L_languageforfileconversion5"},{"valueName":"fileconversionlanguage","requiredSpecified":false,"expandableSpecified":false,"maxLength":2147483647,"maxLengthSpecified":false,"inputType":"textBox","caption":"Idioma para utilizar:","id":"L_Uselanguage"}]},"name":"L_languageforfileconversion4","displayName":"Idioma para la conversión de archivos","explainText":"Esta configuración de directiva especifica la forma en que Visio determina el idioma que debe usar cuando convierte desde o a una versión anterior de Visio.\n\nSi habilita esta configuración de directiva, puede seleccionar entre una de estas opciones:\n\n- Dejar que Visio decida el idioma\n- Preguntar por el idioma\n- Utilizar el siguiente idioma: debe especificar el identificador de configuración regional numérico de Microsoft (LCID) para dicho idioma.\n\nSi deshabilita o no establece esta configuración de directiva, Visio decide el idioma que se va a usar.","tags":["L_SaveOpen","L_Advanced","L_VisioOptions","L_MicrosoftVisio"],"application":"visio16","key":"software\\microsoft\\office\\16.0\\visio\\application"},{"parentCategory":{"ref":"L_SaveOpen"},"supportedOn":{"ref":"windows:SUPPORTED_Windows7"},"enabledValue":{"string":"1"},"disabledValue":{"string":"0"},"name":"L_Showfilesavewarnings","displayName":"Mostrar advertencias al guardar archivos","explainText":"Indica si se muestra un mensaje de advertencia cuando guarda archivos que contienen errores, como código XML no válido.","tags":["L_SaveOpen","L_Advanced","L_VisioOptions","L_MicrosoftVisio"],"application":"visio16","key":"software\\microsoft\\office\\16.0\\visio\\application","valueName":"showxmlsavewarnings"},{"parentCategory":{"ref":"L_SaveOpen"},"supportedOn":{"ref":"windows:SUPPORTED_Windows7"},"enabledValue":{"string":"1"},"disabledValue":{"string":"0"},"name":"L_Showfileopenwarnings","displayName":"Mostrar advertencias al abrir archivos","explainText":"Indica si se muestra un mensaje de advertencia al abrir los archivos que contienen errores como código XML no válido.","tags":["L_SaveOpen","L_Advanced","L_VisioOptions","L_MicrosoftVisio"],"application":"visio16","key":"software\\microsoft\\office\\16.0\\visio\\application","valueName":"showxmlopenwarnings"},{"parentCategory":{"ref":"L_OptionsCustomizeRibbon"},"supportedOn":{"ref":"windows:SUPPORTED_Windows7"},"enabledValue":{"decimal":{"value":1}},"disabledValue":{"decimal":{"value":0}},"name":"L_DisplayDeveloperTab","displayName":"Mostrar la pestaña Programador en la cinta de opciones","explainText":"Esta configuración de directiva controla si la pestaña Programador se va a mostrar en la cinta de opciones.\n\nSi la habilita, la pestaña Programador se mostrará en la cinta de opciones.\n\nSi la deshabilita, la pestaña Programador no se mostrará.\n\nSi no establece esta configuración de directiva, la pestaña Programador no se mostrará en la cinta de opciones, pero su visibilidad puede cambiarse mediante una opción del cuadro de diálogo Opciones de aplicación.","tags":["L_OptionsCustomizeRibbon","L_VisioOptions","L_MicrosoftVisio"],"application":"visio16","key":"software\\microsoft\\office\\16.0\\visio\\application","valueName":"developertools"},{"parentCategory":{"ref":"L_Save"},"supportedOn":{"ref":"windows:SUPPORTED_Windows7"},"enabledValue":{"decimal":{"value":1}},"disabledValue":{"decimal":{"value":0}},"name":"L_TurnOffCADDWGFunctionality","displayName":"Desactivar la funcionalidad CAD/DWG","explainText":"Esta configuración de directiva le permite desactivar todos los puntos de entrada relacionados con archivos CAD/DWG.\n\nSi la habilita, se desactivará la funcionalidad CAD/DWG.\n\nSi la deshabilita o no la configura, se activará la funcionalidad CAD/DWG.","tags":["L_Save","L_VisioOptions","L_MicrosoftVisio"],"application":"visio16","key":"software\\microsoft\\office\\16.0\\visio\\application","valueName":"disabledwg"},{"parentCategory":{"ref":"L_OfflineEditing"},"supportedOn":{"ref":"windows:SUPPORTED_Windows7"},"elements":{"items":[{"item":[{"value":{"string":"1"},"displayName":"Ubicación de borradores del servidor"},{"value":{"string":"0"},"displayName":"Servidor web"}],"valueName":"uselocaldrafts","inputType":"dropdownList","id":"L_SaveCheckedOutFilesToDropID"}]},"name":"L_SaveCheckedOutFilesTo","displayName":"Guardar archivos desprotegidos en","explainText":"Esta configuración de directiva le permite elegir si los archivos desprotegidos se guardan en la ubicación de borradores del servidor o en el servidor web. \n\nSi la habilita, puede elegir dónde se guardan los archivos desprotegidos:\n- Ubicación de borradores del servidor: la ubicación de borradores del servidor en este equipo\n- Servidor web: el servidor web\n\nSi la deshabilita o no la configura, los archivos desprotegidos se guardan en la ubicación de borradores del servidor.","tags":["L_OfflineEditing","L_Save","L_VisioOptions","L_MicrosoftVisio"],"application":"visio16","key":"software\\microsoft\\office\\16.0\\visio\\application"},{"parentCategory":{"ref":"L_SaveDocuments"},"supportedOn":{"ref":"windows:SUPPORTED_Windows7"},"elements":{"items":[{"item":[{"value":{"string":"0"},"displayName":"Documento de Visio"},{"value":{"string":"3"},"displayName":"Documento habilitado para macros de Visio"},{"value":{"string":"1"},"displayName":"Documento de Visio 2003-2016"}],"valueName":"savefileformat","inputType":"dropdownList","caption":"Guardar archivos de Visio como","id":"L_savevisiofilesas6"}]},"name":"L_SaveVisiofilesas","displayName":"Guardar archivos de Visio como","explainText":"Identifica el formato de archivo predeterminado en el que se guardan los archivos de Visio.","tags":["L_SaveDocuments","L_Save","L_VisioOptions","L_MicrosoftVisio"],"application":"visio16","key":"software\\microsoft\\office\\16.0\\visio\\application"},{"parentCategory":{"ref":"L_ShapeSearch"},"supportedOn":{"ref":"windows:SUPPORTED_Windows7"},"enabledValue":{"string":"1"},"disabledValue":{"string":"0"},"name":"L_Showshapesearchpane","displayName":"Mostrar panel Buscar forma","explainText":"Muestra los elementos de la interfaz de usuario para buscar formas de la ventana de la galería de símbolos.","tags":["L_ShapeSearch","L_Advanced","L_VisioOptions","L_MicrosoftVisio"],"application":"visio16","key":"software\\microsoft\\office\\16.0\\visio\\application","valueName":"showshapesearchpane"},{"parentCategory":{"ref":"L_ShapeSearch"},"supportedOn":{"ref":"windows:SUPPORTED_Windows7"},"elements":{"items":[{"item":[{"value":{"string":"1"},"displayName":"Todas las palabras (AND)"},{"value":{"string":"0"},"displayName":"Todas las palabras (OR)"}],"valueName":"findshapesallwords","inputType":"dropdownList","caption":"Buscar:","id":"L_searchfor10"}]},"name":"L_Searchfor","displayName":"Buscar:","explainText":"Establece el valor en la opción de la interfaz de usuario correspondiente.","tags":["L_ShapeSearch","L_Advanced","L_VisioOptions","L_MicrosoftVisio"],"application":"visio16","key":"software\\microsoft\\office\\16.0\\visio\\application"},{"parentCategory":{"ref":"L_ShapeSearch"},"supportedOn":{"ref":"windows:SUPPORTED_Windows7"},"elements":{"items":[{"item":[{"value":{"string":"0"},"displayName":"Alfabéticamente"},{"value":{"string":"1"},"displayName":"Agrupar por"}],"valueName":"msoridcuvisiobfsgroup","inputType":"dropdownList","caption":"Resultados de la búsqueda","id":"L_searchresults11"}]},"name":"L_Searchresults","displayName":"Resultados de la búsqueda","explainText":"Especifica si los resultados se muestran en orden alfabético por nombre de forma o por nombre de galería de símbolos (grupo). Haga clic en Agrupar por para ayudar a distinguir entre las formas que tienen el mismo nombre pero aparecen en diferentes galerías de símbolos. Esta opción también es muy útil si desea ubicar la galería de símbolos que contiene la forma.","tags":["L_ShapeSearch","L_Advanced","L_VisioOptions","L_MicrosoftVisio"],"application":"visio16","key":"software\\microsoft\\office\\16.0\\visio\\application"},{"parentCategory":{"ref":"L_ShapeSearch"},"supportedOn":{"ref":"windows:SUPPORTED_Windows7"},"enabledValue":{"string":"0"},"disabledValue":{"string":"1"},"name":"L_Openresultsnewwindow","displayName":"Abrir ventana nueva de resultados","explainText":"Indica si se crea una nueva galería de resultados de búsqueda para cada búsqueda. Si se desactiva, los resultados de una búsqueda reemplazan los resultados de cualquier búsqueda anterior.","tags":["L_ShapeSearch","L_Advanced","L_VisioOptions","L_MicrosoftVisio"],"application":"visio16","key":"software\\microsoft\\office\\16.0\\visio\\application","valueName":"msoridcuvisiobfsrecycle"},{"parentCategory":{"ref":"L_TrustCenter"},"supportedOn":{"ref":"windows:SUPPORTED_Windows7"},"enabledValue":{"decimal":{"value":1}},"disabledValue":{"decimal":{"value":0}},"name":"L_Disableallapplicationextensions","displayName":"Deshabilitar todos los complementos de aplicaciones","explainText":"Esta configuración de directiva deshabilita todos los complementos de las aplicaciones de Office 2016 especificadas.\n     \nSi habilita esta configuración de directiva, todos los complementos de las aplicaciones de Office 2016 especificadas se deshabilitarán.\n\nSi deshabilita o no establece esta configuración de directiva, todos los complementos de las aplicaciones de Office 2016 especificadas se podrán ejecutar sin notificar a los usuarios, excepto si los complementos de aplicaciones necesitan estar firmados por editores de confianza.","tags":["L_TrustCenter","L_Security","L_VisioOptions","L_MicrosoftVisio"],"application":"visio16","key":"software\\microsoft\\office\\16.0\\visio\\security","valueName":"disablealladdins"},{"parentCategory":{"ref":"L_TrustCenter"},"supportedOn":{"ref":"windows:SUPPORTED_Windows7"},"enabledValue":{"decimal":{"value":1}},"disabledValue":{"decimal":{"value":0}},"name":"L_BlockMacroExecutionFromInternet","displayName":"Bloquear la ejecución de macros en archivos de Office procedentes de Internet","explainText":"\n        Esta configuración de directiva le permite bloquear la ejecución de macros en archivos de Office procedentes de Internet.\n\n        Si habilita esta configuración de directiva, se bloqueará la ejecución de macros, incluso si la opción \"Habilitar todas las macros\" está seleccionada en la sección Configuración de macros del Centro de confianza. Los usuarios recibirán una notificación de que las macros están bloqueadas para ejecutarse.\n\n        Las excepciones cuando se permitirá la ejecución de macros son:\n        - El archivo de Office se guarda en una ubicación de confianza.\n        - El usuario ha confiado previamente en el archivo de Office.\n        - Las macros están firmadas digitalmente y se instala en el dispositivo el correspondiente certificado de editor de confianza.\n\n        Si deshabilita esta configuración de directiva, la configuración establecida en la sección Configuración de macros del Centro de confianza determina si las macros se ejecutan en archivos de Office procedentes de Internet.\n\n        Si no establece esta configuración de directiva, se bloqueará la ejecución de macros. Los usuarios recibirán una notificación que les informa de los riesgos de seguridad de las macros de Internet junto con un vínculo para obtener más información.\n\n        Para obtener más información, consulte https://go.microsoft.com/fwlink/p/?linkid=2185771.\n      ","tags":["L_TrustCenter","L_Security","L_VisioOptions","L_MicrosoftVisio"],"application":"visio16","key":"software\\microsoft\\office\\16.0\\visio\\security","valueName":"blockcontentexecutionfrominternet"},{"parentCategory":{"ref":"L_TrustCenter"},"supportedOn":{"ref":"windows:SUPPORTED_Windows7"},"enabledValue":{"decimal":{"value":1}},"disabledValue":{"decimal":{"value":0}},"name":"L_TurnOffTrustedDocumentsOnTheNetwork","displayName":"Desactivar Documentos confiables en la red","explainText":"Esta configuración de directiva le permite desactivar la característica de documentos confiables para los documentos abiertos desde la red.\n\nSi la habilita, los usuarios siempre verán notificaciones de seguridad para el contenido activo como macros, controles ActiveX, conexiones de datos, etc. para los documentos abiertos desde la red.\n\nSi deshabilita o no establece esta configuración de directiva, la característica de documentos confiables permite que los usuarios siempre permitan contenido activo en documentos como macros, controles de ActiveX, conexiones de datos, etc. de modo que no se les pregunte la próxima vez que abran los documentos. Los documentos confiables se excluyen de las notificaciones de seguridad.","tags":["L_TrustCenter","L_Security","L_VisioOptions","L_MicrosoftVisio"],"application":"visio16","key":"software\\microsoft\\office\\16.0\\visio\\security\\trusted documents","valueName":"disablenetworktrusteddocuments"},{"parentCategory":{"ref":"L_TrustCenter"},"supportedOn":{"ref":"windows:SUPPORTED_Windows7"},"enabledValue":{"decimal":{"value":1}},"disabledValue":{"decimal":{"value":0}},"name":"L_TurnOffTrustedDocuments","displayName":"Desactivar documentos confiables","explainText":"Esta configuración de directiva le permite desactivar la característica de documentos confiables, que permite a los usuarios habilitar siempre el contenido activo en documentos como macros, controles ActiveX, conexiones de datos, etc. de modo que no se les pregunte a próxima vez que los abran. Los documentos confiables se excluyen de las notificaciones de seguridad.\n\nSi habilita esta configuración de directiva, desactivará la característica de documentos confiables. Los usuarios recibirán una advertencia de seguridad cada vez que se abra un documento con contenido activo.\n\nSi deshabilita o no establece esta configuración de directiva, los documentos serán de confianza cuando los usuarios habiliten contenido para un documento, y no recibirán una advertencia de seguridad.","tags":["L_TrustCenter","L_Security","L_VisioOptions","L_MicrosoftVisio"],"application":"visio16","key":"software\\microsoft\\office\\16.0\\visio\\security\\trusted documents","valueName":"disabletrusteddocuments"},{"parentCategory":{"ref":"L_TrustCenter"},"supportedOn":{"ref":"windows:SUPPORTED_Windows7"},"elements":{"items":[{"valueName":"maxtrusteddocuments","minValue":0,"minValueSpecified":true,"maxValue":20000,"maxValueSpecified":true,"inputType":"decimalTextBox","caption":"Número máximo:","id":"L_SetMaximumNumberOfTrustedDocumentsSpinID"}]},"name":"L_SetMaximumNumberOfTrustedDocuments","displayName":"Establecer número máximo de documentos confiables","explainText":"Esta configuración de directiva permite especificar el número máximo de registros de confianza de documentos confiables que se pueden almacenar en el Registro antes de que se ejecute la tarea de depuración. Esta tarea limita la cantidad de documentos de confianza almacenados en el Registro al número definido en la configuración de directiva \"Establecer el número máximo de registros de confianza que se conservará\".\n\nSi habilita esta configuración de directiva, podrá especificar la cantidad máxima de documentos de confianza que se pueden almacenar en el Registro antes de que se ejecute la tarea de depuración, con un límite de 20.000 documentos. Por motivos de rendimiento, no se recomienda definir la configuración de directiva en el límite superior.\n\nSi deshabilita esta configuración de directiva o no la define, se usará el valor predeterminado de 500.","tags":["L_TrustCenter","L_Security","L_VisioOptions","L_MicrosoftVisio"],"application":"visio16","key":"software\\microsoft\\office\\16.0\\visio\\security\\trusted documents"},{"parentCategory":{"ref":"L_TrustCenter"},"supportedOn":{"ref":"windows:SUPPORTED_Windows7"},"elements":{"items":[{"valueName":"maxpreservetrusteddocuments","minValue":0,"minValueSpecified":true,"maxValue":20000,"maxValueSpecified":true,"inputType":"decimalTextBox","caption":"Máximo que preservar:","id":"L_SetMaximumNumberOfTrustRecordsToPreserveSpinID"}]},"name":"L_SetMaximumNumberOfTrustRecordsToPreserve","displayName":"Establecer el número máximo de registros de confianza que conservar","explainText":"Esta configuración de directiva le permite especificar el número máximo de registros de confianza que conservar cuando la tarea para purgar detecta que esta aplicación ha confiado en más documentos confiables del número establecido en la configuración de directiva \"Establecer número máximo de documentos confiables\".\n\nSi habilita esta configuración de directiva, puede especificar el número máximo de registros de confianza que conservar, con un límite superior de 20.000. Por razones de rendimiento, no se recomienda establecerlo en el límite superior.\n\nSi deshabilita o no establece esta configuración de directiva, se usa el valor predeterminado de 400.","tags":["L_TrustCenter","L_Security","L_VisioOptions","L_MicrosoftVisio"],"application":"visio16","key":"software\\microsoft\\office\\16.0\\visio\\security\\trusted documents"},{"parentCategory":{"ref":"L_TrustCenter"},"supportedOn":{"ref":"windows:SUPPORTED_Windows7"},"elements":{"items":[{"item":[{"value":{"decimal":{"value":2}},"displayName":"Deshabilitar todo con notificación"},{"value":{"decimal":{"value":3}},"displayName":"Deshabilitar todo excepto las macros firmadas digitalmente"},{"value":{"decimal":{"value":4}},"displayName":"Deshabilitar todo sin notificación"},{"value":{"decimal":{"value":1}},"displayName":"Habilitar todas las macros (no recomendado)"}],"valueName":"vbawarnings","inputType":"dropdownList","id":"L_Empty"},{"trueValue":{"decimal":{"value":1}},"falseValue":{"decimal":{"value":0}},"valueName":"vbadigsigtrustedpublishers","key":"software\\microsoft\\office\\16.0\\visio\\security","inputType":"checkBox","caption":"Requerir que un editor de confianza firme las macros","id":"L_VBADigSigTrustedPublishersStr"},{"trueValue":{"decimal":{"value":1}},"falseValue":{"decimal":{"value":0}},"valueName":"vbarequirelmtrustedpublisher","key":"software\\microsoft\\office\\16.0\\visio\\security","inputType":"checkBox","caption":"Bloquear certificados de editores de confianza que sólo se instalan en el almacén de certificados de usuario actual","id":"L_VBAOnlyAllowLMTrustedPublisherStr"},{"trueValue":{"decimal":{"value":1}},"falseValue":{"decimal":{"value":0}},"valueName":"vbarequiredigsigwithcodesigningeku","key":"software\\microsoft\\office\\16.0\\visio\\security","inputType":"checkBox","caption":"Requerir el uso extendido de la clave (EKU) para los certificados de los editores de confianza","id":"L_VBAOnlyAllowDigSigWithCodeSigningEKUStr"}]},"name":"L_VBAWarningsPolicy","displayName":"Configuración de notificaciones para macros de VBA","explainText":"Esta configuración de directiva controla la forma en que las aplicaciones especificadas advierten a los usuarios cuando las macros de Visual Basic para Aplicaciones (VBA) están presentes.\n\nSi habilita esta configuración de directiva, puede elegir entre cuatro opciones para determinar cómo las aplicaciones especificadas advertirán al usuario sobre las macros:\n \n- Desactivar todas con notificación:  la aplicación muestra la Barra de confianza para todas las macros, tanto si están firmadas como si no. Esta opción hace cumplir la configuración predeterminada de Office.\n \n- Deshabilitar todas excepto las macros firmadas digitalmente: la aplicación muestra la Barra de confianza para las macros firmadas digitalmente, lo que permite a los usuarios habilitarlas o dejarlas deshabilitadas. Cualquier macro sin firma se deshabilita, y los usuarios no son notificados.\n \n- Deshabilitar todas sin notificación: la aplicación deshabilita todas las macros, tanto las firmadas como las no firmadas, y no notifica a los usuarios.\n \n- Habilitar todas las macros (no recomendado):  todas las macros están habilitadas, tanto si están firmadas como si no. Esta opción puede reducir significativamente la seguridad al permitir que el código peligroso se ejecute sin ser detectado. \n \nSi deshabilita esta configuración de directiva, \"Deshabilitar todas con notificación\" será la configuración predeterminada.\n \nSi no establece esta configuración de directiva, cuando los usuarios abran los archivos en las aplicaciones especificadas que contienen macros VBA, las aplicaciones abrirán los archivos con las macros desactivadas y mostrarán la Barra de confianza con una advertencia de que las macros están presentes y han sido desactivadas. Los usuarios pueden inspeccionar y editar los archivos si es necesario, pero no pueden utilizar ninguna función desactivada hasta que la activen haciendo clic en \"Habilitar contenido\" en la Barra de confianza.  Si el usuario hace clic en \"Habilitar contenido\", entonces el documento se agrega como un documento de confianza.\n \nSi selecciona \"Deshabilitar todas excepto las macros firmadas digitalmente\", le recomendamos que también seleccione la casilla de verificación \"Requerir que las macros estén firmadas por un editor de confianza\" para mejorar la seguridad.\n\nSi selecciona la casilla de verificación \"Requerir que las macros estén firmadas por un editor de confianza\", los usuarios que abran archivos con macros firmadas digitalmente pero no por un Editor de confianza recibirán una notificación de que se ha bloqueado la ejecución de las macros. Además, hay dos casillas de verificación adicionales que recomendamos seleccionar para ayudar a mejorar la seguridad.\n\n- Bloquear certificados de editores de confianza que estén instalados en el almacén de certificados de usuario actual\n\n- Requerir uso mejorado de clave (EKU) para certificados de editores de confianza\n\n Nota: estas dos casillas de verificación solo se aplican si ha seleccionado la casilla de verificación \"Requerir que las macros estén firmadas por un editor de confianza\".\n\nNota: Las tres casillas de verificación solo se aplican a la versión 2012 de Office y Visio o posteriores. No se aplica a Office 2016 u Office 2019.\n\nSi selecciona la casilla de verificación \"Bloquear certificados de editores de confianza instalados en el almacén de certificados de la máquina local\", las macros no se ejecutarán si el certificado del editor de confianza está instalado en el almacén de certificados de usuario actual. El certificado debe estar instalado en el almacén de certificados de la máquina local para que se ejecute la macro. Solo las cuentas con acceso de administrador al equipo pueden instalar un certificado en el almacén de certificados de la máquina local.\n\nSi selecciona la casilla de verificación \"Requerir uso mejorado de clave de (EKU) para certificados de editores de confianza\", la EKU debe incluir \"Firma de código\" como uno de los usos del certificado.\n\nImportante: si se selecciona \"Deshabilitar todo excepto las macros firmadas digitalmente\", los usuarios no podrán abrir bases de datos de Access sin firma.\n \n Además, tenga en cuenta que Microsoft Office almacena los certificados de los editores de confianza en el almacén de editores de confianza de Internet Explorer. Las versiones anteriores de Microsoft Office almacenaban la información del certificado de editor de confianza (específicamente, la huella digital del certificado) en un almacén especial de editor de confianza de Office. Microsoft Office sigue leyendo la información del certificado de editor de confianza del almacén de editor de confianza de Office, pero no escribe información en este almacén.\n \nPor lo tanto, si ha creado una lista de editores de confianza en una versión anterior de Microsoft Office y se actualiza a Office, su lista de editores de confianza seguirá siendo reconocida. Sin embargo, cualquier certificado de editor de confianza que agregue a la lista se almacenará en el almacén de editores de confianza de Internet Explorer.","tags":["L_TrustCenter","L_Security","L_VisioOptions","L_MicrosoftVisio"],"application":"visio16","key":"software\\microsoft\\office\\16.0\\visio\\security"},{"parentCategory":{"ref":"L_TrustCenter"},"supportedOn":{"ref":"windows:SUPPORTED_Windows7"},"enabledValue":{"decimal":{"value":1}},"disabledValue":{"decimal":{"value":0}},"name":"L_RequirethatApplicationExtensionsaresigned","displayName":"Requerir que un editor de confianza firme los complementos de aplicaciones","explainText":"Esta configuración de directiva controla si los complementos de esta aplicación deben estar firmados digitalmente por un editor de confianza.\n \nSi habilita esta configuración de directiva, la aplicación comprobará la firma digital de cada complemento antes de cargarlo. Si un complemento no tiene una firma digital o si la firma no proviene de un editor de confianza, la aplicación deshabilita el complemento y notifica al usuario. Deben agregarse certificados a la lista de editores de confianza si solicita que todos los complementos estén firmados por un editor de confianza. Para obtener más información sobre cómo obtener y distribuir certificados, consulte http://go.microsoft.com/fwlink/?LinkId=294922. Office 2016 almacena certificados para editores de confianza en el almacén de editores de confianza de Internet Explorer. Las versiones anteriores de Microsoft Office almacenaban información de certificados de editores de confianza (específicamente, la huella digital de certificado) en un almacén de editores de confianza de Office especial. Office 2016 todavía lee información de certificados de editores de confianza desde el almacén de editores de confianza de Office, pero ya no escribe información en este. Por tanto, si creó una lista de editores de confianza en una versión anterior de Office y actualiza a Office 2016, la lista se reconocerá todavía. No obstante, todos los certificados de editores de confianza que agregue a la lista se almacenarán en el almacén de editores de confianza de Internet Explorer. Para obtener más información acerca de editores de confianza, consulte el kit de recursos de Office.\n\nSi deshabilita o no establece esta configuración de directiva, la aplicación no comprobará la firma digital de los complementos de las aplicaciones antes de abrirlos. Si se carga un complemento peligroso, podría dañar el equipo de los usuarios o poner en peligro la seguridad de los datos.","tags":["L_TrustCenter","L_Security","L_VisioOptions","L_MicrosoftVisio"],"application":"visio16","key":"software\\microsoft\\office\\16.0\\visio\\security","valueName":"requireaddinsig"},{"parentCategory":{"ref":"L_TrustCenter"},"supportedOn":{"ref":"windows:SUPPORTED_Windows7"},"enabledValue":{"decimal":{"value":1}},"disabledValue":{"decimal":{"value":0}},"name":"L_DisableTrustBarNotificationforunsigned","displayName":"Deshabilitar la notificación de la barra de confianza para complementos de aplicaciones sin firmar y bloquearlos","explainText":"Esta configuración de directiva controla si la aplicación de Office especificada notifica a los usuarios cuando se cargan complementos de la aplicación sin firmar o si dichos complementos se deshabilitan silenciosamente sin notificación. Esta configuración de directiva se aplica únicamente si habilita \"Requerir que un editor de confianza firme las extensiones de aplicaciones\", lo que impide que los usuarios cambien esta configuración de directiva.\n      \nSi habilita esta configuración de directiva, las aplicaciones automáticamente deshabilitan los complementos no firmados sin informar a los usuarios.\n\nSi deshabilita esta configuración de directiva, si se configura esta aplicación para requerir que todos los complementos estén firmados por un editor de confianza, los complementos sin firmar que cargue la aplicación se deshabilitarán y la aplicación mostrará la barra de confianza en la parte superior de la ventana activa. La barra de confianza contiene un mensaje que informa a los usuarios acerca del complemento sin firmar.\n\nSi no establece esta configuración de directiva, se aplica el comportamiento de deshabilitación y, además, los usuarios pueden configurar este requisito en la categoría \"Complementos\" del Centro de confianza de la aplicación.","tags":["L_TrustCenter","L_Security","L_VisioOptions","L_MicrosoftVisio"],"application":"visio16","key":"software\\microsoft\\office\\16.0\\visio\\security","valueName":"notbpromptunsignedaddin"},{"parentCategory":{"ref":"L_TrustCenter"},"supportedOn":{"ref":"windows:SUPPORTED_Windows7"},"enabledValue":{"decimal":{"value":1}},"disabledValue":{"decimal":{"value":0}},"name":"L_AllowTrustedLocationsOnTheNetwork","displayName":"Permitir ubicaciones de confianza en la red","explainText":"Esta configuración de directiva controla si se pueden usar las ubicaciones de confianza en la red.\n\nSi habilita esta configuración de directiva, los usuarios podrán especificar ubicaciones de confianza de recursos compartidos de red o de otras ubicaciones remotas fuera de su control directo activando la casilla \"Agregar nueva ubicación\" en la sección Ubicaciones de confianza del Centro de confianza. Se permite cargar contenidos, códigos y complementos de ubicaciones de confianza con requisitos de seguridad mínimos y sin tener que solicitar permiso al usuario\n\nSi deshabilita esta configuración de directiva, la aplicación seleccionada omite todas las ubicaciones de red incluidas en la sección Ubicaciones de confianza del Centro de confianza \n\nSi además implementa ubicaciones de confianza a través de una directiva de grupo, debe comprobar si alguna de ellas es una ubicación remota. Si alguna lo es y no permite ubicaciones remotas a través de esta configuración de directiva, las claves de directiva que señalan a ubicaciones remotas se omitirán en los equipos cliente.\n\nSi deshabilita esta configuración de directiva, no se eliminará ninguna ubicación de red de las Ubicaciones de confianza, pero causará trastornos para los usuarios que agregan ubicaciones de red a la lista Ubicaciones de confianza. También se evita que los usuarios agreguen nuevas ubicaciones a la lista de Ubicaciones de confianza en el Centro de confianza. Le recomendamos que no habilite esta configuración de directiva (tal y como se indica también en la casilla de verificación \"Permitir ubicaciones de confianza que estén en la red (no recomendado)\"). Por lo tanto, en la práctica debería ser posible deshabilitar esta configuración de directiva en la mayoría de situaciones sin causar problemas de uso a la mayoría de usuarios.\n\nSi no habilita esta configuración de directiva, los usuarios podrán seleccionar la casilla de verificación \"Permitir ubicaciones de confianza que estén en la red (no recomendado)\" si lo desean y podrán especificar luego las ubicaciones de confianza haciendo clic sobre el botón \"Agregar nueva ubicación\".","tags":["L_TrustCenter","L_Security","L_VisioOptions","L_MicrosoftVisio"],"application":"visio16","key":"software\\microsoft\\office\\16.0\\visio\\security\\trusted locations","valueName":"allownetworklocations"},{"parentCategory":{"ref":"L_TrustCenter"},"supportedOn":{"ref":"windows:SUPPORTED_Windows7"},"enabledValue":{"decimal":{"value":1}},"disabledValue":{"decimal":{"value":0}},"name":"L_DisableTrustedLoc","displayName":"Deshabilitar todas las ubicaciones de confianza","explainText":"Esta configuración de directiva permite a los administradores deshabilitar todas las ubicaciones de confianza en las versiones de 2016 de las aplicaciones especificadas. Las ubicaciones de confianza especificadas en el Centro de confianza se usan para definir las ubicaciones de archivo que se supone que son seguras. Se permite cargar contenido, código y complementos desde ubicaciones de confianza con una seguridad mínima, sin pedir permiso a los usuarios. Si se abre un archivo peligroso desde una ubicación de confianza, no estará sujeto a medidas de seguridad estándar y podría dañar el equipo PC o los datos de los usuarios\n \nSi habilita esta configuración de directiva, todas las ubicaciones de confianza (o sea, las especificadas en el Centro de confianza) de las versiones de 2016 de las aplicaciones especificadas se omitirán, incluidas las ubicaciones de confianza establecidas por Office durante la instalación, implementadas para los usuarios con la directiva de grupo o agregadas por los mismos usuarios. Se preguntará a los usuarios de nuevo antes de abrir archivos desde ubicaciones de confianza.\n\nSi deshabilita o no establece esta configuración de directiva, se da por supuesto que todas las ubicaciones de confianza (las especificadas en el Centro de confianza) de las versiones de 2016 de las aplicaciones especificadas son seguras.","tags":["L_TrustCenter","L_Security","L_VisioOptions","L_MicrosoftVisio"],"application":"visio16","key":"software\\microsoft\\office\\16.0\\visio\\security\\trusted locations","valueName":"alllocationsdisabled"},{"parentCategory":{"ref":"L_FileBlockSettings"},"supportedOn":{"ref":"windows:SUPPORTED_Windows7"},"elements":{"items":[{"item":[{"value":{"decimal":{"value":0}},"displayName":"No bloquear"},{"value":{"decimal":{"value":1}},"displayName":"Guardar bloqueado"},{"value":{"decimal":{"value":2}},"displayName":"Abrir y guardar bloqueados"}],"valueName":"visio2003files","inputType":"dropdownList","caption":"Configuración de bloqueo de archivos:","id":"L_Visio2003FilesDropID"}]},"name":"L_Visio2003Files","displayName":"Galerías de símbolos, plantillas y dibujos binarios de Visio 2003-2010","explainText":"Esta configuración de directiva permite determinar si los usuarios pueden abrir o guardar los archivos de Visio con el formato especificado por el título de esta configuración de directiva.\n\nSi la habilita, podrá especificar si los usuarios pueden abrir o guardar archivos.\n\nLas opciones que pueden seleccionarse se muestran a continuación.  Nota: no todas las opciones pueden estar disponibles para esta configuración de directiva.\n\n- No bloquear: el tipo de archivo no se bloqueará.\n\n- Guardar bloqueado: el almacenamiento del tipo de archivo se bloqueará.\n\n- Abrir y guardar bloqueados: tanto la apertura como el almacenamiento del tipo de archivo se bloquearán.\n\nSi deshabilita o no configura esta configuración de directiva, el tipo de archivo no se bloqueará.","tags":["L_FileBlockSettings","L_TrustCenter","L_Security","L_VisioOptions","L_MicrosoftVisio"],"application":"visio16","key":"software\\microsoft\\office\\16.0\\visio\\security\\fileblock"},{"parentCategory":{"ref":"L_FileBlockSettings"},"supportedOn":{"ref":"windows:SUPPORTED_Windows7"},"elements":{"items":[{"item":[{"value":{"decimal":{"value":0}},"displayName":"No bloquear"},{"value":{"decimal":{"value":2}},"displayName":"Abrir y guardar bloqueados"}],"valueName":"visio2000files","inputType":"dropdownList","caption":"Configuración de bloqueo de archivos:","id":"L_Visio2000FilesDropID"}]},"name":"L_Visio2000Files","displayName":"Galerías de símbolos, plantillas y dibujos binarios de Visio 2000-2002","explainText":"Esta configuración de directiva permite determinar si los usuarios pueden abrir o guardar los archivos de Visio con el formato especificado por el título de esta configuración de directiva.\n\nSi la habilita, podrá especificar si los usuarios pueden abrir o guardar archivos.\n\nLas opciones que pueden seleccionarse se muestran a continuación.  Nota: no todas las opciones pueden estar disponibles para esta configuración de directiva.\n\n- No bloquear: el tipo de archivo no se bloqueará.\n\n- Guardar bloqueado: el almacenamiento del tipo de archivo se bloqueará.\n\n- Abrir y guardar bloqueados: tanto la apertura como el almacenamiento del tipo de archivo se bloquearán.\n\nSi deshabilita o no configura esta configuración de directiva, el tipo de archivo se bloqueará.","tags":["L_FileBlockSettings","L_TrustCenter","L_Security","L_VisioOptions","L_MicrosoftVisio"],"application":"visio16","key":"software\\microsoft\\office\\16.0\\visio\\security\\fileblock"},{"parentCategory":{"ref":"L_FileBlockSettings"},"supportedOn":{"ref":"windows:SUPPORTED_Windows7"},"elements":{"items":[{"item":[{"value":{"decimal":{"value":0}},"displayName":"No bloquear"},{"value":{"decimal":{"value":2}},"displayName":"Abrir y guardar bloqueados"}],"valueName":"visio50andearlierfiles","inputType":"dropdownList","caption":"Configuración de bloqueo de archivos:","id":"L_Visio50AndEarlierFilesDropID"}]},"name":"L_Visio50AndEarlierFiles","displayName":"Galerías de símbolos, plantillas y dibujos binarios de Visio 5.0 o versiones anteriores","explainText":"Esta configuración de directiva permite determinar si los usuarios pueden abrir o guardar los archivos de Visio con el formato especificado por el título de esta configuración de directiva.\n\nSi la habilita, podrá especificar si los usuarios pueden abrir o guardar archivos.\n\nLas opciones que pueden seleccionarse se muestran a continuación.  Nota: no todas las opciones pueden estar disponibles para esta configuración de directiva.\n\n- No bloquear: el tipo de archivo no se bloqueará.\n\n- Guardar bloqueado: el almacenamiento del tipo de archivo se bloqueará.\n\n- Abrir y guardar bloqueados: tanto la apertura como el almacenamiento del tipo de archivo se bloquearán.\n\nSi deshabilita o no configura esta configuración de directiva, el tipo de archivo se bloqueará.","tags":["L_FileBlockSettings","L_TrustCenter","L_Security","L_VisioOptions","L_MicrosoftVisio"],"application":"visio16","key":"software\\microsoft\\office\\16.0\\visio\\security\\fileblock"},{"parentCategory":{"ref":"L_MacroSecurity"},"supportedOn":{"ref":"windows:SUPPORTED_Windows7"},"enabledValue":{"string":"1"},"disabledValue":{"string":"0"},"name":"L_LoadMicrosoftVisualBasicforApplicationsprojectsf","displayName":"Cargar los proyectos de Microsoft Visual Basic para aplicaciones desde el texto","explainText":"Si desea poder conservar el trabajo del proyecto VBA en dibujos creados en otras versiones de Visio, seleccione esta opción para que el proyecto VBA se compile al cargar el archivo, pero no se guarde el proyecto compilado.","tags":["L_MacroSecurity","L_Security","L_VisioOptions","L_MicrosoftVisio"],"application":"visio16","key":"software\\microsoft\\office\\16.0\\visio\\application","valueName":"loadvbaprojectsfromtext"},{"parentCategory":{"ref":"L_MacroSecurity"},"supportedOn":{"ref":"windows:SUPPORTED_Windows7"},"enabledValue":{"string":"1"},"disabledValue":{"string":"0"},"name":"L_EnableMicrosoftVisualBasicforApplicationsproject","displayName":"Habilitar la creación de proyectos de Microsoft Visual Basic para aplicaciones","explainText":"Habilita la creación de proyectos de VBA al abrir (o crear) un documento que aún no contenga un proyecto. Si desactiva esta casilla, no podrá crear una macro en un documento que no contenga un proyecto.","tags":["L_MacroSecurity","L_Security","L_VisioOptions","L_MicrosoftVisio"],"application":"visio16","key":"software\\microsoft\\office\\16.0\\visio\\application","valueName":"createvbaprojects"},{"parentCategory":{"ref":"L_EditingOptions"},"supportedOn":{"ref":"windows:SUPPORTED_Windows7"},"enabledValue":{"string":"0"},"disabledValue":{"string":"1"},"name":"L_TurnOffTransitions","displayName":"Desactivar transiciones","explainText":"Esta configuración de directiva le permite configurar transiciones, que son efectos de animación suaves.\n\nSi la habilita, las transiciones se desactivan.\n\nSi la deshabilita o no la establece, las transiciones se activan.","tags":["L_EditingOptions","L_Advanced","L_VisioOptions","L_MicrosoftVisio"],"application":"visio16","key":"software\\microsoft\\office\\16.0\\visio\\application","valueName":"transitionsenabled"},{"parentCategory":{"ref":"L_EditingOptions"},"supportedOn":{"ref":"windows:SUPPORTED_Windows7"},"enabledValue":{"string":"0"},"disabledValue":{"string":"1"},"name":"L_TurnOffSmartDeleteBehaviorOfConnectorsWhenDeletingShapes","displayName":"Desactivar el comportamiento de eliminación inteligente de conectores al eliminar formas","explainText":"Esta configuración de directiva desactiva el comportamiento de eliminación inteligente de conectores al eliminar formas.\n\nSi la habilita, los conectores no se eliminan al eliminar formas.\n\nSi la deshabilita o no la configura, los conectores se eliminan al eliminar formas.","tags":["L_EditingOptions","L_Advanced","L_VisioOptions","L_MicrosoftVisio"],"application":"visio16","key":"software\\microsoft\\office\\16.0\\visio\\application","valueName":"deleteconnectorsenabled"},{"parentCategory":{"ref":"L_EditingOptions"},"supportedOn":{"ref":"windows:SUPPORTED_Windows7"},"enabledValue":{"string":"0"},"disabledValue":{"string":"1"},"name":"L_TurnOffShapeSheetFormulaAutoComplete","displayName":"Desactivar Autocompletar fórmulas de ShapeSheet","explainText":"Esta configuración de directiva le permite configurar Autocompletar fórmulas de ShapeSheet.\n\nSi la habilita, Autocompletar fórmulas de ShapeSheet se desactiva.\n\nSi la deshabilita o no la configura, Autocompletar fórmulas de ShapeSheet se activa.","tags":["L_EditingOptions","L_Advanced","L_VisioOptions","L_MicrosoftVisio"],"application":"visio16","key":"software\\microsoft\\office\\16.0\\visio\\application","valueName":"formulaautocomplete"},{"parentCategory":{"ref":"L_GeneralOptions"},"supportedOn":{"ref":"windows:SUPPORTED_Windows7"},"enabledValue":{"string":"1"},"disabledValue":{"string":"0"},"name":"L_OpeneachShapeSheetinthesamewindow","displayName":"Abrir cada ShapeSheet en la misma ventana","explainText":"Abre varias ShapeSheets en la misma ventana en lugar de mostrar cada ShapeSheet en su propia ventana.","tags":["L_GeneralOptions","L_Advanced","L_VisioOptions","L_MicrosoftVisio"],"application":"visio16","key":"software\\microsoft\\office\\16.0\\visio\\document","valueName":"recycleshapesheetwindow"},{"parentCategory":{"ref":"L_GeneralOptions"},"supportedOn":{"ref":"windows:SUPPORTED_Windows7"},"enabledValue":{"string":"1"},"disabledValue":{"string":"0"},"name":"L_PutallsettingsinWindowsregistry","displayName":"Colocar la configuración en el Registro de Windows","explainText":"Agrega todas las configuraciones posibles de la aplicación al Registro de Windows. De forma predeterminada, solamente se agregan determinadas configuraciones (configuraciones no predeterminadas y alguna otra, como rutas de acceso de archivos, filtros de importación y exportación y los últimos archivos) para mantener la configuración del registro simple.","tags":["L_GeneralOptions","L_Advanced","L_VisioOptions","L_MicrosoftVisio"],"application":"visio16","key":"software\\microsoft\\office\\16.0\\visio\\application","valueName":"putallinregistry"},{"parentCategory":{"ref":"L_GeneralOptions"},"supportedOn":{"ref":"windows:SUPPORTED_Windows7"},"enabledValue":{"string":"1"},"disabledValue":{"string":"0"},"name":"L_EnableAutomationevents","displayName":"Habilitar eventos de Automatización","explainText":"Habilita el envío de eventos de Visio a complementos de Visio y macros de VBA. Si se desactiva, se deshabilitarán todos los eventos de Visio. Si desactiva esta opción, algunos tipos de dibujo de Visio que se basan en eventos de automatización no tendrán una funcionalidad completa.","tags":["L_GeneralOptions","L_Advanced","L_VisioOptions","L_MicrosoftVisio"],"application":"visio16","key":"software\\microsoft\\office\\16.0\\visio\\application","valueName":"eventsenabled"},{"parentCategory":{"ref":"L_FileLocations"},"supportedOn":{"ref":"windows:SUPPORTED_Windows7"},"elements":{"items":[{"valueName":"drawingspath","requiredSpecified":false,"expandableSpecified":false,"maxLength":2147483647,"maxLengthSpecified":false,"inputType":"textBox","caption":"Dibujos:","id":"L_Drawingscolon"}]},"name":"L_Drawings","displayName":"Dibujos","explainText":"Muestra la ubicación adicional de los dibujos. Cuando agrega aquí una ubicación, ésta se convierta en la ubicación de guardado predeterminada.","tags":["L_FileLocations","L_Advanced","L_VisioOptions","L_MicrosoftVisio"],"application":"visio16","key":"software\\microsoft\\office\\16.0\\visio\\application"},{"parentCategory":{"ref":"L_FileLocations"},"supportedOn":{"ref":"windows:SUPPORTED_Windows7"},"elements":{"items":[{"valueName":"templatepath","requiredSpecified":false,"expandableSpecified":false,"maxLength":2147483647,"maxLengthSpecified":false,"inputType":"textBox","caption":"Plantillas:","id":"L_Templatescolon"}]},"name":"L_Templates","displayName":"Plantillas","explainText":"Esta configuración de directiva le permite especificar la ubicación adicional de plantillas.\n\nSi la habilita, puede especificar la ubicación adicional de plantillas. Estas ubicaciones se muestran en la pantalla Nuevo de la pestaña Archivo.\n\nSi la deshabilita o no la configura, no se muestran ubicaciones de plantillas adicionales.","tags":["L_FileLocations","L_Advanced","L_VisioOptions","L_MicrosoftVisio"],"application":"visio16","key":"software\\microsoft\\office\\16.0\\visio\\application"},{"parentCategory":{"ref":"L_FileLocations"},"supportedOn":{"ref":"windows:SUPPORTED_Windows7"},"elements":{"items":[{"valueName":"stencilpath","requiredSpecified":false,"expandableSpecified":false,"maxLength":2147483647,"maxLengthSpecified":false,"inputType":"textBox","caption":"Galerías de símbolos:","id":"L_Stencilscolon"}]},"name":"L_Stencils","displayName":"Galerías de símbolos","explainText":"Muestra la ubicación adicional de galerías de símbolos. Cuando se agrega una ubicación aquí, las galerías de símbolos de esta ubicación se enumeran en el submenú Formas del menú Archivo.","tags":["L_FileLocations","L_Advanced","L_VisioOptions","L_MicrosoftVisio"],"application":"visio16","key":"software\\microsoft\\office\\16.0\\visio\\application"},{"parentCategory":{"ref":"L_FileLocations"},"supportedOn":{"ref":"windows:SUPPORTED_Windows7"},"elements":{"items":[{"valueName":"helppath","requiredSpecified":false,"expandableSpecified":false,"maxLength":2147483647,"maxLengthSpecified":false,"inputType":"textBox","caption":"Ayuda:","id":"L_Helpcolon"}]},"name":"L_Help","displayName":"Ayuda","explainText":"Muestra la ubicación adicional de los archivos de ayuda.","tags":["L_FileLocations","L_Advanced","L_VisioOptions","L_MicrosoftVisio"],"application":"visio16","key":"software\\microsoft\\office\\16.0\\visio\\application"},{"parentCategory":{"ref":"L_FileLocations"},"supportedOn":{"ref":"windows:SUPPORTED_Windows7"},"elements":{"items":[{"valueName":"addonspath","requiredSpecified":false,"expandableSpecified":false,"maxLength":2147483647,"maxLengthSpecified":false,"inputType":"textBox","caption":"Complementos:","id":"L_Addonscolon"}]},"name":"L_Addons","displayName":"Complementos","explainText":"Deshabilita la ubicación adicional de macros y complementos.","tags":["L_FileLocations","L_Advanced","L_VisioOptions","L_MicrosoftVisio"],"application":"visio16","key":"software\\microsoft\\office\\16.0\\visio\\application"},{"parentCategory":{"ref":"L_FileLocations"},"supportedOn":{"ref":"windows:SUPPORTED_Windows7"},"elements":{"items":[{"valueName":"startuppath","requiredSpecified":false,"expandableSpecified":false,"maxLength":2147483647,"maxLengthSpecified":false,"inputType":"textBox","caption":"Inicio:","id":"L_Startupcolon"}]},"name":"L_Startup","displayName":"Inicio","explainText":"Muestra la ubicación adicional para macros y complementos abiertos al iniciar Visio.","tags":["L_FileLocations","L_Advanced","L_VisioOptions","L_MicrosoftVisio"],"application":"visio16","key":"software\\microsoft\\office\\16.0\\visio\\application"},{"parentCategory":{"ref":"L_FileLocations"},"supportedOn":{"ref":"windows:SUPPORTED_Windows7"},"elements":{"items":[{"valueName":"myshapespath","requiredSpecified":false,"expandableSpecified":false,"maxLength":2147483647,"maxLengthSpecified":false,"inputType":"textBox","caption":"Mis formas:","id":"L_MyShapescolon"}]},"name":"L_MyShapes","displayName":"Mis formas","explainText":"Muestra la ruta de acceso de la carpeta Mis formas.","tags":["L_FileLocations","L_Advanced","L_VisioOptions","L_MicrosoftVisio"],"application":"visio16","key":"software\\microsoft\\office\\16.0\\visio\\application"},{"parentCategory":{"ref":"L_FileLocations"},"supportedOn":{"ref":"windows:SUPPORTED_Windows7"},"elements":{"items":[{"valueName":"favoritesstencilname","requiredSpecified":false,"expandableSpecified":false,"maxLength":2147483647,"maxLengthSpecified":false,"inputType":"textBox","caption":"Nombre de galería de símbolos favoritos:","id":"L_FavoritesStencilNamecolon"}]},"name":"L_FavoritesStencilName","displayName":"Nombre de galería de símbolos favoritos","explainText":"Muestra el nombre de la galería de símbolos creada en la carpeta Mis formas, que contiene las formas favoritas de un usuario.","tags":["L_FileLocations","L_Advanced","L_VisioOptions","L_MicrosoftVisio"],"application":"visio16","key":"software\\microsoft\\office\\16.0\\visio\\application"},{"parentCategory":{"ref":"L_AutoCorrectOptions"},"supportedOn":{"ref":"windows:SUPPORTED_Windows7"},"enabledValue":{"decimal":{"value":1}},"disabledValue":{"decimal":{"value":0}},"name":"L_Straightquoteswithsmartquotes","displayName":"Comillas rectas con comillas tipográficas","explainText":"Activa o desactiva la opción correspondiente de la interfaz de usuario.","tags":["L_AutoCorrectOptions","L_Proofing","L_VisioOptions","L_MicrosoftVisio"],"application":"visio16","key":"software\\microsoft\\office\\16.0\\visio\\autoformat as you type","valueName":"smartquotes"},{"parentCategory":{"ref":"L_AutoCorrectOptions"},"supportedOn":{"ref":"windows:SUPPORTED_Windows7"},"enabledValue":{"decimal":{"value":1}},"disabledValue":{"decimal":{"value":0}},"name":"L_Fractionswithfractioncharacter","displayName":"Fracciones con carácter de fracción","explainText":"Activa o desactiva la opción correspondiente de la interfaz de usuario.","tags":["L_AutoCorrectOptions","L_Proofing","L_VisioOptions","L_MicrosoftVisio"],"application":"visio16","key":"software\\microsoft\\office\\16.0\\visio\\autoformat as you type","valueName":"fractions"},{"parentCategory":{"ref":"L_AutoCorrectOptions"},"supportedOn":{"ref":"windows:SUPPORTED_Windows7"},"enabledValue":{"decimal":{"value":1}},"disabledValue":{"decimal":{"value":0}},"name":"L_Ordinalswithsuperscript","displayName":"Ordinales con superíndice","explainText":"Activa o desactiva la opción correspondiente de la interfaz de usuario.","tags":["L_AutoCorrectOptions","L_Proofing","L_VisioOptions","L_MicrosoftVisio"],"application":"visio16","key":"software\\microsoft\\office\\16.0\\visio\\autoformat as you type","valueName":"ordinals"},{"parentCategory":{"ref":"L_AutoCorrectOptions"},"supportedOn":{"ref":"windows:SUPPORTED_Windows7"},"enabledValue":{"decimal":{"value":1}},"disabledValue":{"decimal":{"value":0}},"name":"L_Hyphenswithdash","displayName":"Guiones con guión largo","explainText":"Activa o desactiva la opción correspondiente de la interfaz de usuario.","tags":["L_AutoCorrectOptions","L_Proofing","L_VisioOptions","L_MicrosoftVisio"],"application":"visio16","key":"software\\microsoft\\office\\16.0\\visio\\autoformat as you type","valueName":"dashes"},{"parentCategory":{"ref":"L_AutoCorrectOptions"},"supportedOn":{"ref":"windows:SUPPORTED_Windows7"},"enabledValue":{"decimal":{"value":1}},"disabledValue":{"decimal":{"value":0}},"name":"L_Smileyfacesandarrowswithspecialsymbols","displayName":"Caras sonrientes y flechas con símbolos especiales","explainText":"Activa o desactiva la opción correspondiente de la interfaz de usuario.","tags":["L_AutoCorrectOptions","L_Proofing","L_VisioOptions","L_MicrosoftVisio"],"application":"visio16","key":"software\\microsoft\\office\\16.0\\visio\\autoformat as you type","valueName":"smileys"},{"parentCategory":{"ref":"L_Miscellaneous"},"supportedOn":{"ref":"windows:SUPPORTED_Windows7"},"elements":{"items":[{"valueName":"sendtoemailmsgstring","requiredSpecified":false,"expandableSpecified":false,"maxLength":2147483647,"maxLengthSpecified":false,"inputType":"textBox","caption":"Mensaje de correo electrónico para comandos 'Enviar a'","id":"L_emailmessageforsendtocommands101"}]},"name":"L_EmailmessageforSendtocommands","displayName":"Mensaje de correo electrónico para comandos 'Enviar a'","explainText":"Comando en el submenú Enviar a del menú Archivo.","tags":["L_Miscellaneous","L_MicrosoftVisio"],"application":"visio16","key":"software\\microsoft\\office\\16.0\\visio\\application"},{"parentCategory":{"ref":"L_Display"},"supportedOn":{"ref":"windows:SUPPORTED_Windows7"},"elements":{"items":[{"valueName":"max display","minValue":0,"minValueSpecified":true,"maxValue":50,"maxValueSpecified":true,"inputType":"decimalTextBox","caption":"Número de entradas: ","id":"L_Numberofentries"}]},"name":"L_Recentlyusedfilelist","displayName":"Número de entradas de la lista de dibujos recientes","explainText":"Esta configuración de directiva especifica el número de entradas mostradas en la lista Dibujos recientes que aparece cuando los usuarios hacen clic en Abrir en la pestaña Archivo en la vista Backstage. \n\nSi habilita esta configuración de directiva, podrá especificar el número de entradas entre 0 y 50. Si establece el número como 0, se ocultarán todas las entradas ancladas y desancladas.\n\nSi deshabilita o no configura esta configuración de directiva, se mostrarán un máximo de 25 elementos en la lista Dibujos recientes.\n\nNota: Si desea evitar por completo que se agreguen elementos a la lista Dibujos recientes, puede habilitar la configuración de directiva de Windows \"No guardar historial de documentos abiertos recientemente\".","tags":["L_Display","L_Advanced","L_VisioOptions","L_MicrosoftVisio"],"application":"visio16","key":"software\\microsoft\\office\\16.0\\visio\\file mru"},{"parentCategory":{"ref":"L_Display"},"supportedOn":{"ref":"windows:SUPPORTED_Windows7"},"elements":{"items":[{"valueName":"max display","minValue":0,"minValueSpecified":true,"maxValue":20,"maxValueSpecified":true,"inputType":"decimalTextBox","caption":"Número de carpetas: ","id":"L_SetNumberOfPlacesInTheRecentPlacesListSpinID"}]},"name":"L_SetNumberOfPlacesInTheRecentPlacesList","displayName":"Número de carpetas en la lista de carpetas recientes","explainText":"Esta configuración de directiva especifica el número de entradas desancladas que se mostrarán en la lista Carpetas recientes que aparece cuando los usuarios hacen clic en Abrir o Guardar como en la pestaña Archivo en la vista Backstage. \n\nSi habilita esta configuración de directiva, podrá especificar el número de entradas desancladas entre 0 y 20. Si los establece en 0, se ocultarán todas las entradas ancladas y desancladas.\n\nSi deshabilita esta configuración de directiva o no la define, se mostrarán un máximo de 5 elementos desanclados en la lista Carpetas recientes.\n\nNota: Si desea evitar por completo que se agreguen elementos a la lista Carpetas recientes, puede habilitar la configuración de directiva de Windows \"No guardar historial de documentos abiertos recientemente\".","tags":["L_Display","L_Advanced","L_VisioOptions","L_MicrosoftVisio"],"application":"visio16","key":"software\\microsoft\\office\\16.0\\visio\\place mru"},{"parentCategory":{"ref":"L_Miscellaneous"},"supportedOn":{"ref":"windows:SUPPORTED_Windows7"},"enabledValue":{"decimal":{"value":1}},"disabledValue":{"decimal":{"value":0}},"name":"L_DisableOfficeStartVisio","displayName":"Deshabilitar la pantalla de inicio de Office para Visio","explainText":"Esta configuración de directiva controla si la pantalla de inicio de Office aparece en el arranque de Visio.\n\nSi habilita esta configuración de directiva, los usuarios no verán la pantalla de inicio de Office cuando inicien Visio\n\nSi deshabilita o no establece esta configuración de directiva, los usuarios verán la pantalla de inicio de Office cuando inicien Visio.\n\nNota: Esta configuración de directiva se cambia por la configuración de directiva \"Microsoft Office 2016 > Varios > Deshabilita la pantalla de inicio de Microsoft para todas las aplicaciones de Office\" si se establece esta configuración de directiva.","tags":["L_Miscellaneous","L_MicrosoftVisio"],"application":"visio16","key":"software\\microsoft\\office\\16.0\\visio\\application","valueName":"disableboottoofficestart"},{"parentCategory":{"ref":"L_Miscellaneous"},"supportedOn":{"ref":"windows:SUPPORTED_Windows7"},"elements":{"items":[{"valueName":"personaltemplates","requiredSpecified":false,"expandable":true,"expandableSpecified":true,"maxLength":2147483647,"maxLengthSpecified":false,"inputType":"textBox","caption":"Ruta de plantillas personales","id":"L_PersonalTemplatesPath"}]},"name":"L_PersonalTemplatesPath","displayName":"Ruta de plantillas personales para Visio","explainText":"Esta opción de directiva especifica la ubicación de plantillas personales de un usuario. \n\nSi habilita esta opción, los usuarios verán las plantillas que han guardado en la ubicación especificada en la pestaña de plantillas personalizadas de la pantalla de inicio en Office y en Archivo | Nuevo; al guardar una plantilla, su carpeta predeterminada pasará a la ubicación especificada. \n\nSi la deshabilita o no la configura, los usuarios no verán las plantillas que han guardado en la pestaña de plantillas personalizadas de la pantalla de inicio de Office ni en Archivo | Nuevo; al guardar una plantilla, su carpeta predeterminada será la ubicación para guardar documentos.","tags":["L_Miscellaneous","L_MicrosoftVisio"],"application":"visio16","key":"software\\microsoft\\office\\16.0\\visio\\application"},{"parentCategory":{"ref":"L_Miscellaneous"},"supportedOn":{"ref":"windows:SUPPORTED_Windows7"},"elements":{"items":[{"item":[{"value":{"decimal":{"value":0}},"displayName":"Destacados"},{"value":{"decimal":{"value":2}},"displayName":"Integrado"},{"value":{"decimal":{"value":1}},"displayName":"Personalizado"}],"valueName":"officestartdefaulttab","inputType":"dropdownList","caption":"Pestaña predeterminada","id":"L_DefaultBuiltInTab"}]},"name":"L_DefaultBuiltInTab","displayName":"Pestaña predeterminada para mostrar en Visio en la pantalla de inicio de Office y en Archivo | Nuevo","explainText":"Esta configuración de directiva controla qué aparece en la pestaña predeterminada de Visio en la pantalla de inicio de Office y en Archivo | Nuevo. \n\nSi habilita esta configuración de directiva, puede escoger entre dos opciones cuál quiere que sea la pestaña predeterminada en la pantalla de inicio de Office y en Archivo | Nuevo:\n\n\\* Integradas - Los usuarios verán la pestaña de plantillas integradas como pestaña predeterminada de Visio en la pantalla de inicio de Office y en Archivo | Nuevo.\n\n* Personalizadas - Los usuarios verán la pestaña de plantillas personalizadas como pestaña predeterminada de Visio en la pantalla de inicio de Office y en Archivo | Nuevo siempre que existan plantillas (incluyendo plantillas programadas de XML personalizadas, plantillas de la ruta de plantillas del equipo de trabajo, plantillas de la ruta de plantillas personales y plantillas de SharePoint).\n\nSi deshabilita o no establece esta configuración de directiva, los usuarios verán la pestaña de plantillas destacadas como pestaña predeterminada de Visio en la pantalla de inicio de Office y en Archivo | Nuevo","tags":["L_Miscellaneous","L_MicrosoftVisio"],"application":"visio16","key":"software\\microsoft\\office\\16.0\\visio\\application"},{"parentCategory":{"ref":"L_Proofing"},"supportedOn":{"ref":"windows:SUPPORTED_Windows7"},"enabledValue":{"decimal":{"value":1}},"disabledValue":{"decimal":{"value":0}},"name":"L_DisableVisioRnRPane","displayName":"Desactivar las características Referencia y Traducción en Visio","explainText":" verán las características de referencia y traducción en Visio.\n\n        Nota: esta configuración de directiva solo se aplica a Visio LTSC 2021.\n      ","tags":["L_Proofing","L_VisioOptions","L_MicrosoftVisio"],"application":"visio16","key":"software\\microsoft\\office\\16.0\\visio\\application","valueName":"disablevisiornrpane"}]}