{"categories":[{"name":"L_MicrosoftOfficeOneNote","displayName":"OneNote"},{"parentCategory":{"ref":"L_MicrosoftOfficeOneNote"},"name":"L_OneNoteOptions","displayName":"Параметры OneNote"},{"parentCategory":{"ref":"L_OneNoteOptions"},"name":"L_Display","displayName":"Экран"},{"parentCategory":{"ref":"L_OneNoteOptions"},"name":"L_Editing","displayName":"Редактирование"},{"parentCategory":{"ref":"L_OneNoteOptions"},"name":"L_Pen","displayName":"Перо"},{"parentCategory":{"ref":"L_OneNoteOptions"},"name":"L_Email","displayName":"Электронная почта"},{"parentCategory":{"ref":"L_OneNoteOptions"},"name":"L_Security","displayName":"Безопасность"},{"parentCategory":{"ref":"L_Security"},"name":"L_Cryptography","displayName":"Криптография"},{"parentCategory":{"ref":"L_OneNoteOptions"},"name":"L_NoteFlags","displayName":"Флаги заметок"},{"parentCategory":{"ref":"L_OneNoteOptions"},"name":"L_AudioandVideo","displayName":"Аудио и видео"},{"parentCategory":{"ref":"L_OneNoteOptions"},"name":"L_Save","displayName":"Сохранить"},{"parentCategory":{"ref":"L_OneNoteOptions"},"name":"L_Password","displayName":"Пароль"},{"parentCategory":{"ref":"L_OneNoteOptions"},"name":"L_Backup","displayName":"Резервное копирование"},{"parentCategory":{"ref":"L_OneNoteOptions"},"name":"L_SendToOneNote","displayName":"Отправить в OneNote"},{"parentCategory":{"ref":"L_OneNoteOptions"},"name":"L_Addins","displayName":"Надстройки"},{"parentCategory":{"ref":"L_OneNoteOptions"},"name":"L_Spelling","displayName":"Орфография"},{"parentCategory":{"ref":"L_OneNoteOptions"},"name":"L_VersionsAndRecyleBin","displayName":"Версии и корзина"},{"parentCategory":{"ref":"L_OneNoteOptions"},"name":"L_Other","displayName":"Другие"}],"policies":[{"parentCategory":{"ref":"L_Display"},"supportedOn":{"ref":"windows:SUPPORTED_Windows7"},"elements":{"items":[{"item":[{"value":{"decimal":{"value":0}},"displayName":"Справа"},{"value":{"decimal":{"value":1}},"displayName":"Слева"}],"valueName":"pagetabsonleft","inputType":"dropdownList","caption":"Укажите расположение вкладки:","id":"L_Specifylocationofthepagetabcontrol"}]},"name":"L_Pagetabsappearontheleft","displayName":"Отображать вкладки страниц слева","explainText":"Справа. Снимает флажок ''Отображать вкладки страниц слева''. | Слева. Устанавливает флажок ''Отображать вкладки страниц слева''.","tags":["L_Display","L_OneNoteOptions","L_MicrosoftOfficeOneNote"],"application":"onent16","key":"software\\microsoft\\office\\16.0\\onenote\\options\\other"},{"parentCategory":{"ref":"L_Display"},"supportedOn":{"ref":"windows:SUPPORTED_Windows7"},"enabledValue":{"decimal":{"value":1}},"disabledValue":{"decimal":{"value":0}},"name":"L_Verticalscrollbarappearsonleft","displayName":"Вертикальная полоса прокрутки отображается слева","explainText":"Устанавливает или снимает соответствующий флажок в пользовательском интерфейсе.","tags":["L_Display","L_OneNoteOptions","L_MicrosoftOfficeOneNote"],"application":"onent16","key":"software\\microsoft\\office\\16.0\\onenote\\options\\other","valueName":"vertscrollbaronleft"},{"parentCategory":{"ref":"L_Display"},"supportedOn":{"ref":"windows:SUPPORTED_Windows7"},"enabledValue":{"decimal":{"value":1}},"disabledValue":{"decimal":{"value":0}},"name":"L_ShowNoteContainers","displayName":"Показать контейнеры заметок","explainText":"Устанавливает или снимает соответствующий флажок в пользовательском интерфейсе.","tags":["L_Display","L_OneNoteOptions","L_MicrosoftOfficeOneNote"],"application":"onent16","key":"software\\microsoft\\office\\16.0\\onenote\\options\\other","valueName":"shownotecontainers"},{"parentCategory":{"ref":"L_Display"},"supportedOn":{"ref":"windows:SUPPORTED_Windows7"},"enabledValue":{"decimal":{"value":0}},"disabledValue":{"decimal":{"value":1}},"name":"L_Navigationbarappearsontheright","displayName":"Панель навигации справа","explainText":"Данный параметр указывает местоположение панели навигации.","tags":["L_Display","L_OneNoteOptions","L_MicrosoftOfficeOneNote"],"application":"onent16","key":"software\\microsoft\\office\\16.0\\onenote\\options\\other","valueName":"navbaronleft"},{"parentCategory":{"ref":"L_Editing"},"supportedOn":{"ref":"windows:SUPPORTED_Windows7"},"enabledValue":{"decimal":{"value":0}},"disabledValue":{"decimal":{"value":1}},"name":"L_TurnOffLinkCreationWith","displayName":"Отключить создание ссылок с помощью обозначения [[ ]]","explainText":"Данный параметр политики позволяет отключить создание ссылок с помощью обозначения [[ ]]. Приложение OneNote позволяет пользователям автоматически создавать ссылки, заключая термины в двойные квадратные скобки: [[ ]]. Затем в OneNote автоматически создается новая страница в соответствующем разделе и ссылка на этот текст.\n\nЕсли этот параметр политики включен, пользователи не смогут использовать обозначение [[ ]] для создания ссылок и новых страниц.\n\nЕсли этот параметр политики отключен или не настроен, приложение OneNote будет автоматически создавать ссылки при использовании пользователями обозначения [[ ]].","tags":["L_Editing","L_OneNoteOptions","L_MicrosoftOfficeOneNote"],"application":"onent16","key":"software\\microsoft\\office\\16.0\\onenote\\options\\editing","valueName":"wikilink"},{"parentCategory":{"ref":"L_Editing"},"supportedOn":{"ref":"windows:SUPPORTED_Windows7"},"enabledValue":{"decimal":{"value":0}},"disabledValue":{"decimal":{"value":1}},"name":"L_Turnoffautocalculator","displayName":"Отключить автоматический калькулятор","explainText":"Данный параметр включает или отключает автоматический калькулятор.","tags":["L_Editing","L_OneNoteOptions","L_MicrosoftOfficeOneNote"],"application":"onent16","key":"software\\microsoft\\office\\16.0\\onenote\\options\\editing","valueName":"autocalculate"},{"parentCategory":{"ref":"L_Editing"},"supportedOn":{"ref":"windows:SUPPORTED_Windows7"},"enabledValue":{"decimal":{"value":1}},"disabledValue":{"decimal":{"value":0}},"name":"L_ShowPasteOptionsbuttons","displayName":"Показать кнопки возможностей вставки","explainText":"Устанавливает или снимает соответствующий флажок в пользовательском интерфейсе.","tags":["L_Editing","L_OneNoteOptions","L_MicrosoftOfficeOneNote"],"application":"onent16","key":"software\\microsoft\\office\\16.0\\onenote\\options\\other","valueName":"pasteooui"},{"parentCategory":{"ref":"L_Editing"},"supportedOn":{"ref":"windows:SUPPORTED_Windows7"},"enabledValue":{"decimal":{"value":1}},"disabledValue":{"decimal":{"value":0}},"name":"L_AutoNumberingRecognition","displayName":"Автоматическое распознавание нумерации","explainText":"Устанавливает или снимает флажок ''Автоматически добавлять номера в списки''.","tags":["L_Editing","L_OneNoteOptions","L_MicrosoftOfficeOneNote"],"application":"onent16","key":"software\\microsoft\\office\\16.0\\onenote\\options\\editing","valueName":"numbering auto reco"},{"parentCategory":{"ref":"L_Editing"},"supportedOn":{"ref":"windows:SUPPORTED_Windows7"},"enabledValue":{"decimal":{"value":1}},"disabledValue":{"decimal":{"value":0}},"name":"L_AutoBulletRecognition","displayName":"Автоматическое распознавание маркеров","explainText":"Устанавливает или снимает флажок ''Автоматически добавлять маркеры в списки''.","tags":["L_Editing","L_OneNoteOptions","L_MicrosoftOfficeOneNote"],"application":"onent16","key":"software\\microsoft\\office\\16.0\\onenote\\options\\editing","valueName":"bullet auto reco"},{"parentCategory":{"ref":"L_Editing"},"supportedOn":{"ref":"windows:SUPPORTED_Windows7"},"elements":{"items":[{"valueName":"defaultfontface","requiredSpecified":false,"expandableSpecified":false,"maxLength":2147483647,"maxLengthSpecified":false,"inputType":"textBox","caption":"Шрифт:","id":"L_Font"}]},"name":"L_DefaultFontName","displayName":"Шрифт по умолчанию","explainText":"Задает значение параметра ''Шрифт''.","tags":["L_Editing","L_OneNoteOptions","L_MicrosoftOfficeOneNote"],"application":"onent16","key":"software\\microsoft\\office\\16.0\\onenote\\options\\editing"},{"parentCategory":{"ref":"L_Editing"},"supportedOn":{"ref":"windows:SUPPORTED_Windows7"},"elements":{"items":[{"valueName":"defaultfontsize","requiredSpecified":false,"expandableSpecified":false,"maxLength":2147483647,"maxLengthSpecified":false,"inputType":"textBox","caption":"Размер шрифта:","id":"L_FontSize"}]},"name":"L_DefaultFontSize","displayName":"Размер шрифта по умолчанию","explainText":"Задает значение параметра ''Размер''.","tags":["L_Editing","L_OneNoteOptions","L_MicrosoftOfficeOneNote"],"application":"onent16","key":"software\\microsoft\\office\\16.0\\onenote\\options\\editing"},{"parentCategory":{"ref":"L_Editing"},"supportedOn":{"ref":"windows:SUPPORTED_Windows7"},"enabledValue":{"decimal":{"value":1}},"disabledValue":{"decimal":{"value":0}},"name":"L_AutoKeyboardSwitching","displayName":"Автоматическая смена клавиатуры","explainText":"Устанавливает или снимает флажок ''Переключать раскладку клавиатуры автоматически''.","tags":["L_Editing","L_OneNoteOptions","L_MicrosoftOfficeOneNote"],"application":"onent16","key":"software\\microsoft\\office\\16.0\\onenote\\options\\language","valueName":"autokeyboard"},{"parentCategory":{"ref":"L_Editing"},"supportedOn":{"ref":"windows:SUPPORTED_Windows7"},"enabledValue":{"decimal":{"value":1}},"disabledValue":{"decimal":{"value":0}},"name":"L_IncludelinktosourcewhenpastingfromtheInternet","displayName":"Включать ссылку на источник при вставке из Интернета","explainText":"Устанавливает или снимает соответствующий флажок в пользовательском интерфейсе.","tags":["L_Editing","L_OneNoteOptions","L_MicrosoftOfficeOneNote"],"application":"onent16","key":"software\\microsoft\\office\\16.0\\onenote\\options\\editing","valueName":"pasteincludeurl"},{"parentCategory":{"ref":"L_Pen"},"supportedOn":{"ref":"windows:SUPPORTED_Windows7"},"enabledValue":{"decimal":{"value":1}},"disabledValue":{"decimal":{"value":0}},"name":"L_DisableScratchout","displayName":"Отключить перечеркивание","explainText":"Отключает перечеркивание при рукописном вводе.","tags":["L_Pen","L_OneNoteOptions","L_MicrosoftOfficeOneNote"],"application":"onent16","key":"software\\microsoft\\office\\16.0\\onenote\\options\\pen","valueName":"disablescratchout"},{"parentCategory":{"ref":"L_Pen"},"supportedOn":{"ref":"windows:SUPPORTED_Windows7"},"enabledValue":{"decimal":{"value":1}},"disabledValue":{"decimal":{"value":0}},"name":"L_Createallnewpageswithrulelines","displayName":"Показывать направляющие на всех новых страницах","explainText":"Устанавливает или снимает соответствующий флажок в пользовательском интерфейсе.","tags":["L_Pen","L_OneNoteOptions","L_MicrosoftOfficeOneNote"],"application":"onent16","key":"software\\microsoft\\office\\16.0\\onenote\\options\\pen","valueName":"userulelines"},{"parentCategory":{"ref":"L_Pen"},"supportedOn":{"ref":"windows:SUPPORTED_Windows7"},"enabledValue":{"decimal":{"value":1}},"disabledValue":{"decimal":{"value":0}},"name":"L_Usepenpressuresensitivity","displayName":"Использовать чувствительность к нажатию пера","explainText":"Устанавливает или снимает соответствующий флажок в пользовательском интерфейсе.","tags":["L_Pen","L_OneNoteOptions","L_MicrosoftOfficeOneNote"],"application":"onent16","key":"software\\microsoft\\office\\16.0\\onenote\\options\\pen","valueName":"inkpressure"},{"parentCategory":{"ref":"L_Pen"},"supportedOn":{"ref":"windows:SUPPORTED_Windows7"},"enabledValue":{"decimal":{"value":1}},"disabledValue":{"decimal":{"value":0}},"name":"L_AutomaticallyswitchbetweenPenandSelectionTool","displayName":"Автоматически переключаться между пером и инструментом для выделения объектов","explainText":"Устанавливает или снимает соответствующий флажок в пользовательском интерфейсе.","tags":["L_Pen","L_OneNoteOptions","L_MicrosoftOfficeOneNote"],"application":"onent16","key":"software\\microsoft\\office\\16.0\\onenote\\options\\pen","valueName":"automodeswitch"},{"parentCategory":{"ref":"L_Pen"},"supportedOn":{"ref":"windows:SUPPORTED_Windows7"},"enabledValue":{"decimal":{"value":1}},"disabledValue":{"decimal":{"value":0}},"name":"L_ShowTabletPCInputPanelonOneNotepages","displayName":"Показывать панель ввода планшетного ПК на страницах OneNote","explainText":"Включите этот параметр политики, чтобы отобразить панель ввода планшетного ПК на страницах OneNote.","tags":["L_Pen","L_OneNoteOptions","L_MicrosoftOfficeOneNote"],"application":"onent16","key":"software\\microsoft\\office\\16.0\\onenote\\options\\pen","valueName":"showtabletpcinputpanel"},{"parentCategory":{"ref":"L_Email"},"supportedOn":{"ref":"windows:SUPPORTED_Windows7"},"enabledValue":{"decimal":{"value":1}},"disabledValue":{"decimal":{"value":0}},"name":"L_AttachEmbeddedFilesToTheEmail","displayName":"Вкладывать внедренные файлы в сообщения электронной почты как отдельные файлы","explainText":"Данный параметр политики задает состояние флажка \"Вкладывать внедренные файлы в сообщения электронной почты как отдельные файлы\" (вкладка \"Файл\" | Параметры | Дополнительно | Отправка электронной почты из OneNote).\n\nЕсли этот параметр политики включен или не настроен, внедренные файлы вкладываются в сообщения электронной почты в виде отдельных файлов.\n\nЕсли этот параметр политики отключен, внедренные файлы не вкладываются в сообщения электронной почты в виде отдельных файлов.","tags":["L_Email","L_OneNoteOptions","L_MicrosoftOfficeOneNote"],"application":"onent16","key":"software\\microsoft\\office\\16.0\\onenote\\options","valueName":"email embedded files"},{"parentCategory":{"ref":"L_Email"},"supportedOn":{"ref":"windows:SUPPORTED_Windows7"},"enabledValue":{"decimal":{"value":1}},"disabledValue":{"decimal":{"value":0}},"name":"L_AllowOneNoteemailattachments","displayName":"Разрешить вложения в сообщения электронной почты OneNote","explainText":"Устанавливает или снимает флажок ''Вкладывать копии исходных заметок в виде файлов в формате OneNote''.","tags":["L_Email","L_OneNoteOptions","L_MicrosoftOfficeOneNote"],"application":"onent16","key":"software\\microsoft\\office\\16.0\\onenote\\options","valueName":"email attachment"},{"parentCategory":{"ref":"L_Email"},"supportedOn":{"ref":"windows:SUPPORTED_Windows7"},"enabledValue":{"decimal":{"value":1}},"disabledValue":{"decimal":{"value":0}},"name":"L_AddsignaturetoOneNoteemailmessages","displayName":"Добавить подпись в сообщения электронной почты OneNote","explainText":"Устанавливает или снимает флажок ''Добавлять подпись к сообщениям электронной почты и веб-страницам, созданным в приложении OneNote''.","tags":["L_Email","L_OneNoteOptions","L_MicrosoftOfficeOneNote"],"application":"onent16","key":"software\\microsoft\\office\\16.0\\onenote\\options\\other","valueName":"emailsignature"},{"parentCategory":{"ref":"L_Email"},"supportedOn":{"ref":"windows:SUPPORTED_Windows7"},"elements":{"items":[{"valueName":"signature","requiredSpecified":false,"expandableSpecified":false,"maxLength":2147483647,"maxLengthSpecified":false,"inputType":"textBox","caption":"Введите подпись для использования в сообщениях электронной почты OneNote","id":"L_EntersignaturetouseforOneNoteemail"}]},"name":"L_UsethissignatureforOneNoteemail","displayName":"Использовать эту подпись для сообщений электронной почты OneNote","explainText":"Задает значение параметра ''Добавлять подпись к сообщениям электронной почты и веб-страницам, созданным в приложении OneNote''.","tags":["L_Email","L_OneNoteOptions","L_MicrosoftOfficeOneNote"],"application":"onent16","key":"software\\microsoft\\office\\16.0\\onenote\\options\\other"},{"parentCategory":{"ref":"L_NoteFlags"},"supportedOn":{"ref":"windows:SUPPORTED_Windows7"},"enabledValue":{"decimal":{"value":1}},"disabledValue":{"decimal":{"value":0}},"name":"L_Copyitemswhenmovingthem","displayName":"Копировать элементы при их перемещении","explainText":"Данный параметр политики позволяет настроить заметки с тегами.\n\nЕсли этот параметр политики включен или не настроен, будет установлен флажок \"без изменений\".\n\nЕсли этот параметр политики отключен, будет установлен флажок \"как недоступные\".","tags":["L_NoteFlags","L_OneNoteOptions","L_MicrosoftOfficeOneNote"],"application":"onent16","key":"software\\microsoft\\office\\16.0\\onenote\\options\\other","valueName":"duplicatenoteflag"},{"parentCategory":{"ref":"L_NoteFlags"},"supportedOn":{"ref":"windows:SUPPORTED_Windows7"},"enabledValue":{"decimal":{"value":1}},"disabledValue":{"decimal":{"value":0}},"name":"L_ShowDimmedTaggedNotesInTheTagsSummaryTaskPane","displayName":"Показывать помеченные заметки как недоступные в области задач \"Сводка тегов\"","explainText":"Устанавливает или снимает флажок \"Показывать помеченные заметки как недоступные в области задач \"Сводка тегов\"\".","tags":["L_NoteFlags","L_OneNoteOptions","L_MicrosoftOfficeOneNote"],"application":"onent16","key":"software\\microsoft\\office\\16.0\\onenote\\options\\other","valueName":"showinactivenoteflag"},{"parentCategory":{"ref":"L_AudioandVideo"},"supportedOn":{"ref":"windows:SUPPORTED_Windows7"},"enabledValue":{"decimal":{"value":0}},"disabledValue":{"decimal":{"value":1}},"name":"L_Disableaudosearch","displayName":"Отключить поиск аудиозаписей","explainText":"Отключает возможность поиска аудиозаписей в OneNote.","tags":["L_AudioandVideo","L_OneNoteOptions","L_MicrosoftOfficeOneNote"],"application":"onent16","key":"software\\microsoft\\office\\16.0\\onenote\\options\\other","valueName":"enableaudiosearch"},{"parentCategory":{"ref":"L_AudioandVideo"},"supportedOn":{"ref":"windows:SUPPORTED_Windows7"},"enabledValue":{"decimal":{"value":1}},"disabledValue":{"decimal":{"value":0}},"name":"L_DisableLinkedAudiofeature","displayName":"Отключить функцию связанного звука","explainText":"Данный параметр политики позволяет настроить команды \"Запись звука\" и \"Запись видео\" на вкладке \"Вставка\".\n\nЕсли этот параметр политики включен, команды будут недоступны.\n\nЕсли этот параметр политики отключен или не настроен, команды будут доступны.","tags":["L_AudioandVideo","L_OneNoteOptions","L_MicrosoftOfficeOneNote"],"application":"onent16","key":"software\\microsoft\\office\\16.0\\onenote\\options\\audio","valueName":"disablerecording"},{"parentCategory":{"ref":"L_AudioandVideo"},"supportedOn":{"ref":"windows:SUPPORTED_Windows7"},"elements":{"items":[{"valueName":"defaultbitdepth","minValue":8,"minValueSpecified":true,"maxValue":48,"maxValueSpecified":true,"inputType":"decimalTextBox","caption":"Бит:","id":"L_Bits"}]},"name":"L_Specifynumberofbitstosamplewhenrecording","displayName":"Укажите число битов на компонент при записи","explainText":"Указывает число битов на компонент (в кбит/с), используемое по умолчанию при записи звука. Если найден соответствующий кодек, то этот параметр будет использоваться по умолчанию в качестве числа битов на компонент в параметре \"Формат\" для связанного звука (вкладка \"Файл\" | Параметры | Звук и видео).","tags":["L_AudioandVideo","L_OneNoteOptions","L_MicrosoftOfficeOneNote"],"application":"onent16","key":"software\\microsoft\\office\\16.0\\onenote\\options\\audio"},{"parentCategory":{"ref":"L_AudioandVideo"},"supportedOn":{"ref":"windows:SUPPORTED_Windows7"},"elements":{"items":[{"valueName":"defaultsamplerate","minValue":8,"minValueSpecified":true,"maxValue":192,"maxValueSpecified":true,"inputType":"decimalTextBox","caption":"Бит/с:","id":"L_BitsSecond"}]},"name":"L_Specifyratetosampleaudiobitssecond","displayName":"Укажите частоту дискретизации, используемую при записи звука (бит/с)","explainText":"Указывает частоту дискретизации (в кГц), используемую по умолчанию при записи звука. Если найден соответствующий кодек, то этот параметр будет использоваться по умолчанию в качестве частоты дискретизации в параметре \"Формат\" для связанного звука (вкладка \"Файл\" | Параметры | Звук и видео).","tags":["L_AudioandVideo","L_OneNoteOptions","L_MicrosoftOfficeOneNote"],"application":"onent16","key":"software\\microsoft\\office\\16.0\\onenote\\options\\audio"},{"parentCategory":{"ref":"L_AudioandVideo"},"supportedOn":{"ref":"windows:SUPPORTED_Windows7"},"elements":{"items":[{"valueName":"defaultchannels","minValue":1,"minValueSpecified":true,"maxValue":2,"maxValueSpecified":true,"inputType":"decimalTextBox","caption":"Каналы (1-2):","id":"L_Channels12"}]},"name":"L_Specifynumberofchannelstorecord","displayName":"Укажите число каналов для записи","explainText":"Указывает число каналов, используемых при записи звука: 1 или 2. Если найден соответствующий кодек, то этот параметр будет использоваться по умолчанию в качестве числа каналов в параметре \"Формат\" для связанного звука (вкладка \"Файл\" | Параметры | Звук и видео).","tags":["L_AudioandVideo","L_OneNoteOptions","L_MicrosoftOfficeOneNote"],"application":"onent16","key":"software\\microsoft\\office\\16.0\\onenote\\options\\audio"},{"parentCategory":{"ref":"L_AudioandVideo"},"supportedOn":{"ref":"windows:SUPPORTED_Windows7"},"elements":{"items":[{"valueName":"rewind","minValue":0,"minValueSpecified":true,"maxValue":999,"maxValueSpecified":true,"inputType":"decimalTextBox","caption":"Перемотка от начала абзаца (сек.):","id":"L_Rewindfromstartofparagraphbysec"}]},"name":"L_Rewindfromstartofparagraphbythefollowingnumberofseconds","displayName":"Перемотка от начала абзаца на следующее число секунд","explainText":"Задает значение соответствующего параметра пользовательского интерфейса.","tags":["L_AudioandVideo","L_OneNoteOptions","L_MicrosoftOfficeOneNote"],"application":"onent16","key":"software\\microsoft\\office\\16.0\\onenote\\options\\audio"},{"parentCategory":{"ref":"L_AudioandVideo"},"supportedOn":{"ref":"windows:SUPPORTED_Windows7"},"elements":{"items":[{"item":[{"value":{"string":"Windows Media Video 8 for Color Pocket PCs (150 Kbps)"},"displayName":"Цветные карманные ПК (150 кбит/с)"},{"value":{"string":"Windows Media Video 8 for Dial-up Modems or Single-channel ISDN (28.8 to 56 Kbps)"},"displayName":"Коммутируемые модемы или одноканальное ISDN-соединение (28,8-56 кбит/с)"},{"value":{"string":"Windows Media Video 8 for LAN, Cable Modem, or xDSL (100 to 768 Kbps)"},"displayName":"Локальная сеть, кабельный модем или xDSL (100-768 кбит/с)"},{"value":{"string":"Windows Media Video 8 for Dial-up Modems or LAN (28.8 to 100 Kbps)"},"displayName":"Коммутируемые модемы или локальная сеть (28,8-100 кбит/с)"},{"value":{"string":"Windows Media Video 8 for Dial-up Modems (28.8 Kbps)"},"displayName":"Коммутируемые модемы (28,8 кбит/с)"},{"value":{"string":"Windows Media Video 8 for Dial-up Modems (56 Kbps)"},"displayName":"Коммутируемые модемы (56 кбит/с)"},{"value":{"string":"Windows Media Video 8 for Local Area Network (100 Kbps)"},"displayName":"Локальная сеть (100 кбит/с)"},{"value":{"string":"Windows Media Video 8 for Local Area Network (256 Kbps)"},"displayName":"Локальная сеть (256 кбит/с)"},{"value":{"string":"Windows Media Video 8 for Local Area Network (384 Kbps)"},"displayName":"Локальная сеть (384 кбит/с)"},{"value":{"string":"Windows Media Video 8 for Broadband (NTSC, 700 Kbps)"},"displayName":"Высокоскоростное подключение (NTSC, 700 кбит/с)"},{"value":{"string":"Windows Media Video 8 for Broadband (NTSC, 1400 Kbps)"},"displayName":"Высокоскоростное подключение (NTSC, 1400 кбит/с)"},{"value":{"string":"Windows Media Video 8 for Broadband (PAL, 384 Kbps)"},"displayName":"Высокоскоростное подключение (PAL, 384 кбит/с)"},{"value":{"string":"Windows Media Video 8 for Broadband (PAL, 700 Kbps)"},"displayName":"Высокоскоростное подключение (PAL, 700 кбит/с)"}],"valueName":"videocaptureprofile","inputType":"dropdownList","caption":"Выберите кодек Windows Media Video 8:","id":"L_ChoosetheWindowsMediaVideo8codec"}]},"name":"L_ChoosedefaultcodectobeusedforVideonotebook","displayName":"Выберите кодек, используемый по умолчанию для записной книжки \"Видео\"","explainText":"Данный параметр указывает кодек, используемый по умолчанию OneNote для воспроизведения видеозаписи, созданной в OneNote.","tags":["L_AudioandVideo","L_OneNoteOptions","L_MicrosoftOfficeOneNote"],"application":"onent16","key":"software\\microsoft\\office\\16.0\\onenote\\options\\audio"},{"parentCategory":{"ref":"L_Cryptography"},"supportedOn":{"ref":"windows:SUPPORTED_Windows7"},"elements":{"items":[{"valueName":"cipheralgorithm","required":true,"requiredSpecified":true,"expandableSpecified":false,"maxLength":2147483647,"maxLengthSpecified":false,"inputType":"textBox","caption":"Алгоритм шифрования CNG:","id":"L_SetCNGCipherAlgorithmID"}]},"name":"L_SetCNGCipherAlgorithm","displayName":"Задать алгоритм шифрования CNG","explainText":"Данный параметр политики позволяет настроить используемый алгоритм шифрования CNG.\n\nЕсли этот параметр политики включен, будет использоваться указанный алгоритм шифрования (если он поддерживается).\n\nЕсли этот параметр политики отключен или не настроен, будет использоваться алгоритм шифрования AES.","tags":["L_Cryptography","L_Security","L_OneNoteOptions","L_MicrosoftOfficeOneNote"],"application":"onent16","key":"software\\microsoft\\office\\16.0\\onenote\\security\\crypto"},{"parentCategory":{"ref":"L_Cryptography"},"supportedOn":{"ref":"windows:SUPPORTED_Windows7"},"elements":{"items":[{"item":[{"value":{"string":"ChainingModeCBC"},"displayName":"Cipher Block Chaining (CBC)"},{"value":{"string":"ChainingModeCFB"},"displayName":"Cipher Feedback (CFB)"}],"valueName":"cipherchaining","inputType":"dropdownList","id":"L_ConfigureCNGCipherChainingModeDropID"}]},"name":"L_ConfigureCNGCipherChainingMode","displayName":"Настройка режима цепочки шифрования CNG","explainText":"Данный параметр политики позволяет настроить используемый режим цепочки шифрования.\n\nЕсли этот параметр политики включен, будет применен указанный режим цепочки шифрования.\n\nЕсли этот параметр политики отключен или не настроен, по умолчанию для цепочки шифрования CNG используется режим CBC (Cipher Block Chaining).","tags":["L_Cryptography","L_Security","L_OneNoteOptions","L_MicrosoftOfficeOneNote"],"application":"onent16","key":"software\\microsoft\\office\\16.0\\onenote\\security\\crypto"},{"parentCategory":{"ref":"L_Cryptography"},"supportedOn":{"ref":"windows:SUPPORTED_Windows7"},"elements":{"items":[{"valueName":"cipherkeybits","minValue":0,"minValueSpecified":true,"maxValue":1000000,"maxValueSpecified":true,"inputType":"decimalTextBox","caption":"Длина ключа шифрования","id":"L_SetCNGCipherKeyLengthSpinID"}]},"name":"L_SetCNGCipherKeyLength","displayName":"Задать длину ключа шифрования CNG","explainText":"Данный параметр политики позволяет настроить число битов, используемых при создании ключа шифра. Это число будет округлено вниз до кратного 8.\n\nЕсли этот параметр включен, будет использоваться указанное число битов ключа.\n\nЕсли этот параметр политики отключен или не настроен, будет использоваться значение по умолчанию.","tags":["L_Cryptography","L_Security","L_OneNoteOptions","L_MicrosoftOfficeOneNote"],"application":"onent16","key":"software\\microsoft\\office\\16.0\\onenote\\security\\crypto"},{"parentCategory":{"ref":"L_Cryptography"},"supportedOn":{"ref":"windows:SUPPORTED_Windows7"},"elements":{"items":[{"item":[{"value":{"decimal":{"value":0}},"displayName":"Использовать формат прежних версий"},{"value":{"decimal":{"value":1}},"displayName":"Использовать формат следующего поколения"},{"value":{"decimal":{"value":2}},"displayName":"Использовать формат следующего поколения при сохранении всех файлов"}],"valueName":"compatmode","inputType":"dropdownList","id":"L_SpecifyEncryptionCompatibilityDropID"}]},"name":"L_SpecifyEncryptionCompatibility","displayName":"Задать совместимость шифрования","explainText":"Данный параметр политики позволяет указать совместимость зашифрованной базы данных.\n\nЕсли этот параметр политики включен, при шифровании новых файлов будет применяться указанный формат совместимости.\n- Использовать формат прежних версий\n- Использовать формат следующего поколения\n- Использовать формат следующего поколения при сохранении всех файлов\n\nЕсли этот параметр политики отключен или не настроен, будет применен заданный по умолчанию формат (\"Использовать формат следующего поколения\").","tags":["L_Cryptography","L_Security","L_OneNoteOptions","L_MicrosoftOfficeOneNote"],"application":"onent16","key":"software\\microsoft\\office\\16.0\\onenote\\security\\crypto"},{"parentCategory":{"ref":"L_Cryptography"},"supportedOn":{"ref":"windows:SUPPORTED_Windows7"},"elements":{"items":[{"valueName":"context","required":true,"requiredSpecified":true,"expandableSpecified":false,"maxLength":2147483647,"maxLengthSpecified":false,"inputType":"textBox","caption":"Параметры","id":"L_SetParametersForCNGContextID"}]},"name":"L_SetParametersForCNGContext","displayName":"Задать параметры для контекста CNG","explainText":"Данный параметр политики позволяет указать параметры шифрования, которые следует использовать в контексте CNG. \n\nЕсли этот параметр политики включен, указанные параметры будут переданы контексту CNG.\n\nЕсли этот параметр политики отключен или не настроен, будут использоваться значения CNG, заданные по умолчанию.","tags":["L_Cryptography","L_Security","L_OneNoteOptions","L_MicrosoftOfficeOneNote"],"application":"onent16","key":"software\\microsoft\\office\\16.0\\onenote\\security\\crypto"},{"parentCategory":{"ref":"L_Cryptography"},"supportedOn":{"ref":"windows:SUPPORTED_Windows7"},"elements":{"items":[{"item":[{"value":{"string":"SHA1"},"displayName":"SHA1"},{"value":{"string":"SHA256"},"displayName":"SHA256"},{"value":{"string":"SHA384"},"displayName":"SHA384"},{"value":{"string":"SHA512"},"displayName":"SHA512"}],"valueName":"hashalgorithm","inputType":"dropdownList","id":"L_SpecifyCNGHashAlgorithmDropID"}]},"name":"L_SpecifyCNGHashAlgorithm","displayName":"Задать алгоритм хэширования CNG","explainText":"Данный параметр политики позволяет указать используемый алгоритм хэширования.\n\nЕсли этот параметр политики включен, CNG будет использовать выбранный алгоритм хэширования.\n\nЕсли этот параметр политики отключен или не настроен, будет использоваться алгоритм хэширования CNG, заданный по умолчанию.","tags":["L_Cryptography","L_Security","L_OneNoteOptions","L_MicrosoftOfficeOneNote"],"application":"onent16","key":"software\\microsoft\\office\\16.0\\onenote\\security\\crypto"},{"parentCategory":{"ref":"L_Cryptography"},"supportedOn":{"ref":"windows:SUPPORTED_Windows7"},"elements":{"items":[{"valueName":"passwordspincount","minValue":0,"minValueSpecified":true,"maxValue":10000000,"maxValueSpecified":true,"inputType":"decimalTextBox","id":"L_SetCNGPasswordSpinCountSpinID"}]},"name":"L_SetCNGPasswordSpinCount","displayName":"Задать число смен хэша пароля CNG","explainText":"Данный параметр политики позволяет указать число смен хэша в средстве проверки пароля.\n\nЕсли этот параметр политики включен, хэш пароля будет сменяться указанное число раз.\n\nЕсли этот параметр политики отключен или не настроен, будет использоваться значение по умолчанию (100000).","tags":["L_Cryptography","L_Security","L_OneNoteOptions","L_MicrosoftOfficeOneNote"],"application":"onent16","key":"software\\microsoft\\office\\16.0\\onenote\\security\\crypto"},{"parentCategory":{"ref":"L_Cryptography"},"supportedOn":{"ref":"windows:SUPPORTED_Windows7"},"elements":{"items":[{"valueName":"rngalgorithm","required":true,"requiredSpecified":true,"expandableSpecified":false,"maxLength":2147483647,"maxLengthSpecified":false,"inputType":"textBox","caption":"Генератор случайных чисел:","id":"L_SpecifyCNGRandomNumberGeneratorAlgorithmID"}]},"name":"L_SpecifyCNGRandomNumberGeneratorAlgorithm","displayName":"Задать алгоритм генерации случайных чисел CNG","explainText":"Данный параметр политики позволяет настроить используемый генератор случайных чисел CNG.\n\nЕсли этот параметр политики включен, будет использоваться указанный генератор случайных чисел.\n\nЕсли этот параметр политики отключен или не настроен, будет использоваться генератор случайных чисел, заданный по умолчанию.","tags":["L_Cryptography","L_Security","L_OneNoteOptions","L_MicrosoftOfficeOneNote"],"application":"onent16","key":"software\\microsoft\\office\\16.0\\onenote\\security\\crypto"},{"parentCategory":{"ref":"L_Cryptography"},"supportedOn":{"ref":"windows:SUPPORTED_Windows7"},"elements":{"items":[{"valueName":"saltbytes","minValue":0,"minValueSpecified":true,"maxValue":5000,"maxValueSpecified":true,"inputType":"decimalTextBox","caption":"Число байтов","id":"L_SpecifyCNGSaltLengthSpinID"}]},"name":"L_SpecifyCNGSaltLength","displayName":"Задать длину соли CNG","explainText":"Данный параметр политики позволяет указать число байтов соли для использования при шифровании.\n\nЕсли этот параметр политики включен, будет использоваться указанное число байтов.\n\nЕсли этот параметр политики отключен или не настроен, будет использоваться длина, заданная по умолчанию (16 байт).","tags":["L_Cryptography","L_Security","L_OneNoteOptions","L_MicrosoftOfficeOneNote"],"application":"onent16","key":"software\\microsoft\\office\\16.0\\onenote\\security\\crypto"},{"parentCategory":{"ref":"L_Save"},"supportedOn":{"ref":"windows:SUPPORTED_Windows7"},"elements":{"items":[{"valueName":"notebook root","requiredSpecified":false,"expandableSpecified":false,"maxLength":2147483647,"maxLengthSpecified":false,"inputType":"textBox","caption":"","id":"L_empty1"}]},"name":"L_NotebookRoot","displayName":"Корневая папка записной книжки","explainText":"Чтобы изменить расположение, используемое по умолчанию для новых записных книжек, введите путь к папке, заданный относительно ваших документов.","tags":["L_Save","L_OneNoteOptions","L_MicrosoftOfficeOneNote"],"application":"onent16","key":"software\\microsoft\\office\\16.0\\onenote\\options\\save"},{"parentCategory":{"ref":"L_Save"},"supportedOn":{"ref":"windows:SUPPORTED_Windows7"},"elements":{"items":[{"valueName":"unfilednotessection","requiredSpecified":false,"expandableSpecified":false,"maxLength":2147483647,"maxLengthSpecified":false,"inputType":"textBox","caption":"Открыть заметки на полях в данном разделе:","id":"L_OpenSideNotesinthissection"}]},"name":"L_Locationofunfilednotessection","displayName":"Расположение раздела неподшитых заметок","explainText":"Расположение, которое OneNote использует для хранения раздела неподшитых заметок.","tags":["L_Save","L_OneNoteOptions","L_MicrosoftOfficeOneNote"],"application":"onent16","key":"software\\microsoft\\office\\16.0\\onenote\\options\\paths"},{"parentCategory":{"ref":"L_Save"},"supportedOn":{"ref":"windows:SUPPORTED_Windows7"},"elements":{"items":[{"valueName":"backupfolderpath","requiredSpecified":false,"expandableSpecified":false,"maxLength":2147483647,"maxLengthSpecified":false,"inputType":"textBox","caption":"Папка для резервных копий:","id":"L_BackupFolder"}]},"name":"L_LocationofBackupFolder","displayName":"Расположение папки резервных копий","explainText":"Задает значение соответствующего параметра пользовательского интерфейса.","tags":["L_Save","L_OneNoteOptions","L_MicrosoftOfficeOneNote"],"application":"onent16","key":"software\\microsoft\\office\\16.0\\onenote\\options\\paths"},{"parentCategory":{"ref":"L_Save"},"supportedOn":{"ref":"windows:SUPPORTED_Windows7"},"elements":{"items":[{"valueName":"percentfreespacebeforeoptimize","minValue":0,"minValueSpecified":true,"maxValue":100,"maxValueSpecified":true,"inputType":"decimalTextBox","caption":"Введите процент:","id":"L_EnterPercentage"}]},"name":"L_Percentageofunuseddiskspacetoallowinsections","displayName":"Допустимый процент неиспользуемого пространства в разделах","explainText":"Задает значение параметра ''Оптимизировать разделы, когда процент неиспользуемого пространства превысит''.","tags":["L_Save","L_OneNoteOptions","L_MicrosoftOfficeOneNote"],"application":"onent16","key":"software\\microsoft\\office\\16.0\\onenote\\options\\save"},{"parentCategory":{"ref":"L_Password"},"supportedOn":{"ref":"windows:SUPPORTED_Windows7"},"enabledValue":{"decimal":{"value":0}},"disabledValue":{"decimal":{"value":1}},"name":"L_Disallowsaddonsaccesstopass","displayName":"Запрещает надстройкам доступ к разделам, защищенным паролем","explainText":"Данный параметр не позволяет надстройкам-расширениям получать доступ к защищенным паролем разделам, если они разблокированы.","tags":["L_Password","L_OneNoteOptions","L_MicrosoftOfficeOneNote"],"application":"onent16","key":"software\\microsoft\\office\\16.0\\onenote\\security","valueName":"allowaddinaccesstoencryptedfiles"},{"parentCategory":{"ref":"L_Password"},"supportedOn":{"ref":"windows:SUPPORTED_Windows7"},"enabledValue":{"decimal":{"value":1}},"disabledValue":{"decimal":{"value":0}},"name":"L_Disablepasswordprotectedsections","displayName":"Отключить защищенные паролем разделы","explainText":"Отключает возможность создавать новые защищенные паролем разделы. Однако можно по-прежнему разблокировать и редактировать существующие разделы, для которых был установлен пароль.","tags":["L_Password","L_OneNoteOptions","L_MicrosoftOfficeOneNote"],"application":"onent16","key":"software\\microsoft\\office\\16.0\\onenote\\general","valueName":"passwordprotectiondisabled"},{"parentCategory":{"ref":"L_Password"},"supportedOn":{"ref":"windows:SUPPORTED_Windows7"},"enabledValue":{"decimal":{"value":1}},"disabledValue":{"decimal":{"value":0}},"name":"L_LockpasswordprotectedsectionsassoonasInavigateawayfromthem","displayName":"Блокировать защищенные паролем разделы сразу после выхода из них","explainText":"OneNote поддерживает защищенные паролем разделы, которые разблокируются после набора пароля пользователем и могут быть вновь заблокированы по истечении времени ожидания или при выходе из данного раздела. Данный параметр заблокирует раздел после выхода пользователя из защищенного паролем раздела.","tags":["L_Password","L_OneNoteOptions","L_MicrosoftOfficeOneNote"],"application":"onent16","key":"software\\microsoft\\office\\16.0\\onenote\\security","valueName":"locksectionsimmediately"},{"parentCategory":{"ref":"L_Backup"},"supportedOn":{"ref":"windows:SUPPORTED_Windows7"},"elements":{"items":[{"valueName":"backupnumberofbackupstokeep","minValue":0,"minValueSpecified":true,"maxValue":1000,"maxValueSpecified":true,"inputType":"decimalTextBox","caption":"Число сохраняемых резервных копий","id":"L_numberofbackupcopiestokeep2"}]},"name":"L_Numberofbackupcopiestokeep","displayName":"Число сохраняемых резервных копий","explainText":"Задает значение соответствующего параметра пользовательского интерфейса.","tags":["L_Backup","L_OneNoteOptions","L_MicrosoftOfficeOneNote"],"application":"onent16","key":"software\\microsoft\\office\\16.0\\onenote\\options\\save"},{"parentCategory":{"ref":"L_SendToOneNote"},"supportedOn":{"ref":"windows:SUPPORTED_Windows7"},"enabledValue":{"decimal":{"value":1}},"disabledValue":{"decimal":{"value":0}},"name":"L_DisableOutlooksendemailtoOneNoteoption","displayName":"Отключить возможность отправки электронной почты из Outlook в OneNote","explainText":"Данный параметр политики отключает надстройку OneNote с именем ''Отправить в OneNote'' для Microsoft Outlook. По умолчанию OneNote устанавливает надстройку на панель инструментов Outlook, чтобы пользователи могли отправлять электронные сообщения в OneNote. Кнопка ''Отправить в OneNote'' появляется в главном почтовом модуле в Outlook, а также при просмотре сообщений электронной почты. С помощью данной политики можно отключить эту возможность.","tags":["L_SendToOneNote","L_OneNoteOptions","L_MicrosoftOfficeOneNote"],"application":"onent16","key":"software\\microsoft\\office\\16.0\\onenote\\options\\outlookandweb","valueName":"disablesendemailtoonenote"},{"parentCategory":{"ref":"L_Addins"},"supportedOn":{"ref":"windows:SUPPORTED_Windows7"},"enabledValue":{"decimal":{"value":1}},"disabledValue":{"decimal":{"value":0}},"name":"L_DisableOneNoteCOMAPI","displayName":"Отключить интерфейс COM API в OneNote","explainText":"Отключает в OneNote интерфейс COM API, что приводит к отключению использующих его приложений надстройки. Обратите внимание, что при этом также отключаются другие возможности, использующие данный API, например отправка информации из Outlook в OneNote.","tags":["L_Addins","L_OneNoteOptions","L_MicrosoftOfficeOneNote"],"application":"onent16","key":"software\\microsoft\\office\\16.0\\onenote\\security","valueName":"disablecomapi"},{"parentCategory":{"ref":"L_Addins"},"supportedOn":{"ref":"windows:SUPPORTED_Windows7"},"enabledValue":{"decimal":{"value":1}},"disabledValue":{"decimal":{"value":0}},"name":"L_DisableinstalledOneNoteaddins","displayName":"Отключить установленные надстройки OneNote","explainText":"Отключает все установленные надстройки OneNote.","tags":["L_Addins","L_OneNoteOptions","L_MicrosoftOfficeOneNote"],"application":"onent16","key":"software\\microsoft\\office\\16.0\\onenote\\security","valueName":"disablealladdins"},{"parentCategory":{"ref":"L_Spelling"},"supportedOn":{"ref":"windows:SUPPORTED_Windows7"},"elements":{"items":[{"item":[{"value":{"decimal":{"value":0}},"displayName":"Не проверять орфографию"},{"value":{"decimal":{"value":1}},"displayName":"Автоматически проверять орфографию"},{"value":{"decimal":{"value":2}},"displayName":"Скрывать орфографические ошибки"},{"value":{"decimal":{"value":3}},"displayName":"Проверять орфографию, но не показывать ошибки"}],"valueName":"onenotespellingoptions","inputType":"dropdownList","id":"L_empty11"}]},"name":"L_OneNoteSpellingOptions","displayName":"Параметры проверки орфографии в OneNote","explainText":"Эти параметры изменяют параметры в группе \"При исправлении орфографии в OneNote\" (вкладка \"Файл\" | Параметры | Правописание).","tags":["L_Spelling","L_OneNoteOptions","L_MicrosoftOfficeOneNote"],"application":"onent16","key":"software\\microsoft\\shared tools\\proofing tools\\1.0\\office"},{"parentCategory":{"ref":"L_VersionsAndRecyleBin"},"supportedOn":{"ref":"windows:SUPPORTED_Windows7"},"enabledValue":{"decimal":{"value":0}},"disabledValue":{"decimal":{"value":1}},"name":"L_TurnOffVersionsAndNotebookRecycleBinInSharedNotebooks","displayName":"Отключить версии и корзину в общих записных книжках","explainText":"Данный параметр политики позволяет отключить журнал версий, который включает в себя версии и корзину записной книжки. Для записных книжек формата 2016 приложение OneNote автоматически сохраняет предыдущие версии страниц записной книжки, а также корзину для всех удаляемых страниц и разделов.\n\nЕсли этот параметр политики включен, журнал версий отключается.\n\nЕсли этот параметр политики отключен или не настроен, приложение OneNote по умолчанию будет хранить предыдущие версии.","tags":["L_VersionsAndRecyleBin","L_OneNoteOptions","L_MicrosoftOfficeOneNote"],"application":"onent16","key":"software\\microsoft\\office\\16.0\\onenote\\options\\versions","valueName":"enablehistory"},{"parentCategory":{"ref":"L_VersionsAndRecyleBin"},"supportedOn":{"ref":"windows:SUPPORTED_Windows7"},"enabledValue":{"decimal":{"value":0}},"disabledValue":{"decimal":{"value":1}},"name":"L_DoNotPruneVersionsOverTime","displayName":"Не удалять предыдущие версии время от времени","explainText":"Данный параметр политики позволяет отключить автоматическое удаление предыдущих версий записей в OneNote. Для записных книжек формата 2016 приложение OneNote автоматически сохраняет предыдущие версии страниц записной книжки, а также корзину для всех удаляемых страниц и разделов.\n\nЕсли этот параметр политики включен, приложение OneNote не будет удалять предыдущие версии.\n\nЕсли этот параметр политики отключен или не настроен, приложение OneNote будет удалять предыдущие версии. По умолчанию предыдущие версии время от времени удаляются. Этот параметр политики следует включать только в случае, если удаление предыдущих версий в OneNote не требуется.","tags":["L_VersionsAndRecyleBin","L_OneNoteOptions","L_MicrosoftOfficeOneNote"],"application":"onent16","key":"software\\microsoft\\office\\16.0\\onenote\\options\\versions","valueName":"pruneversionsovertime"},{"parentCategory":{"ref":"L_VersionsAndRecyleBin"},"supportedOn":{"ref":"windows:SUPPORTED_Windows7"},"elements":{"items":[{"valueName":"daysofallversions","minValue":0,"minValueSpecified":true,"maxValue":365,"maxValueSpecified":true,"inputType":"decimalTextBox","caption":"Дней назад","id":"L_DaysOfAllVersionsSpinID"}]},"name":"L_DaysOfAllVersions","displayName":"Дни, когда элементы журнала версий не будут удаляться","explainText":"Этот параметр политики позволяет указать период времени, в течение которого OneNote хранит подробную версию страниц журнала. После указанного времени OneNote хранит упрощенную версию страниц журнала, для которых требуется меньше места.\n\nЕсли этот параметр политики включен, OneNote хранит подробную версию страниц журнала в течение указанного времени, после истечение которого чего сохраняется упрощенная версия страниц журнала.\n\nЕсли отключить или не настраивать этот параметр политики, OneNote хранит подробную версию страниц журнала в течение 2 дней, а затем сохраняет упрощенную версию страниц журнала.\n      ","tags":["L_VersionsAndRecyleBin","L_OneNoteOptions","L_MicrosoftOfficeOneNote"],"application":"onent16","key":"software\\microsoft\\office\\16.0\\onenote\\options\\versions"},{"parentCategory":{"ref":"L_VersionsAndRecyleBin"},"supportedOn":{"ref":"windows:SUPPORTED_Windows7"},"elements":{"items":[{"valueName":"daysofhourlyversions","minValue":0,"minValueSpecified":true,"maxValue":365,"maxValueSpecified":true,"inputType":"decimalTextBox","caption":"Число дней в прошлом","id":"L_DaysOfHourlyVersionsNotToPruneAfterDaysBackSpinID"}]},"name":"L_DaysOfHourlyVersionsNotToPruneAfterDaysBack","displayName":"Число дней хранения ежечасных версий по прошествии заданного числа дней в прошлом","explainText":"Данный параметр политики позволяет задать число ежечасных версий, не удаляемых по прошествии заданного числа дней. Для записных книжек формата 2016 приложение OneNote автоматически сохраняет предыдущие версии страниц записной книжки, а также корзину для всех удаляемых страниц и разделов.\n\nЕсли этот параметр политики включен, можно указать число дней хранения ежечасных версий после истечения заданного значения числа дней в прошлом. Это значение задает число дней для хранения сведений истории ежечасных версий после истечения срока хранения всех версий. Пользователи будут хранить по одной версии в час в течение данного числа дней после истечения числа дней хранения всех версий.\n\nЕсли этот параметр политики отключен или не настроен, приложение OneNote будет хранить ежечасные версии за последние 5 дней.","tags":["L_VersionsAndRecyleBin","L_OneNoteOptions","L_MicrosoftOfficeOneNote"],"application":"onent16","key":"software\\microsoft\\office\\16.0\\onenote\\options\\versions"},{"parentCategory":{"ref":"L_VersionsAndRecyleBin"},"supportedOn":{"ref":"windows:SUPPORTED_Windows7"},"elements":{"items":[{"valueName":"maxuniquedayversions","minValue":0,"minValueSpecified":true,"maxValue":365,"maxValueSpecified":true,"inputType":"decimalTextBox","caption":"Максимальное число версий","id":"L_MaximumNumberOfOncePerDayVersionHistoryItemsKeptSpinID"}]},"name":"L_MaximumNumberOfOncePerDayVersionHistoryItemsKept","displayName":"Максимальное число хранимых ежедневных элементов журнала версий","explainText":"Данный параметр политики позволяет задать число элементов журнала, сохраняемых раз в день для каждой страницы. Для записных книжек формата 2016 приложение OneNote автоматически сохраняет предыдущие версии страниц записной книжки, а также корзину для всех удаляемых страниц и разделов.\n\nЕсли этот параметр политики включен, можно задать число сохраняемых версий в день. Если задать значение -1, приложение OneNote будет сохранять все предыдущие ежедневные элементы журнала версий.\n \nЕсли этот параметр политики отключен или не настроен, приложение OneNote будет хранить версии страницы за каждый из последних 10 дней.","tags":["L_VersionsAndRecyleBin","L_OneNoteOptions","L_MicrosoftOfficeOneNote"],"application":"onent16","key":"software\\microsoft\\office\\16.0\\onenote\\options\\versions"},{"parentCategory":{"ref":"L_VersionsAndRecyleBin"},"supportedOn":{"ref":"windows:SUPPORTED_Windows7"},"elements":{"items":[{"valueName":"deleteallversionsafter","minValue":0,"minValueSpecified":true,"maxValue":365,"maxValueSpecified":true,"inputType":"decimalTextBox","caption":"Число дней в прошлом для хранения версий","id":"L_DaysBackToKeepInVersionHistorySpinID"}]},"name":"L_DaysBackToKeepInVersionHistory","displayName":"Число дней в прошлом для хранения в журнале версий","explainText":"Данный параметр политики позволяет задать число дней, после которого все элементы журнала версий, созданные ранее этого значения, будут удаляться. Для записных книжек формата 2016 приложение OneNote автоматически сохраняет предыдущие версии страниц записной книжки, а также корзину для всех удаляемых страниц и разделов.\n\nЕсли этот параметр политики включен, можно задать число дней назад для удаления журнала версий.\n\nЕсли этот параметр политики отключен или не настроен, приложение OneNote по умолчанию будет хранить предыдущие версии за все прошедшие дни. Это соответствует значению по умолчанию (–1).","tags":["L_VersionsAndRecyleBin","L_OneNoteOptions","L_MicrosoftOfficeOneNote"],"application":"onent16","key":"software\\microsoft\\office\\16.0\\onenote\\options\\versions"},{"parentCategory":{"ref":"L_VersionsAndRecyleBin"},"supportedOn":{"ref":"windows:SUPPORTED_Windows7"},"elements":{"items":[{"valueName":"daystokeeprecycleditems","minValue":0,"minValueSpecified":true,"maxValue":365,"maxValueSpecified":true,"inputType":"decimalTextBox","caption":"Число дней в прошлом для хранения элементов в корзине","id":"L_DaysBackToKeepItemsInRecycleBinSpinID"}]},"name":"L_DaysBackToKeepItemsInRecycleBin","displayName":"Число дней в прошлом для хранения элементов в корзине","explainText":"Данный параметр политики позволяет задать число дней, по прошествии которых все элементы, помещенные в корзину до этого, будут удаляться при удалении записей журнала версий. Для записных книжек формата 2016 приложение OneNote автоматически сохраняет предыдущие версии страниц записной книжки, а также корзину для всех удаляемых страниц и разделов.\n\nЕсли этот параметр политики включен, можно задать число дней в прошлом для хранения элементов корзины.\n\nЕсли этот параметр политики не настроен, приложение OneNote будет использовать значение по умолчанию (60 дней назад).","tags":["L_VersionsAndRecyleBin","L_OneNoteOptions","L_MicrosoftOfficeOneNote"],"application":"onent16","key":"software\\microsoft\\office\\16.0\\onenote\\options\\versions"},{"parentCategory":{"ref":"L_Other"},"supportedOn":{"ref":"windows:SUPPORTED_Windows7"},"elements":{"items":[{"valueName":"folderpollinterval","minValue":1,"minValueSpecified":true,"maxValue":3600,"maxValueSpecified":true,"inputType":"decimalTextBox","caption":"Интервал опроса сервера (сек.)","id":"L_SetUNCIntervalToPollForChangesOnFileServersSpinID"}]},"name":"L_SetUNCIntervalToPollForChangesOnFileServers","displayName":"Задать интервал UNC для опроса изменений на файловых серверах","explainText":"Данный параметр политики позволяет изменить интервал синхронизации, с которым приложение OneNote опрашивает сервер на наличие изменений. При синхронизации записной книжки по UNC-имени (с общими папками SMB или файловой системы Windows) приложение OneNote будет получать уведомления от файлового сервера, а также опрашивать сервер на наличие новых обновлений.\n\nСокращение данного интервала ускорит синхронизацию OneNote, но может отрицательно повлиять на производительность сервера.\n\nЕсли этот параметр политики включен, можно указать число секунд между опросами OneNote.\n\nЕсли этот параметр политики отключен или не настроен, автоматическое выполнение опроса в OneNote будет проходить каждые 30 секунд.","tags":["L_Other","L_OneNoteOptions","L_MicrosoftOfficeOneNote"],"application":"onent16","key":"software\\microsoft\\office\\16.0\\onenote\\options\\save"},{"parentCategory":{"ref":"L_Other"},"supportedOn":{"ref":"windows:SUPPORTED_Windows7"},"enabledValue":{"decimal":{"value":0}},"disabledValue":{"decimal":{"value":1}},"name":"L_TurnOffOneNoteAutoLinkedNoteTaking","displayName":"Отключить автоматическое связывание при ведении заметок OneNote","explainText":"Данный параметр политики отключает функцию автоматического ведения заметок OneNote, позволяющую вести заметки о таких элементах, как веб-страницы, документы Word и т. д. Приложение OneNote будет автоматически записывать, просмотр какой страницы или документа выполнялся во время внесения данной заметки.\n\nЕсли этот параметр политики включен, приложение OneNote не будет автоматически связывать заметки при попытке пользователя включить данную функцию.\n\nЕсли этот параметр политики отключен или не настроен, приложение OneNote будет автоматически связывать заметки при попытке пользователя включить данную функцию.","tags":["L_Other","L_OneNoteOptions","L_MicrosoftOfficeOneNote"],"application":"onent16","key":"software\\microsoft\\office\\16.0\\onenote\\options\\linkednotes","valueName":"autolink"},{"parentCategory":{"ref":"L_Other"},"supportedOn":{"ref":"windows:SUPPORTED_Windows7"},"enabledValue":{"decimal":{"value":1}},"disabledValue":{"decimal":{"value":0}},"name":"L_DisableOCR","displayName":"Отключить оптическое распознавание текста","explainText":"Данный параметр политики отключает в OneNote возможность оптического распознавания текста изображения (OCR). Возможность OCR позволяет OneNote автоматически сканировать изображения для поиска текста, который появляется в результатах поиска.","tags":["L_Other","L_OneNoteOptions","L_MicrosoftOfficeOneNote"],"application":"onent16","key":"software\\microsoft\\office\\16.0\\onenote\\options\\other","valueName":"disableocr"},{"parentCategory":{"ref":"L_Other"},"supportedOn":{"ref":"windows:SUPPORTED_Windows7"},"elements":{"items":[{"valueName":"blockedextensions","requiredSpecified":false,"expandableSpecified":false,"maxLength":2147483647,"maxLengthSpecified":false,"inputType":"textBox","caption":"","id":"L_empty12"}]},"name":"L_EmbeddedFilesBlockedExtensions","displayName":"Блокируемые расширения имен внедренных файлов","explainText":"Чтобы пользователи не имели возможности открывать на странице Microsoft OneNote вложенные файлы определенного типа, добавьте расширения, открытие которых нужно отключить с помощью следующего формата: \".ext1;.ext2;\". Для отключения возможности открывать любое вложение со страницы OneNote обратитесь к политике отключения внедренных файлов. Невозможно блокировать внедренные звуко- и видеозаписи (WMA и WMV) с помощью данной политики, следует обратиться к политике отключения внедренных файлов.","tags":["L_Other","L_OneNoteOptions","L_MicrosoftOfficeOneNote"],"application":"onent16","key":"software\\microsoft\\office\\16.0\\onenote\\options\\embeddedfileopenoptions"},{"parentCategory":{"ref":"L_Other"},"supportedOn":{"ref":"windows:SUPPORTED_Windows7"},"elements":{"items":[{"valueName":"addnotebooks","requiredSpecified":false,"expandableSpecified":false,"maxLength":2147483647,"maxLengthSpecified":false,"inputType":"textBox","caption":"","id":"L_empty13"}]},"name":"L_Loadanotebookonfirstboot","displayName":"Загрузить записную книжку при первом запуске","explainText":"Указывает папку, содержащую записную книжку, которую следует загрузить при первом запуске.","tags":["L_Other","L_OneNoteOptions","L_MicrosoftOfficeOneNote"],"application":"onent16","key":"software\\microsoft\\office\\16.0\\onenote\\options\\other"},{"parentCategory":{"ref":"L_Other"},"supportedOn":{"ref":"windows:SUPPORTED_Windows7"},"enabledValue":{"decimal":{"value":1}},"disabledValue":{"decimal":{"value":0}},"name":"L_Disableembeddedfiles","displayName":"Отключить внедренные файлы","explainText":"Для отключения возможности внедрять файлы в страницы OneNote, чтобы пользователи не могли передавать файлы, которые, возможно, не будут обнаружены антивирусом и т.п. Примечание. Данный параметр политики блокирует внедренные файлы только в интерфейсе OneNote: если страница содержит внедренный файл, OneNote выполнит синхронизацию и реплицирует внедренные файлы в файловую систему.","tags":["L_Other","L_OneNoteOptions","L_MicrosoftOfficeOneNote"],"application":"onent16","key":"software\\microsoft\\office\\16.0\\onenote\\options","valueName":"disableembeddedfiles"},{"parentCategory":{"ref":"L_Other"},"supportedOn":{"ref":"windows:SUPPORTED_Windows7"},"enabledValue":{"decimal":{"value":1}},"disabledValue":{"decimal":{"value":0}},"name":"L_DisableOneNotescreenclippingnotifications","displayName":"Отключить уведомления вырезки экрана OneNote","explainText":"Отключает все уведомления вырезки экрана OneNote.","tags":["L_Other","L_OneNoteOptions","L_MicrosoftOfficeOneNote"],"application":"onent16","key":"software\\microsoft\\office\\16.0\\onenote\\options\\other","valueName":"disablescreenclippingballoon"},{"parentCategory":{"ref":"L_Other"},"supportedOn":{"ref":"windows:SUPPORTED_Windows7"},"enabledValue":{"decimal":{"value":1}},"disabledValue":{"decimal":{"value":0}},"name":"L_DisableOneNoteScreenClippings","displayName":"Отключить вырезки экрана OneNote","explainText":"Отключает функцию вырезки экрана в OneNote.","tags":["L_Other","L_OneNoteOptions","L_MicrosoftOfficeOneNote"],"application":"onent16","key":"software\\microsoft\\office\\16.0\\onenote\\options\\other","valueName":"disablescreenclippings"},{"parentCategory":{"ref":"L_Other"},"supportedOn":{"ref":"windows:SUPPORTED_Windows7"},"elements":{"items":[{"valueName":"inaccessibleserverdaysbeforewarn","minValue":0,"minValueSpecified":true,"maxValue":30,"maxValueSpecified":true,"inputType":"decimalTextBox","id":"L_empty14"}]},"name":"L_Numberofdaysbeforewarningthatserveris","displayName":"Число дней до предупреждения о недоступности сервера","explainText":"Задает количество дней, за которое OneNote предупредит о недоступности сервера и попросит указать новое расположение для затрагиваемых файлов.","tags":["L_Other","L_OneNoteOptions","L_MicrosoftOfficeOneNote"],"application":"onent16","key":"software\\microsoft\\office\\16.0\\onenote\\options\\synchronization"},{"parentCategory":{"ref":"L_Other"},"supportedOn":{"ref":"windows:SUPPORTED_Windows7"},"elements":{"items":[{"valueName":"sharepointsyncinterval","minValue":10,"minValueSpecified":true,"maxValue":604800,"maxValueSpecified":true,"inputType":"decimalTextBox","id":"L_empty15"}]},"name":"L_SharePointsyncinterval","displayName":"Интервал синхронизации SharePoint для записных книжек, хранящихся на сайте SharePoint","explainText":"Устанавливает ограничение на количество опросов об изменениях в разделе, которые выполняет OneNote в отношении сайта SharePoint. Введите интервал синхронизации в секундах.","tags":["L_Other","L_OneNoteOptions","L_MicrosoftOfficeOneNote"],"application":"onent16","key":"software\\microsoft\\office\\16.0\\onenote\\options\\save"},{"parentCategory":{"ref":"L_Other"},"supportedOn":{"ref":"windows:SUPPORTED_Windows7"},"elements":{"items":[{"valueName":"sharepointbackgroundsyncintervalmultiplier","minValue":1,"minValueSpecified":true,"maxValue":10,"maxValueSpecified":true,"inputType":"decimalTextBox","id":"L_empty16"}]},"name":"L_SharePointbackgroundsyncintervalmultiplier","displayName":"Множитель для интервала фоновой синхронизации для записных книжек, хранящихся в SharePoint","explainText":"Этот параметр политики позволяет увеличить интервал между фоновыми опросами сайта SharePoint на наличие изменений в записных книжках.\n\nЕсли вы включите этот параметр политики, OneNote будет реже опрашивать SharePoint на наличие изменений в записных книжках целиком. Интервалы умножаются на введенное значение (положительное целое число от 1 до 10). Большие интервалы замедляют синхронизацию записной книжки, но уменьшают нагрузку на сервер.\n\nЕсли этот параметр политики отключен или не настроен, OneNote будет синхронизировать записные книжки с частотой, используемой по умолчанию (множитель равен 1).\n\nПримечание. Этот параметр политики применяется только к версиям Office 2016 с корпоративной лицензией, использующим установщик Windows (MSI), таким как Office профессиональный плюс 2016 и Office стандартный 2016.","tags":["L_Other","L_OneNoteOptions","L_MicrosoftOfficeOneNote"],"application":"onent16","key":"software\\microsoft\\office\\16.0\\onenote\\options\\save"},{"parentCategory":{"ref":"L_Other"},"supportedOn":{"ref":"windows:SUPPORTED_Windows7"},"elements":{"items":[{"valueName":"sharepointlivesyncintervalmultiplier","minValue":1,"minValueSpecified":true,"maxValue":10,"maxValueSpecified":true,"inputType":"decimalTextBox","id":"L_empty17"}]},"name":"L_SharePointlivesyncintervalmultiplier","displayName":"Множитель для интервала синхронизации переднего плана для просматриваемого в данный момент раздела, хранящегося в SharePoint","explainText":"Этот параметр политики позволяет увеличить интервал между приоритетными опросами сайта SharePoint на наличие изменений в просматриваемом разделе.\n\nЕсли вы включите этот параметр политики, OneNote будет реже опрашивать SharePoint на наличие изменений в просматриваемом разделе. Интервалы умножаются на введенное значение (положительное целое число от 1 до 10). Большие интервалы замедляют синхронизацию раздела, но уменьшают нагрузку на сервер.\n\nЕсли этот параметр политики отключен или не настроен, OneNote синхронизирует просматриваемый раздел с частотой, используемой по умолчанию (множитель равен 1).\n\nПримечание. Этот параметр политики применяется только к версиям Office 2016 с корпоративной лицензией, использующим установщик Windows (MSI), таким как Office профессиональный плюс 2016 и Office стандартный 2016.","tags":["L_Other","L_OneNoteOptions","L_MicrosoftOfficeOneNote"],"application":"onent16","key":"software\\microsoft\\office\\16.0\\onenote\\options\\save"},{"parentCategory":{"ref":"L_Other"},"supportedOn":{"ref":"windows:SUPPORTED_Windows7"},"elements":{"items":[{"valueName":"sharepointpresenceintervalmultiplier","minValue":1,"minValueSpecified":true,"maxValue":10,"maxValueSpecified":true,"inputType":"decimalTextBox","id":"L_empty18"}]},"name":"L_SharePointpresenceintervalmultiplier","displayName":"Множитель для интервала синхронизации присутствия для записных книжек, хранящихся в SharePoint","explainText":"Этот параметр политики позволяет увеличить интервал между опросами в SharePoint для определения активных пользователей записных книжек. OneNote чаще синхронизирует записные книжки, когда другие пользователи взаимодействуют с записной книжкой.\n\nЕсли вы включите этот параметр политики, OneNote будет реже опрашивать SharePoint, чтобы определить наличие других пользователей, взаимодействующих в настоящее время с записными книжками. Интервалы умножаются на введенное значение (положительное целое число от 1 до 10). Большие интервалы замедляют обнаружение параллельно работающих пользователей в записных книжках, но уменьшают нагрузку на сервер.\n\nЕсли этот параметр политики отключен или не настроен, OneNote будет проводить опрос на наличие активных пользователей записных книжек с частотой, используемой по умолчанию (множитель равен 1).\n\nПримечание. Этот параметр политики применяется только к версиям Office 2016 с корпоративной лицензией, использующим установщик Windows (MSI), таким как Office профессиональный плюс 2016 и Office стандартный 2016.","tags":["L_Other","L_OneNoteOptions","L_MicrosoftOfficeOneNote"],"application":"onent16","key":"software\\microsoft\\office\\16.0\\onenote\\options\\save"},{"parentCategory":{"ref":"L_Other"},"supportedOn":{"ref":"windows:SUPPORTED_Windows7"},"elements":{"items":[{"item":[{"value":{"decimal":{"value":0}},"displayName":"Дюйм"},{"value":{"decimal":{"value":1}},"displayName":"Сантиметр"},{"value":{"decimal":{"value":2}},"displayName":"Миллиметр"},{"value":{"decimal":{"value":3}},"displayName":"Пункт"},{"value":{"decimal":{"value":4}},"displayName":"Пика"}],"valueName":"measurementunit","inputType":"dropdownList","caption":"Укажите единицу измерения по умолчанию:","id":"L_Specifydefaultunitofmeasurement"}]},"name":"L_DefaultunitofmeasurementusedinOneNote","displayName":"Единица измерения, используемая по умолчанию в OneNote","explainText":"Задает значение параметра ''Единицы измерения''.","tags":["L_Other","L_OneNoteOptions","L_MicrosoftOfficeOneNote"],"application":"onent16","key":"software\\microsoft\\office\\16.0\\onenote\\options\\other"},{"parentCategory":{"ref":"L_Other"},"supportedOn":{"ref":"windows:SUPPORTED_Windows7"},"enabledValue":{"decimal":{"value":1}},"disabledValue":{"decimal":{"value":0}},"name":"L_AddOneNoteicontonotificationarea","displayName":"Добавить значок OneNote в область уведомлений","explainText":"Устанавливает или снимает флажок ''Поместить значок OneNote в область уведомлений на панели задач''.","tags":["L_Other","L_OneNoteOptions","L_MicrosoftOfficeOneNote"],"application":"onent16","key":"software\\microsoft\\office\\16.0\\onenote\\options\\other","valueName":"runsystemtrayapp"},{"parentCategory":{"ref":"L_Other"},"supportedOn":{"ref":"windows:SUPPORTED_Windows7"},"enabledValue":{"decimal":{"value":0}},"disabledValue":{"decimal":{"value":1}},"name":"L_NotebookPresence","displayName":"Сведения о присутствии в записной книжке","explainText":"Этот параметр политики включает или отключает компонент сведений о присутствии в записной книжке в OneNote, который рассылает сведения о присутствии пользователя в записной книжке и позволяет выполнять синхронизацию в реальном времени для тех, кто редактирует одну страницу. Примечание. Любые изменения этой политики вступают в силу только после перезапуска OneNote.\n\nЕсли включить или не настраивать этот параметр политики, пользователи получают уведомление, если они редактируют страницу записной книжки одновременно с другими пользователями. OneNote также выполняет синхронизацию в реальном времени, если обнаруживает, что несколько пользователей редактируют одну и ту же страницу.\n\nЕсли этот параметр политики отключен, пользователи не получают уведомления при редактировании одной страницы записной книжки от имени другого пользователя. OneNote не выполняет синхронизацию в реальном времени, если несколько пользователей редактируют одну и ту же страницу.","tags":["L_Other","L_OneNoteOptions","L_MicrosoftOfficeOneNote"],"application":"onent16","key":"software\\microsoft\\office\\16.0\\onenote\\options","valueName":"disablepresence"},{"parentCategory":{"ref":"L_Other"},"supportedOn":{"ref":"windows:SUPPORTED_Windows7"},"elements":{"items":[{"valueName":"insertedfilesdisallowembeddingsizethreshold","minValue":10485760,"minValueSpecified":true,"maxValue":2147483648,"maxValueSpecified":true,"inputType":"decimalTextBox","id":"L_EmbeddedFileSizeLimit"}]},"name":"L_SpecifyEmbeddedFileSizeLimit","displayName":"Ограничение на размер внедренных файлов","explainText":"Этот параметр политики позволяет указать максимальный размер внедренного файла, который пользователи могут вставлять непосредственно в записную книжку OneNote на сервере SharePoint.\n\nЕсли включить этот параметр политики, вы можете увеличить или уменьшить максимальный размер файла по умолчанию (50 МБ).\n\nЕсли увеличить это значение, пользователи смогут вставлять большие файлы непосредственно в записную книжку, но это может снизить производительность сервера.\n\nЕсли уменьшить это значение, пользователи смогут вставлять только меньшие по размеру файлы непосредственно в записную книжку, что может повысить производительность сервера, если при синхронизации OneNote создается большой объем трафика.\n\nЕсли отключить или не настраивать этот параметр политики, пользователи не смогут вставлять файлы размером более 50 МБ в записную книжку OneNote. Вместо этого файл будет загружаться в папку SharePoint и вставляться в записную книжку как гиперссылка.","tags":["L_Other","L_OneNoteOptions","L_MicrosoftOfficeOneNote"],"application":"onent16","key":"software\\microsoft\\office\\16.0\\onenote\\general"},{"parentCategory":{"ref":"L_Other"},"supportedOn":{"ref":"windows:SUPPORTED_Windows_6_3_NOARM"},"enabledValue":{"decimal":{"value":1}},"disabledValue":{"decimal":{"value":0}},"name":"L_DisableSupportDiagnostics","displayName":"Отключить диагностику для поддержки в OneNote","explainText":"Этот параметр политики определяет, отправляет ли OneNote сведения о клиенте в службы поддержки при сбое.\n\nОтправка сведений о клиенте в службы поддержки при сбое может помочь диагностировать проблему, предоставить шаги по устранению проблемы или показать пользователю контекстные сообщения об ошибках.\n\nЕсли этот параметр политики включен, OneNote не будет отправлять сведения о клиенте в службы поддержки при сбое.\n\nЕсли этот параметр политики отключен или не настроен, OneNote будет отправлять сведения о клиенте в службы поддержки при сбое.\n\nПримечание. Этот параметр политики применяется только к OneNote версии 2207 и более поздним версиям.","tags":["L_Other","L_OneNoteOptions","L_MicrosoftOfficeOneNote"],"application":"onent16","key":"software\\microsoft\\office\\16.0\\onenote\\general","valueName":"disablesupportdiagnostics"},{"parentCategory":{"ref":"L_Editing"},"supportedOn":{"ref":"windows:SUPPORTED_Windows7"},"enabledValue":{"decimal":{"value":1}},"disabledValue":{"decimal":{"value":0}},"name":"L_OneNoteTextPrediction","displayName":"Прогнозирование текста OneNote","explainText":"\nЭтот параметр политики определяет, смогут ли пользователи просматривать и принимать прогнозирование текста при написании заметок на английском языке в OneNote.\n\nЕсли этот параметр политики включен или не настроен, пользователи смогут просматривать и принимать прогнозируемый текст с помощью клавиши TAB или клавиши СТРЕЛКА ВПРАВО при написании заметок. Или они могут просто продолжать вводить текст, чтобы игнорировать прогнозируемый текст.\n\nЕсли этот параметр политики отключен, пользователи не смогут просматривать и принимать прогнозирование текста при написании заметок.\n\nПримечание. Этот параметр политики применяется только к версиям Office по подписке, таким как Приложения Microsoft 365 для предприятий.\n      ","tags":["L_Editing","L_OneNoteOptions","L_MicrosoftOfficeOneNote"],"application":"onent16","key":"software\\microsoft\\office\\16.0\\onenote\\options\\editing","valueName":"textprediction"},{"parentCategory":{"ref":"L_Other"},"supportedOn":{"ref":"windows:SUPPORTED_Windows7"},"enabledValue":{"decimal":{"value":1}},"disabledValue":{"decimal":{"value":0}},"name":"L_TurnOffNewStickyNotesInOneNote","displayName":"Отключить новые возможности Записок","explainText":"Эта политика управляет тем, могут ли пользователи получить доступ к новым возможностям Записок из OneNote.\n\nЕсли включить этот параметр политики, пользователи не смогут получить доступ к новым возможностям Записок из OneNote.\n\nЕсли отключить этот параметр политики, пользователи смогут получить доступ к новым возможностям Записок из OneNote.\n\nЕсли не настроить этот параметр политики, пользователи смогут получить доступ к новым возможностям Записок из OneNote.\n\nПримечание. Эта политика не влияет на классическое приложение Записки (Майкрософт), доступное в Microsoft Store. Кроме того, отключение или отсутствие настройки этой политики не гарантирует доступ к новым возможностям Записок из OneNote.","tags":["L_Other","L_OneNoteOptions","L_MicrosoftOfficeOneNote"],"application":"onent16","key":"software\\microsoft\\office\\16.0\\onenote\\options\\other","valueName":"ismemorywindowdisabled"},{"parentCategory":{"ref":"L_Other"},"supportedOn":{"ref":"windows:SUPPORTED_Windows7"},"enabledValue":{"decimal":{"value":1}},"disabledValue":{"decimal":{"value":0}},"name":"L_OneNoteSensitivityLabels","displayName":"Включить метки конфиденциальности OneNote","explainText":"Этот параметр политики определяет, можно ли включить возможности метки конфиденциальности Purview для разделов OneNote.\n\nЕсли эта политика включена, пользователи могут использовать поддерживаемые функции Purview, такие как ручное применение меток, удаление меток или метки по умолчанию, для применения меток конфиденциальности к разделам OneNote и защиты конфиденциальной информации. В настоящее время обязательные метки, автоматические метки и динамические подложки не поддерживаются.\n\nЕсли эта политика отключена, пользователи не смогут применять, изменять или удалять метки конфиденциальности в разделах OneNote.\n\nЕсли этот параметр политики не настроен, пользователи не смогут применять, изменять или удалять метки конфиденциальности в разделах OneNote.","tags":["L_Other","L_OneNoteOptions","L_MicrosoftOfficeOneNote"],"application":"onent16","key":"software\\microsoft\\office\\16.0\\onenote\\options\\other","valueName":"sensitivitylabels"}]}