{"categories":[{"name":"L_MicrosoftOfficeaccess","displayName":"Access"},{"parentCategory":{"ref":"L_MicrosoftOfficeaccess"},"name":"L_ApplicationSettings","displayName":"Impostazioni applicazione"},{"parentCategory":{"ref":"L_ApplicationSettings"},"name":"L_International","displayName":"Impostazioni internazionali"},{"parentCategory":{"ref":"L_ApplicationSettings"},"name":"L_WebOptions","displayName":"Opzioni Web..."},{"parentCategory":{"ref":"L_WebOptions"},"name":"L_General","displayName":"Generale"},{"parentCategory":{"ref":"L_ApplicationSettings"},"name":"L_general5","displayName":"Generale"},{"parentCategory":{"ref":"L_ApplicationSettings"},"name":"L_Security","displayName":"Sicurezza"},{"parentCategory":{"ref":"L_Security"},"name":"L_Cryptography","displayName":"Crittografia"},{"parentCategory":{"ref":"L_Security"},"name":"L_TrustCenter","displayName":"Centro protezione"},{"parentCategory":{"ref":"L_TrustCenter"},"name":"L_TrustedLocations","displayName":"Percorsi attendibili"},{"parentCategory":{"ref":"L_MicrosoftOfficeaccess"},"name":"L_Customizableerrormessages","displayName":"Messaggi di errore personalizzabili"},{"parentCategory":{"ref":"L_MicrosoftOfficeaccess"},"name":"L_Disableitemsinuserinterface","displayName":"Disattiva elementi nell'interfaccia utente"},{"parentCategory":{"ref":"L_Disableitemsinuserinterface"},"name":"L_Custom","displayName":"Personalizzati"},{"parentCategory":{"ref":"L_MicrosoftOfficeaccess"},"name":"L_Miscellaneous","displayName":"Varie"}],"policies":[{"parentCategory":{"ref":"L_International"},"supportedOn":{"ref":"windows:SUPPORTED_Windows7"},"elements":{"items":[{"item":[{"value":{"decimal":{"value":0}},"displayName":"Da sinistra a destra"},{"value":{"decimal":{"value":1}},"displayName":"Da destra a sinistra"}],"valueName":"new tables/queries/forms/reports","inputType":"dropdownList","caption":"Orientamento predefinito","id":"L_defaultdirection0"}]},"name":"L_Defaultdirection","displayName":"Orientamento predefinito","explainText":"Consente di specificare l'orientamento del testo predefinito da sinistra a destra.","tags":["L_International","L_ApplicationSettings","L_MicrosoftOfficeaccess"],"application":"access16","key":"software\\microsoft\\office\\16.0\\access\\settings"},{"parentCategory":{"ref":"L_International"},"supportedOn":{"ref":"windows:SUPPORTED_Windows7"},"elements":{"items":[{"item":[{"value":{"decimal":{"value":0}},"displayName":"Modalità Interfaccia"},{"value":{"decimal":{"value":1}},"displayName":"Modalità Testo"}],"valueName":"general alignment","inputType":"dropdownList","caption":"Allineamento standard","id":"L_generalalignment1"}]},"name":"L_GeneralAlignment","displayName":"Allineamento standard","explainText":"Consente di specificare l'allineamento del testo predefinito.","tags":["L_International","L_ApplicationSettings","L_MicrosoftOfficeaccess"],"application":"access16","key":"software\\microsoft\\office\\16.0\\access\\settings"},{"parentCategory":{"ref":"L_International"},"supportedOn":{"ref":"windows:SUPPORTED_Windows7"},"elements":{"items":[{"item":[{"value":{"decimal":{"value":0}},"displayName":"Logico"},{"value":{"decimal":{"value":1}},"displayName":"Visivo"}],"valueName":"cursor","inputType":"dropdownList","caption":"Spostamento cursore","id":"L_cursormovement2"}]},"name":"L_Cursormovement","displayName":"Spostamento cursore","explainText":"Consente di specificare la modalità predefinita di spostamento del cursore.","tags":["L_International","L_ApplicationSettings","L_MicrosoftOfficeaccess"],"application":"access16","key":"software\\microsoft\\office\\16.0\\access\\settings"},{"parentCategory":{"ref":"L_General"},"supportedOn":{"ref":"windows:SUPPORTED_Windows7"},"elements":{"items":[{"item":[{"value":{"decimal":{"value":0}},"displayName":"Nero"},{"value":{"decimal":{"value":1}},"displayName":"Bordeaux"},{"value":{"decimal":{"value":2}},"displayName":"Verde"},{"value":{"decimal":{"value":3}},"displayName":"Verde oliva"},{"value":{"decimal":{"value":4}},"displayName":"Blu scuro"},{"value":{"decimal":{"value":5}},"displayName":"Viola chiaro"},{"value":{"decimal":{"value":6}},"displayName":"Verde acqua"},{"value":{"decimal":{"value":7}},"displayName":"Grigio"},{"value":{"decimal":{"value":8}},"displayName":"Grigio chiaro"},{"value":{"decimal":{"value":9}},"displayName":"Rosso"},{"value":{"decimal":{"value":10}},"displayName":"Verde brillante"},{"value":{"decimal":{"value":11}},"displayName":"Giallo"},{"value":{"decimal":{"value":12}},"displayName":"Blu"},{"value":{"decimal":{"value":13}},"displayName":"Fucsia"},{"value":{"decimal":{"value":14}},"displayName":"Acqua"},{"value":{"decimal":{"value":15}},"displayName":"Bianco"}],"valueName":"hyperlinkcolor","inputType":"dropdownList","caption":"Colore collegamenti non visitati","id":"L_hyperlinkcolor3"}]},"name":"L_Hyperlinkcolor","displayName":"Colore collegamenti non visitati","explainText":"Consente di specificare il colore predefinito per il testo dei collegamenti ipertestuali.","tags":["L_General","L_WebOptions","L_ApplicationSettings","L_MicrosoftOfficeaccess"],"application":"access16","key":"software\\microsoft\\office\\16.0\\access\\internet"},{"parentCategory":{"ref":"L_General"},"supportedOn":{"ref":"windows:SUPPORTED_Windows7"},"elements":{"items":[{"item":[{"value":{"decimal":{"value":0}},"displayName":"Nero"},{"value":{"decimal":{"value":1}},"displayName":"Bordeaux"},{"value":{"decimal":{"value":2}},"displayName":"Verde"},{"value":{"decimal":{"value":3}},"displayName":"Verde oliva"},{"value":{"decimal":{"value":4}},"displayName":"Blu scuro"},{"value":{"decimal":{"value":5}},"displayName":"Viola chiaro"},{"value":{"decimal":{"value":6}},"displayName":"Verde acqua"},{"value":{"decimal":{"value":7}},"displayName":"Grigio"},{"value":{"decimal":{"value":8}},"displayName":"Grigio chiaro"},{"value":{"decimal":{"value":9}},"displayName":"Rosso"},{"value":{"decimal":{"value":10}},"displayName":"Verde brillante"},{"value":{"decimal":{"value":11}},"displayName":"Giallo"},{"value":{"decimal":{"value":12}},"displayName":"Blu"},{"value":{"decimal":{"value":13}},"displayName":"Fucsia"},{"value":{"decimal":{"value":14}},"displayName":"Acqua"},{"value":{"decimal":{"value":15}},"displayName":"Bianco"}],"valueName":"followedhyperlinkcolor","inputType":"dropdownList","caption":"Colore collegamenti visitati","id":"L_followedhyperlinkcolor4"}]},"name":"L_Followedhyperlinkcolor","displayName":"Colore collegamenti visitati","explainText":"Consente di specificare il colore predefinito per il testo dei collegamenti ipertestuali visitati.","tags":["L_General","L_WebOptions","L_ApplicationSettings","L_MicrosoftOfficeaccess"],"application":"access16","key":"software\\microsoft\\office\\16.0\\access\\internet"},{"parentCategory":{"ref":"L_General"},"supportedOn":{"ref":"windows:SUPPORTED_Windows7"},"enabledValue":{"decimal":{"value":0}},"disabledValue":{"decimal":{"value":1}},"name":"L_Underlinehyperlinks","displayName":"Sottolinea collegamenti","explainText":"Questa impostazione di criterio consente di stabilire se i collegamenti ipertestuali in tabelle, query, maschere e report di Access verranno sottolineati. \n      \nSe si attiva questa impostazione di criterio, tutti i collegamenti ipertestuali in tabelle, query, maschere e report di Access verranno sottolineati, ignorando qualsiasi modifica di configurazione apportata nel computer.\n      \nSe si disattiva questa impostazione di criterio, i collegamenti ipertestuali in tabelle, query, maschere e report di Access non verranno sottolineati.\n      \nSe non si configura questa impostazione di criterio, i collegamenti ipertestuali in tabelle, query, maschere e report di Access verranno sottolineati.\n      \nAttivando questa impostazione di criterio viene applicata la configurazione predefinita di Access, pertanto la maggior parte degli utenti non dovrebbero avere problemi di utilizzo. Se si modifica tale configurazione, gli utenti potrebbero inavvertitamente selezionare collegamenti ipertestuali pericolosi che potrebbero comportare rischi di sicurezza.","tags":["L_General","L_WebOptions","L_ApplicationSettings","L_MicrosoftOfficeaccess"],"application":"access16","key":"software\\microsoft\\office\\16.0\\access\\internet","valueName":"donotunderlinehyperlinks"},{"parentCategory":{"ref":"L_general5"},"supportedOn":{"ref":"windows:SUPPORTED_Windows7"},"elements":{"items":[{"valueName":"max display","minValue":0,"minValueSpecified":true,"maxValue":50,"maxValueSpecified":true,"inputType":"decimalTextBox","caption":"Numero di voci: ","id":"L_Numberofentries"}]},"name":"L_Recentlyusedfilelist","displayName":"Numero di file nell'elenco Recenti","explainText":"Questa impostazione di criterio consente di specificare il numero di voci mostrate nell'elenco Recenti visualizzato quando gli utenti scelgono Apri nella scheda File della visualizzazione Backstage.  \n\nSe si abilita questa impostazione, è possibile specificare il numero di voci indicando un valore compreso tra 0 e 50. Se si imposta 0, tutte le voci incluse ed escluse vengono nascoste.\n\nSe si disabilita o non si configura questa impostazione, verranno mostrati al massimo 25 elementi nell'elenco Recenti.\n\nNota: se si vuole impedire completamente l'aggiunta di elementi all'elenco Recenti, è possibile abilitare l'impostazione del criterio di Windows \"Non mantenere la cronologia dei documenti aperti recentemente\".","tags":["L_general5","L_ApplicationSettings","L_MicrosoftOfficeaccess"],"application":"access16","key":"software\\microsoft\\office\\16.0\\access\\file mru"},{"parentCategory":{"ref":"L_general5"},"supportedOn":{"ref":"windows:SUPPORTED_Windows7"},"elements":{"items":[{"valueName":"max display","minValue":0,"minValueSpecified":true,"maxValue":20,"maxValueSpecified":true,"inputType":"decimalTextBox","caption":"Numero di cartelle: ","id":"L_SetNumberOfPlacesInTheRecentPlacesListSpinID"}]},"name":"L_SetNumberOfPlacesInTheRecentPlacesList","displayName":"Numero di cartelle nell'elenco Cartelle recenti","explainText":"Questa impostazione di criterio consente di specificare il numero di voci escluse mostrate nell'elenco Cartelle recenti visualizzato quando gli utenti scelgono Apri o Salva con nome nella scheda File della visualizzazione Backstage.\n\nSe si abilita questa impostazione, è possibile specificare il numero di voci escluse indicando un valore compreso tra 0 e 20. Se si imposta 0, tutte le voci incluse ed escluse vengono nascoste.\n\nSe si disabilita o non si configura questa impostazione, verranno mostrate al massimo 5 voci escluse nell'elenco Cartelle recenti.\n\nNota: se si vuole impedire completamente l'aggiunta di elementi all'elenco Cartelle recenti, è possibile abilitare l'impostazione del criterio di Windows \"Non mantenere la cronologia dei documenti aperti recentemente\".","tags":["L_general5","L_ApplicationSettings","L_MicrosoftOfficeaccess"],"application":"access16","key":"software\\microsoft\\office\\16.0\\access\\place mru"},{"parentCategory":{"ref":"L_general5"},"supportedOn":{"ref":"windows:SUPPORTED_Windows7"},"elements":{"items":[{"valueName":"default database directory","requiredSpecified":false,"expandableSpecified":false,"maxLength":2147483647,"maxLengthSpecified":false,"inputType":"textBox","caption":"Cartella database predefinita","id":"L_defaultdatabasefolder6"}]},"name":"L_Defaultdatabasefolder","displayName":"Cartella database predefinita","explainText":"Consente di specificare la cartella di lavoro predefinita.","tags":["L_general5","L_ApplicationSettings","L_MicrosoftOfficeaccess"],"application":"access16","key":"software\\microsoft\\office\\16.0\\access\\settings"},{"parentCategory":{"ref":"L_Cryptography"},"supportedOn":{"ref":"windows:SUPPORTED_Windows7"},"elements":{"items":[{"valueName":"cipheralgorithm","required":true,"requiredSpecified":true,"expandableSpecified":false,"maxLength":2147483647,"maxLengthSpecified":false,"inputType":"textBox","caption":"Algoritmo crittografia CNG:","id":"L_SetCNGCipherAlgorithmID"}]},"name":"L_SetCNGCipherAlgorithm","displayName":"Imposta algoritmo di crittografia CNG","explainText":"Questa impostazione di criterio consente di configurare l'algoritmo di crittografia CNG da utilizzare.\n\nSe si attiva questa impostazione di criterio, verrà utilizzato l'algoritmo di crittografia specificato, se supportato.\n\nSe si disattiva o non si configura questa impostazione di criterio, verrà utilizzato l'algoritmo AES.","tags":["L_Cryptography","L_Security","L_ApplicationSettings","L_MicrosoftOfficeaccess"],"application":"access16","key":"software\\microsoft\\office\\16.0\\access\\security\\crypto"},{"parentCategory":{"ref":"L_Cryptography"},"supportedOn":{"ref":"windows:SUPPORTED_Windows7"},"elements":{"items":[{"item":[{"value":{"string":"ChainingModeCBC"},"displayName":"Cipher Block Chaining (CBC)"},{"value":{"string":"ChainingModeCFB"},"displayName":"Cipher Feedback (CFB)"}],"valueName":"cipherchaining","inputType":"dropdownList","id":"L_ConfigureCNGCipherChainingModeDropID"}]},"name":"L_ConfigureCNGCipherChainingMode","displayName":"Configura modalità di concatenamento crittografia CNG","explainText":"Questa impostazione di criterio consente di configurare la modalità di concatenamento crittografia da utilizzare.\n\nSe si attiva questa impostazione di criterio, verrà applicata la modalità di concatenamento crittografia specificata.\n\nSe si disattiva o non si configura questa impostazione di criterio, verrà utilizzata la modalità di concatenamento crittografia CNG predefinita Cipher Block Chaining (CBC).","tags":["L_Cryptography","L_Security","L_ApplicationSettings","L_MicrosoftOfficeaccess"],"application":"access16","key":"software\\microsoft\\office\\16.0\\access\\security\\crypto"},{"parentCategory":{"ref":"L_Cryptography"},"supportedOn":{"ref":"windows:SUPPORTED_Windows7"},"elements":{"items":[{"valueName":"cipherkeybits","minValue":0,"minValueSpecified":true,"maxValue":1000000,"maxValueSpecified":true,"inputType":"decimalTextBox","caption":"Lunghezza chiave di crittografia","id":"L_SetCNGCipherKeyLengthSpinID"}]},"name":"L_SetCNGCipherKeyLength","displayName":"Imposta lunghezza chiave di crittografia CNG","explainText":"Questa impostazione di criterio consente di configurare il numero di bit da utilizzare per la creazione della chiave di crittografia. Il numero verrà arrotondato per difetto a un multiplo di 8.\n\nSe si attiva questa impostazione di criterio, verranno utilizzati i bit specificati per la chiave.\n\nSe si disattiva o non si configura questa impostazione di criterio, verrà utilizzato il valore predefinito.","tags":["L_Cryptography","L_Security","L_ApplicationSettings","L_MicrosoftOfficeaccess"],"application":"access16","key":"software\\microsoft\\office\\16.0\\access\\security\\crypto"},{"parentCategory":{"ref":"L_Cryptography"},"supportedOn":{"ref":"windows:SUPPORTED_Windows7"},"elements":{"items":[{"item":[{"value":{"decimal":{"value":0}},"displayName":"Usa formato legacy"},{"value":{"decimal":{"value":1}},"displayName":"Usa formato di prossima generazione"},{"value":{"decimal":{"value":2}},"displayName":"Salva tutti i file con formato prossima generaz."}],"valueName":"compatmode","inputType":"dropdownList","id":"L_SpecifyEncryptionCompatibilityDropID"}]},"name":"L_SpecifyEncryptionCompatibility","displayName":"Specifica compatibilità crittografia","explainText":"Questa impostazione di criterio consente di specificare il formato di compatibilità per il database crittografato.\n\nSe si attiva questa impostazione di criterio, il formato di compatibilità specificato verrà applicato durante la crittografia per i nuovi file\n- Usa formato legacy\n- Usa formato di prossima generazione\n- Salva tutti i file con il formato di prossima generazione\n\nSe si disattiva o non si configura questa impostazione di criterio, verrà applicata l'impostazione predefinita \"Usa formato di prossima generazione\".","tags":["L_Cryptography","L_Security","L_ApplicationSettings","L_MicrosoftOfficeaccess"],"application":"access16","key":"software\\microsoft\\office\\16.0\\access\\security\\crypto"},{"parentCategory":{"ref":"L_Cryptography"},"supportedOn":{"ref":"windows:SUPPORTED_Windows7"},"elements":{"items":[{"valueName":"context","required":true,"requiredSpecified":true,"expandableSpecified":false,"maxLength":2147483647,"maxLengthSpecified":false,"inputType":"textBox","caption":"Parametri","id":"L_SetParametersForCNGContextID"}]},"name":"L_SetParametersForCNGContext","displayName":"Imposta parametri per contesto CNG","explainText":"Questa impostazione di criterio consente di specificare i parametri di crittografia da utilizzare per il contesto CNG. \n\nSe si attiva questa impostazione di criterio, i parametri specificati verranno passati al contesto CNG.\n\nSe si disattiva o non si configura questa impostazione di criterio, verranno utilizzati i valori CNG predefiniti.","tags":["L_Cryptography","L_Security","L_ApplicationSettings","L_MicrosoftOfficeaccess"],"application":"access16","key":"software\\microsoft\\office\\16.0\\access\\security\\crypto"},{"parentCategory":{"ref":"L_Cryptography"},"supportedOn":{"ref":"windows:SUPPORTED_Windows7"},"elements":{"items":[{"item":[{"value":{"string":"SHA1"},"displayName":"SHA1"},{"value":{"string":"SHA256"},"displayName":"SHA256"},{"value":{"string":"SHA384"},"displayName":"SHA384"},{"value":{"string":"SHA512"},"displayName":"SHA512"}],"valueName":"hashalgorithm","inputType":"dropdownList","id":"L_SpecifyCNGHashAlgorithmDropID"}]},"name":"L_SpecifyCNGHashAlgorithm","displayName":"Specifica algoritmo hash CNG","explainText":"Questa impostazione di criterio consente di specificare l'algoritmo hash da utilizzare.\n\nSe si attiva questa impostazione di criterio, per CNG verrà utilizzato l'algoritmo hash specificato.\n\nSe si disattiva o non si configura questa impostazione di criterio, verrà utilizzato l'algoritmo hash CNG predefinito.","tags":["L_Cryptography","L_Security","L_ApplicationSettings","L_MicrosoftOfficeaccess"],"application":"access16","key":"software\\microsoft\\office\\16.0\\access\\security\\crypto"},{"parentCategory":{"ref":"L_Cryptography"},"supportedOn":{"ref":"windows:SUPPORTED_Windows7"},"elements":{"items":[{"valueName":"passwordspincount","minValue":0,"minValueSpecified":true,"maxValue":10000000,"maxValueSpecified":true,"inputType":"decimalTextBox","id":"L_SetCNGPasswordSpinCountSpinID"}]},"name":"L_SetCNGPasswordSpinCount","displayName":"Imposta numero spin password CNG","explainText":"Questa impostazione di criterio consente di specificare il numero di spin (rigenerazioni dell'hash) per lo strumento di verifica delle password.\n\nSe si attiva questa impostazione di criterio, il numero specificato corrisponderà al numero di rigenerazioni dell'hash per la password.\n\nSe si disattiva o non si configura questa impostazione di criterio, verrà utilizzato il valore predefinito (100.000).","tags":["L_Cryptography","L_Security","L_ApplicationSettings","L_MicrosoftOfficeaccess"],"application":"access16","key":"software\\microsoft\\office\\16.0\\access\\security\\crypto"},{"parentCategory":{"ref":"L_Cryptography"},"supportedOn":{"ref":"windows:SUPPORTED_Windows7"},"elements":{"items":[{"valueName":"rngalgorithm","required":true,"requiredSpecified":true,"expandableSpecified":false,"maxLength":2147483647,"maxLengthSpecified":false,"inputType":"textBox","caption":"Generatore di numeri casuali:","id":"L_SpecifyCNGRandomNumberGeneratorAlgorithmID"}]},"name":"L_SpecifyCNGRandomNumberGeneratorAlgorithm","displayName":"Specifica algoritmo di generazione di numeri casuali CNG","explainText":"Questa impostazione di criterio consente di configurare il generatore di numeri casuali CNG da utilizzare.\n\nSe si attiva questa impostazione di criterio, verrà utilizzato il generatore di numeri casuali specificato.\n\nSe si disattiva o non si configura questa impostazione di criterio, verrà utilizzato il generatore di numeri casuali predefinito.","tags":["L_Cryptography","L_Security","L_ApplicationSettings","L_MicrosoftOfficeaccess"],"application":"access16","key":"software\\microsoft\\office\\16.0\\access\\security\\crypto"},{"parentCategory":{"ref":"L_Cryptography"},"supportedOn":{"ref":"windows:SUPPORTED_Windows7"},"elements":{"items":[{"valueName":"saltbytes","minValue":0,"minValueSpecified":true,"maxValue":5000,"maxValueSpecified":true,"inputType":"decimalTextBox","caption":"Numero di byte","id":"L_SpecifyCNGSaltLengthSpinID"}]},"name":"L_SpecifyCNGSaltLength","displayName":"Specifica lunghezza valore salt CNG","explainText":"Questa impostazione di criterio consente di specificare il numero di byte da utilizzare per il valore salt.\n\nSe si attiva questa impostazione di criterio, verrà utilizzato il numero di byte specificato.\n\nSe si disattiva o non si configura questa impostazione di criterio, verrà utilizzato il valore 16 o la lunghezza predefinita.","tags":["L_Cryptography","L_Security","L_ApplicationSettings","L_MicrosoftOfficeaccess"],"application":"access16","key":"software\\microsoft\\office\\16.0\\access\\security\\crypto"},{"parentCategory":{"ref":"L_TrustCenter"},"supportedOn":{"ref":"windows:SUPPORTED_Windows7"},"elements":{"items":[{"valueName":"maxtrusteddocuments","minValue":0,"minValueSpecified":true,"maxValue":20000,"maxValueSpecified":true,"inputType":"decimalTextBox","caption":"Numero massimo:","id":"L_SetMaximumNumberOfTrustedDocumentsSpinID"}]},"name":"L_SetMaximumNumberOfTrustedDocuments","displayName":"Imposta numero massimo documenti attendibili","explainText":"Questa impostazione di criterio consente di specificare il numero massimo di record di attendibilità per i documenti attendibili che è possibile archiviare nel Registro di sistema prima che venga eseguita l'attività di eliminazione. L'attività di eliminazione riduce il numero di documenti attendibili archiviati nel Registro di sistema in base al valore specificato dall'impostazione di criterio \"Imposta numero massimo record di attendibilità da mantenere\".\n\nSe si attiva questa impostazione di criterio, è possibile specificare il numero massimo di documenti attendibili che possono essere archiviati nel Registro di sistema prima che venga eseguita l'attività di eliminazione, fino a un limite superiore di 20.000 documenti. Per motivi di prestazioni, non è consigliabile impostare il limite superiore.\n\nSe si disattiva o non si configura questa impostazione di criterio, verrà usato il valore predefinito 500 come numero massimo di documenti attendibili che è possibile archiviare nel Registro di sistema prima che venga eseguita l'attività di eliminazione.","tags":["L_TrustCenter","L_Security","L_ApplicationSettings","L_MicrosoftOfficeaccess"],"application":"access16","key":"software\\microsoft\\office\\16.0\\access\\security\\trusted documents"},{"parentCategory":{"ref":"L_TrustCenter"},"supportedOn":{"ref":"windows:SUPPORTED_Windows7"},"elements":{"items":[{"valueName":"maxpreservetrusteddocuments","minValue":0,"minValueSpecified":true,"maxValue":20000,"maxValueSpecified":true,"inputType":"decimalTextBox","caption":"Numero massimo da mantenere:","id":"L_SetMaximumNumberOfTrustRecordsToPreserveSpinID"}]},"name":"L_SetMaximumNumberOfTrustRecordsToPreserve","displayName":"Imposta numero massimo record di attendibilità da mantenere","explainText":"Questa impostazione di criterio consente di specificare il numero massimo di record di attendibilità da mantenere quando l'attività di eliminazione rileva che il numero di documenti impostati come attendibili dall'applicazione è superiore al numero specificato tramite l'impostazione di criterio \"Imposta numero massimo di documenti attendibili\".\n\nSe si attiva questa impostazione di criterio, è possibile specificare il numero massimo di record di attendibilità da mantenere, fino al limite di 20.000. Per motivi di prestazioni non è consigliabile impostare il limite superiore.\n\nSe si disattiva o non si configura questa impostazione di criterio, verrà utilizzato il valore predefinito 400.","tags":["L_TrustCenter","L_Security","L_ApplicationSettings","L_MicrosoftOfficeaccess"],"application":"access16","key":"software\\microsoft\\office\\16.0\\access\\security\\trusted documents"},{"parentCategory":{"ref":"L_TrustCenter"},"supportedOn":{"ref":"windows:SUPPORTED_Windows7"},"elements":{"items":[{"item":[{"value":{"decimal":{"value":2}},"displayName":"Disattiva tutte le macro con notifica"},{"value":{"decimal":{"value":3}},"displayName":"Disattiva tutte le macro ad eccezione delle macro firmate digitalmente"},{"value":{"decimal":{"value":4}},"displayName":"Disattiva tutte le macro senza notifica"},{"value":{"decimal":{"value":1}},"displayName":"Attiva tutte le macro (scelta non consigliata)"}],"valueName":"vbawarnings","inputType":"dropdownList","id":"L_Empty"},{"trueValue":{"decimal":{"value":1}},"falseValue":{"decimal":{"value":0}},"valueName":"vbadigsigtrustedpublishers","key":"software\\microsoft\\office\\16.0\\access\\security","inputType":"checkBox","caption":"Richiedi macro firmate da un autore attendibile","id":"L_VBADigSigTrustedPublishersStr"},{"trueValue":{"decimal":{"value":1}},"falseValue":{"decimal":{"value":0}},"valueName":"vbarequirelmtrustedpublisher","key":"software\\microsoft\\office\\16.0\\access\\security","inputType":"checkBox","caption":"Blocca certificati da autori attendibili installati solo nell'archivio certificati dell'utente corrente","id":"L_VBAOnlyAllowLMTrustedPublisherStr"},{"trueValue":{"decimal":{"value":1}},"falseValue":{"decimal":{"value":0}},"valueName":"vbarequiredigsigwithcodesigningeku","key":"software\\microsoft\\office\\16.0\\access\\security","inputType":"checkBox","caption":"Richiedi utilizzo chiave avanzato (EKU) per certificati di autori attendibili","id":"L_VBAOnlyAllowDigSigWithCodeSigningEKUStr"}]},"name":"L_VBAWarningsPolicy","displayName":"Impostazioni notifiche macro VBA","explainText":"Questa impostazione di criterio controlla come le applicazioni specificate avvisano gli utenti della presenza di macro di Visual Basic for Applications (VBA).\n\nSe si abilita questa impostazione di criterio, sarà possibile scegliere tra quattro opzioni per la segnalazione della presenza di macro all'utente:\n \n- Disabilitare tutte le macro con notifica: verrà visualizzata la Barra informazioni di protezione per tutte le macro, firmate o non firmate. Questa opzione applica la configurazione predefinita di Office.\n \n- Disabilitare tutte le macro ad eccezione di quelle firmate digitalmente: verrà visualizzata la Barra informazioni di protezione per le macro firmate digitalmente e gli utenti potranno scegliere se attivarle o non firmate. Le macro non firmate verranno disabilitate senza nessuna notifica all'utente.\n \n- Disabilitare tutte le macro senza notifica: tutte le macro, firmate o non firmate, verranno disabilitate senza nessuna notifica all'utente.\n \n- Attivare tutte le macro (scelta non consigliata): tutte le macro, firmate o non firmate, verranno attivate. Questa opzione può ridurre la sicurezza in modo significativo consentendo l'esecuzione di codice pericoloso.\n \nSe si disabilita questa impostazione di criterio, verrà applicata l'impostazione predefinita \"Disabilita tutte le macro con notifica\".\n \nSe non si configura questa impostazione di criterio, quando gli utenti aprono file contenenti macro VBA nelle applicazioni selezionate, le applicazioni apriranno i file con le macro disabilitate e verrà visualizzato un avviso nella Barra informazioni di protezione indicante che le macro presenti sono state disabilitate. Se necessario, gli utenti potranno controllare e modificare i file, ma non potranno usare funzioni disabilitate finché non le attiveranno facendo clic su \"Abilita contenuto\" sulla Barra informazioni di protezione. Se l'utente fa clic su \"Abilita contenuto\", il documento verrà aggiunto all'elenco dei documenti attendibili.\n \nSe si seleziona \"Disabilita tutte le macro ad eccezione di quelle firmate digitalmente\", è consigliabile selezionare anche la casella di controllo \"Richiedi che le macro siano firmate da un autore attendibile\" per migliorare la sicurezza.\n\nSe si seleziona la casella di controllo \"Richiedi che le macro siano firmate da un autore attendibile\", gli utenti che aprono file con macro firmate digitalmente ma non da un autore attendibile riceveranno una notifica di blocco delle macro. Ci sono due caselle di controllo aggiuntive che è consigliabile selezionare per migliorare la sicurezza.\n\n- Blocca certificati da autori attendibili installati nell'archivio certificati dell'utente corrente \n\n- Richiedi utilizzo chiave esteso (EKU) per certificati da autori attendibili \n\nNota: queste due caselle di controllo si applicano solo se è stata selezionata la casella di controllo \"Richiedi che le macro siano firmate da un autore attendibile\".\n\nNota: tutte e tre le caselle di controllo si applicano solo alla versione 2012 o successiva di Office e Visio. Non si applicano a Office 2016 o Office 2019.\n\nSe si seleziona la casella di controllo \"Blocca certificati da autori attendibili installati nell'archivio certificati del computer locale\", le macro non verranno eseguite se il certificato dell'autore attendibile è installato nell'archivio certificati dell'utente corrente. Il certificato deve essere installato nell'archivio certificati del computer locale affinché venga eseguita la macro. Solo gli account con accesso di amministratore al computer possono installare un certificato nell'archivio certificati del computer locale.\n\nSe si seleziona la casella di controllo \"Richiedi utilizzo chiave esteso (EKU) per certificati da autori attendibili\", l'EKU deve includere \"Firma del codice\" come uno degli usi del certificato.\n\nImportante: se è selezionata l'opzione \"Disabilita tutte le macro ad eccezione di quelle firmate digitalmente\", gli utenti non saranno in grado di aprire database di Access non firmati.\n \nSi noti inoltre che Microsoft Office memorizza i certificati degli autori attendibili nell'archivio autori attendibili di Internet Explorer. Nelle precedenti versioni di Microsoft Office, le informazioni sui certificati di autori attendibili, in particolare l'identificazione digitale del certificato, erano memorizzate in un archivio speciale di autori attendibili di Office. Microsoft Office legge ancora le informazioni sui certificati dall'archivio speciale degli autori attendibili, ma non scrive informazioni in tale archivio.\n \nQuindi, se è stato creato un elenco di autori attendibili in una versione precedente di Microsoft Office e si esegue l'aggiornamento a Office, l'elenco di autori attendibili sarà ancora riconosciuto. Tuttavia, ogni certificato aggiunto all'elenco verrà memorizzato nell'archivio autori attendibili di Internet Explorer.","tags":["L_TrustCenter","L_Security","L_ApplicationSettings","L_MicrosoftOfficeaccess"],"application":"access16","key":"software\\microsoft\\office\\16.0\\access\\security"},{"parentCategory":{"ref":"L_TrustCenter"},"supportedOn":{"ref":"windows:SUPPORTED_Windows7"},"enabledValue":{"decimal":{"value":1}},"disabledValue":{"decimal":{"value":0}},"name":"L_BlockMacroExecutionFromInternet","displayName":"Blocca l'esecuzione delle macro nei file di Office provenienti da Internet","explainText":"\n        Questa impostazione del criterio permette di bloccare l'esecuzione delle macro nei file di Office provenienti da Internet.\n\n        Se si abilita questa impostazione criterio, l'esecuzione delle macro viene bloccata anche se è selezionata l'opzione \"Abilita tutte le macro\" nella sezione Impostazioni macro del Centro protezione. Gli utenti riceveranno una notifica che indica che l'esecuzione delle macro è bloccata.\n\n        Eccezioni per l'esecuzione delle macro: \n       - Il file di Office viene salvato in un percorso attendibile.\n        - Il file di Office è stato precedentemente considerato attendibile dall'utente.\n        - Le macro sono firmate digitalmente e sul dispositivo è installato il certificato dell'autore attendibile corrispondente.\n\n        Se si disabilita questa impostazione del criterio, le impostazioni configurate nella sezione Impostazioni macro del Centro protezione determinano se le macro vengono eseguite nei file Office provenienti da Internet.\n\n        Se non si configura questa impostazione criterio, l'esecuzione delle macro verrà bloccata. Gli utenti riceveranno una notifica che informa dei rischi per la sicurezza delle macro provenienti da Internet insieme a un collegamento per ulteriori informazioni.\n\n        Per altre informazioni, vedere https://go.microsoft.com/fwlink/p/?linkid=2185771.\n      ","tags":["L_TrustCenter","L_Security","L_ApplicationSettings","L_MicrosoftOfficeaccess"],"application":"access16","key":"software\\microsoft\\office\\16.0\\access\\security","valueName":"blockcontentexecutionfrominternet"},{"parentCategory":{"ref":"L_TrustCenter"},"supportedOn":{"ref":"windows:SUPPORTED_Windows7"},"enabledValue":{"decimal":{"value":1}},"disabledValue":{"decimal":{"value":0}},"name":"L_TurnOffTrustedDocumentsOnTheNetwork","displayName":"Disattiva documenti attendibili nella rete","explainText":"Questa impostazione di criterio consente di disattivare la caratteristica Documenti attendibili per i documenti aperti dalla rete.\n\nSe si attiva questa impostazione di criterio, verranno sempre visualizzate notifiche di sicurezza agli utenti per contenuto attivo come macro, controlli ActiveX, connessioni dati e simili per i documenti aperti dalla rete.\n\nSe si disattiva o non si configura questa impostazione di criterio, la caratteristica Documenti attendibili consentirà agli utenti di impostare come sempre consentito il contenuto attivo nei documenti, ad esempio macro, controlli ActiveX, connessioni dati e così via, in modo da non visualizzare richieste di conferma in occasione della successiva apertura dei documenti. Per i documenti attendibili non vengono visualizzate notifiche di sicurezza.","tags":["L_TrustCenter","L_Security","L_ApplicationSettings","L_MicrosoftOfficeaccess"],"application":"access16","key":"software\\microsoft\\office\\16.0\\access\\security\\trusted documents","valueName":"disablenetworktrusteddocuments"},{"parentCategory":{"ref":"L_TrustCenter"},"supportedOn":{"ref":"windows:SUPPORTED_Windows7"},"enabledValue":{"decimal":{"value":1}},"disabledValue":{"decimal":{"value":0}},"name":"L_Disableallapplicationextensions","displayName":"Disattiva tutti i componenti aggiuntivi applicazioni","explainText":"Questa impostazione di criteri disabilita tutti i componenti aggiuntivi per le applicazioni di Office 2016 specificate.\n      \nSe si abilita questa impostazione di criteri, verranno disabilitati tutti i componenti aggiuntivi per le applicazioni di Office 2016 specificate.\n\nSe si disabilita o non si configura questa impostazione di criteri, tutti i componenti aggiuntivi per le applicazioni di Office 2016 specificate verranno eseguiti senza alcuna notifica all'utente.","tags":["L_TrustCenter","L_Security","L_ApplicationSettings","L_MicrosoftOfficeaccess"],"application":"access16","key":"software\\microsoft\\office\\16.0\\access\\security","valueName":"disablealladdins"},{"parentCategory":{"ref":"L_TrustCenter"},"supportedOn":{"ref":"windows:SUPPORTED_Windows7"},"enabledValue":{"decimal":{"value":1}},"disabledValue":{"decimal":{"value":0}},"name":"L_RequirethatApplicationExtensionsaresigned","displayName":"Richiedi firma autore attendibile per i componenti aggiuntivi applicazioni","explainText":"Questa impostazione di criteri controlla se i componenti aggiuntivi per l'applicazione devono essere o meno firmati digitalmente da un autore attendibile.\n\nSe si abilita questa impostazione di criteri, l'applicazione controlla la firma digitale di ogni componente aggiuntivo prima di caricarlo. Se il componente aggiuntivo è privo di firma digitale o la firma digitale non proviene da un autore attendibile, l'applicazione lo disabilita inviando una notifica all'utente. È necessario aggiungere i certificati all'elenco degli autori attendibili se si vuole che tutti i componenti aggiuntivi siano firmati da un autore attendibile. Per altre informazioni su come ottenere e distribuire i certificati, vedere http://go.microsoft.com/fwlink/?LinkId=294922. I certificati degli autori attendibili di Office 2016 sono memorizzati nell'archivio autori attendibili di Internet Explorer. Nelle versioni precedenti di Microsoft Office le informazioni sui certificati di autori attendibili, in particolare l'identificazione digitale del certificato, sono memorizzate in un archivio speciale di autori attendibili di Office. In Office 2016 è ancora possibile leggere le informazioni sui certificati dall'archivio degli autori attendibili di Office, ma non verranno scritte informazioni in tale archivio. Se pertanto è stato creato un elenco di autori attendibili in una versione precedente di Office e si effettua l'aggiornamento a Office 2016, l'elenco di autori attendibili sarà ancora riconosciuto, ma ogni certificato aggiunto all'elenco verrà memorizzato nell'archivio autori attendibili di Internet Explorer. Per altre informazioni sugli autori attendibili, vedere Office Resource Kit.\n\nSe si disabilita o non si configura questa impostazione di criteri, l'applicazione non eseguirà un controllo delle firme digitali dei componenti aggiuntivi prima di aprirli. Se viene caricato un componente aggiuntivo pericoloso, potrebbero verificarsi danni ai computer degli utenti o potrebbe essere compromessa la sicurezza dei dati.","tags":["L_TrustCenter","L_Security","L_ApplicationSettings","L_MicrosoftOfficeaccess"],"application":"access16","key":"software\\microsoft\\office\\16.0\\access\\security","valueName":"requireaddinsig"},{"parentCategory":{"ref":"L_TrustCenter"},"supportedOn":{"ref":"windows:SUPPORTED_Windows7"},"enabledValue":{"decimal":{"value":1}},"disabledValue":{"decimal":{"value":0}},"name":"L_DisableTrustBarNotificationforunsigned","displayName":"Disattiva avviso della barra informazioni di protezione per i componenti aggiuntivi delle applicazioni non firmati e blocca tali componenti","explainText":"Questa impostazione di criterio consente di stabilire se nell'applicazione di Office specificata verrà notificato all'utente il caricamento di componenti aggiuntivi delle applicazioni non firmati oppure se tali componenti aggiuntivi verranno disattivati automaticamente senza alcuna notifica. Questa impostazione di criterio si applica solo se si attiva l'impostazione di criterio \"Richiedi firma autore attendibile per i componenti aggiuntivi applicazioni\", che impedisce agli utenti di modificare questa impostazione.\n      \nSe si attiva questa impostazione di criterio, i componenti aggiuntivi non firmati verranno automaticamente disattivati dalle applicazioni senza notifica all'utente.\n\nSe si disattiva questa impostazione di criterio, nelle applicazioni configurate per richiedere che tutti i componenti aggiuntivi siano firmati da un autore attendibile, qualsiasi componente aggiuntivo non firmato caricato dall'applicazione sarà disattivato e verrà visualizzata la barra informazioni di protezione nella parte superiore della finestra attiva. La barra informazioni di protezione mostra informazioni sul componente aggiuntivo non firmato.\n\nSe non si configura questa impostazione di criterio, verrà applicato lo stesso comportamento valido in caso di disattivazione e gli utenti potranno inoltre configurare personalmente questo requisito nella categoria \"Componenti aggiuntivi\" del Centro protezione per l'applicazione.","tags":["L_TrustCenter","L_Security","L_ApplicationSettings","L_MicrosoftOfficeaccess"],"application":"access16","key":"software\\microsoft\\office\\16.0\\access\\security","valueName":"notbpromptunsignedaddin"},{"parentCategory":{"ref":"L_TrustCenter"},"supportedOn":{"ref":"windows:SUPPORTED_Windows7"},"enabledValue":{"decimal":{"value":1}},"disabledValue":{"decimal":{"value":0}},"name":"L_TurnOffTrustedDocuments","displayName":"Disattiva documenti attendibili","explainText":"Questa impostazione di criterio consente di disattivare la caratteristica Documenti attendibili che permette agli utenti di attivare sempre il contenuto di tali documenti rappresentato da macro, controlli ActiveX, connessioni dati e così via, in modo che non venga visualizzata alcuna richiesta all'apertura successiva dei documenti. Per i documenti attendibili non vengono visualizzate notifiche di sicurezza.\n\nSe si attiva questa impostazione di criterio, la caratteristica Documenti attendibili verrà disattivata. Agli utenti sarà visualizzato un messaggio di sicurezza a ogni apertura di un documento con contenuto attivo.\n\nSe si disattiva o non si configura questa impostazione di criterio, i documenti saranno considerati attendibili quando l'utente ne attiverà il contenuto e agli utenti non sarà visualizzato alcun messaggio di sicurezza.","tags":["L_TrustCenter","L_Security","L_ApplicationSettings","L_MicrosoftOfficeaccess"],"application":"access16","key":"software\\microsoft\\office\\16.0\\access\\security\\trusted documents","valueName":"disabletrusteddocuments"},{"parentCategory":{"ref":"L_TrustedLocations"},"supportedOn":{"ref":"windows:SUPPORTED_Windows7"},"enabledValue":{"decimal":{"value":1}},"disabledValue":{"decimal":{"value":0}},"name":"L_AllowTrustedLocationsOnTheNetwork","displayName":"Consenti percorsi attendibili in rete","explainText":"Questa impostazione di criterio consente di stabilire se utilizzare o meno percorsi attendibili di rete.\n      \nSe si attiva questa impostazione di criterio, gli utenti potranno specificare percorsi attendibili in condivisioni di rete o altri percorsi remoti che non sono sotto il loro diretto controllo selezionando la casella di controllo \"Consenti percorsi attendibili in questa rete (scelta non consigliata)\" nella sezione Percorsi attendibili del Centro protezione. Verrà consentito il caricamento di contenuto, codice e componenti aggiuntivi dai percorsi attendibili con sicurezza minima e senza richiedere l'autorizzazione all'utente.\n\nSe si disattiva o non si configura questa impostazione di criterio, tutti i percorsi di rete elencati nella sezione Percorsi attendibili del Centro protezione verranno ignorati dall'applicazione selezionata. Disattivando questa impostazione di criterio, i percorsi di rete non verranno eliminati dall'elenco Percorsi attendibili, ma l'applicazione selezionata li considererà come non attendibili e impedirà agli utenti di aggiungerne altri all'elenco.\n\nSe si distribuiscono percorsi attendibili anche tramite Criteri di gruppo, è necessario verificare se si tratta di percorsi remoti. In tal caso, le chiavi dei criteri che fanno riferimento a percorsi remoti non consentiti mediante questa impostazione di criterio verranno ignorate nei computer client.\n\nLa disattivazione di questa impostazione di criterio causerà disservizi per gli utenti che aggiungono percorsi di rete all'elenco dei percorsi attendibili. Tale procedura tuttavia non è consigliata, come indicato dalla casella di controllo \"Consenti percorsi attendibili in questa rete (scelta non consigliata)\", quindi dovrebbe essere possibile disattivare questa impostazione di criterio nella maggior parte dei casi senza causare problemi gravi di utilizzo agli utenti.\n","tags":["L_TrustedLocations","L_TrustCenter","L_Security","L_ApplicationSettings","L_MicrosoftOfficeaccess"],"application":"access16","key":"software\\microsoft\\office\\16.0\\access\\security\\trusted locations","valueName":"allownetworklocations"},{"parentCategory":{"ref":"L_TrustedLocations"},"supportedOn":{"ref":"windows:SUPPORTED_Windows7"},"enabledValue":{"decimal":{"value":1}},"disabledValue":{"decimal":{"value":0}},"name":"L_DisableTrustedLoc","displayName":"Disattiva tutti i percorsi attendibili","explainText":"Questa impostazione di criteri consente agli amministratori di disabilitare tutti i percorsi attendibili nelle applicazioni specificate. I percorsi attendibili specificati nel Centro protezione identificano percorsi considerati sicuri. Codice, contenuti e componenti aggiuntivi vengono caricati dai percorsi attendibili con sicurezza minima e senza richiedere l'autorizzazione dell'utente. File pericolosi caricati da percorsi attendibili non sono sottoposti a misure di sicurezza standard e potrebbero provocare danni al computer e ai dati dell'utente.\n      \nSe si abilita questa impostazione di criteri, verranno ignorati tutti i percorsi attendibili specificati nel Centro protezione delle applicazioni selezionate, inclusi quelli stabiliti durante l'installazione di Office 2016, quelli distribuiti agli utenti tramite Criteri di gruppo o quelli aggiunti dagli utenti stessi. Verrà nuovamente richiesta conferma agli utenti per l'apertura di file da percorsi attendibili.\n\nSe si disabilita o non si configura questa impostazione di criteri, tutti i percorsi attendibili specificati nel Centro protezione delle applicazioni specificate saranno considerati sicuri.","tags":["L_TrustedLocations","L_TrustCenter","L_Security","L_ApplicationSettings","L_MicrosoftOfficeaccess"],"application":"access16","key":"software\\microsoft\\office\\16.0\\access\\security\\trusted locations","valueName":"alllocationsdisabled"},{"parentCategory":{"ref":"L_Miscellaneous"},"supportedOn":{"ref":"windows:SUPPORTED_Windows7"},"elements":{"items":[{"item":[{"value":{"decimal":{"value":12}},"displayName":"Access 2007"},{"value":{"decimal":{"value":10}},"displayName":"Access 2002-2003"},{"value":{"decimal":{"value":9}},"displayName":"Access 2000"}],"valueName":"default file format","inputType":"dropdownList","id":"L_empty87"}]},"name":"L_DefaultFileFormat","displayName":"Formato di file predefinito","explainText":"Questa impostazione di criteri controlla se i nuovi file di database verranno creati nel nuovo formato di Access o in un formato usato dalle precedenti versioni di Access.\n      \nSe si abilita questa impostazione di criteri, sarà possibile scegliere se creare i nuovi file di database per impostazione predefinita nel formato di Access 2016 o Access 2002-2003. Sarà comunque consentito selezionare un formato specifico prima di salvare il file, ma non sarà possibile definire l'impostazione predefinita nella finestra di dialogo Opzioni di Access.\n      \nSe si disabilita o non si configura questa impostazione di criteri, i nuovi file di database saranno salvati nel nuovo formato di Access 2016. Gli utenti potranno comunque cambiare questa funzionalità selezionando un formato di file dall'elenco a discesa Formato di file predefinito in Opzioni di Access | Impostazioni generali | Creazione di database. Nota: se si disabilita questa impostazione di criteri, sarà possibile selezionare tre formati di file predefiniti: Access 2000, Access 2002-2003 e Access 2016. È possibile usare questa impostazione di criteri per selezionare come formato predefinito Access 2002-2003 o Access 2016, ma non Access 2000.","tags":["L_Miscellaneous","L_MicrosoftOfficeaccess"],"application":"access16","key":"software\\microsoft\\office\\16.0\\access\\settings"},{"parentCategory":{"ref":"L_Miscellaneous"},"supportedOn":{"ref":"windows:SUPPORTED_Windows7"},"enabledValue":{"decimal":{"value":1}},"disabledValue":{"decimal":{"value":0}},"name":"L_Donotprompttoconvertolderdatabases","displayName":"Non chiedere se convertire i database di versioni precedenti","explainText":"Questa impostazione di criterio consente di stabilire se, all'apertura di database di versioni precedenti ad Access, all'utente verrà chiesto di convertirli o meno.\n      \nSe si attiva questa impostazione di criterio, il formato di database di Access 97 non sarà modificato. L'utente verrà informato che il database è in un formato di una versione precedente, ma non potrà scegliere se convertire o meno il database. Alcune funzionalità introdotte nelle versioni più recenti di Access non saranno disponibili e l'utente non potrà apportare modifiche alla struttura del database.\n      \nSe si disattiva o non si configura questa impostazione di criterio, all'apertura di database creati nel formato di Access 97 verrà chiesto se si desidera convertire il file in un formato più recente. Gli utenti potranno scegliere se convertire il database o lasciarlo nel formato originale.","tags":["L_Miscellaneous","L_MicrosoftOfficeaccess"],"application":"access16","key":"software\\microsoft\\office\\16.0\\access\\settings","valueName":"noconvertdialog"},{"parentCategory":{"ref":"L_Miscellaneous"},"supportedOn":{"ref":"windows:SUPPORTED_Windows7"},"enabledValue":{"decimal":{"value":1}},"disabledValue":{"decimal":{"value":0}},"name":"L_2007CompatibleCachePolicy","displayName":"Usa cache compatibile con Access 2007","explainText":"Questa impostazione di criterio consente di imporre l'utilizzo di una cache compatibile con Access 2007 in database nuovi ed esistenti.\n\nSe si attiva questa impostazione di criterio, i database nuovi ed esistenti utilizzeranno la cache compatibile con Access 2007.\n\nSe si disattiva o non si configura questa impostazione di criterio, i nuovi database utilizzeranno la cache non compatibile con Access 2007, mentre i database esistenti utilizzeranno la modalità cache con cui sono stati creati.\n","tags":["L_Miscellaneous","L_MicrosoftOfficeaccess"],"application":"access16","key":"software\\microsoft\\office\\16.0\\access\\settings","valueName":"use2007compatiblecache"},{"parentCategory":{"ref":"L_Miscellaneous"},"supportedOn":{"ref":"windows:SUPPORTED_Windows7"},"enabledValue":{"decimal":{"value":1}},"disabledValue":{"decimal":{"value":0}},"name":"L_ClearCacheOnClosePolicy","displayName":"Cancella cache alla chiusura","explainText":"Questa impostazione di criteri impone la cancellazione della cache per i database non compatibili con Access 2016 alla chiusura del database.\n\nSe si abilita questa impostazione di criteri, tutti i collegamenti di Microsoft SharePoint o Catalogo dati business memorizzati nella cache verranno cancellati alla chiusura dei database che non usano la cache compatibile con Access 2016. Se il database usa la cache compatibile con Access 2016, questa impostazione non avrà alcun effetto se abilitata.\n\nSe si disabilita o non si configura questa impostazione di criteri, i collegamenti di Microsoft SharePoint o Catalogo dati business memorizzati nella cache non verranno cancellati alla chiusura dei database che non usano la cache compatibile con Access 2016. Se il database usa la cache compatibile con Access 2016, questa impostazione non avrà alcun effetto se disabilitata o non configurata.","tags":["L_Miscellaneous","L_MicrosoftOfficeaccess"],"application":"access16","key":"software\\microsoft\\office\\16.0\\access\\settings","valueName":"clearcacheonclose"},{"parentCategory":{"ref":"L_Miscellaneous"},"supportedOn":{"ref":"windows:SUPPORTED_Windows7"},"enabledValue":{"decimal":{"value":1}},"disabledValue":{"decimal":{"value":0}},"name":"L_NeverCachePolicy","displayName":"Non memorizzare mai dati nella cache","explainText":"Questa impostazione di criteri impone ai database che non usano la cache compatibile con Access 2016 di non memorizzare dati nella cache.\n\nSe si abilita questa impostazione di criteri, i dati di Microsoft SharePoint o Catalogo dati business non verranno memorizzati per i database che non usano la cache compatibile con Access 2016. Se il database usa la cache compatibile con Access 2016, questa impostazione non avrà alcun effetto se abilitata.\n\nSe si disabilita o non si configura questa impostazione di criteri, i dati di Microsoft SharePoint o Catalogo dati business verranno memorizzati nella cache per i database che non usano la cache compatibile con Access 2016. Se il database usa la cache compatibile con Access 2016, questa impostazione non avrà alcun effetto se disabilitata o non configurata.","tags":["L_Miscellaneous","L_MicrosoftOfficeaccess"],"application":"access16","key":"software\\microsoft\\office\\16.0\\access\\settings","valueName":"nevercache"},{"parentCategory":{"ref":"L_Miscellaneous"},"supportedOn":{"ref":"windows:SUPPORTED_Windows7"},"elements":{"items":[{"valueName":"personaltemplatesaccess","requiredSpecified":false,"expandable":true,"expandableSpecified":true,"maxLength":2147483647,"maxLengthSpecified":false,"inputType":"textBox","caption":"Percorso modelli personali","id":"L_PersonalTemplatesPath"}]},"name":"L_PersonalTemplatesPath","displayName":"Percorso modelli personali per Access","explainText":"Questa impostazione di criterio specifica il percorso dei modelli personali di un utente. \n\nSe si abilita questa impostazione di criterio, gli utenti visualizzeranno tutti i modelli che hanno salvato nel percorso specificato nella scheda Modelli personalizzati della schermata di avvio di Office e in File | Nuovo e quando salvano un modello la cartella predefinita verrà modificata secondo il percorso specificato. \n\nSe si disabilita o non si configura questa impostazione di criterio, gli utenti non visualizzeranno i modelli salvati nella scheda Modelli personalizzati della schermata di avvio di Office e in File | Nuovo e quando salvano un modello la cartella predefinita sarà il percorso di salvataggio del documento.","tags":["L_Miscellaneous","L_MicrosoftOfficeaccess"],"application":"access16","key":"software\\microsoft\\office\\16.0\\access\\settings"},{"parentCategory":{"ref":"L_Miscellaneous"},"supportedOn":{"ref":"windows:SUPPORTED_Windows7"},"enabledValue":{"decimal":{"value":1}},"disabledValue":{"decimal":{"value":0}},"name":"L_DefaultCustomTab","displayName":"Mostrare per impostazione predefinita la scheda dei modelli personalizzati in Access nella schermata di avvio di Office e in File | Nuovo","explainText":"Questa impostazione di criterio consente di stabilire se i modelli personalizzati (qualora esistenti) vengono visualizzati nella scheda predefinita di Access nella schermata di avvio di Office e in File | Nuovo. \n\nSe si abilita questa impostazione di criterio, gli utenti visualizzeranno la scheda modelli personalizzati come scheda predefinita in Access nella schermata di avvio di Office e in File | Nuovo se esistono i modelli (inclusi modelli programmati XML personalizzati, modelli nel percorso modelli Gruppo di lavoro, modelli nel percorso modelli Personali o modelli di SharePoint).\n\nSe si disabilita o non si configura questa impostazione di criterio, gli utenti visualizzeranno la scheda modelli In primo piano come scheda predefinita in Access nella schermata di avvio di Office e in File | Nuovo a meno che non siano stati disabilitati tutti i modelli forniti di Office.","tags":["L_Miscellaneous","L_MicrosoftOfficeaccess"],"application":"access16","key":"software\\microsoft\\office\\16.0\\access\\settings","valueName":"officestartdefaulttab"}]}