{"categories":[{"name":"L_MicrosoftOfficeOneNote","displayName":"OneNote"},{"parentCategory":{"ref":"L_MicrosoftOfficeOneNote"},"name":"L_OneNoteOptions","displayName":"OneNote Options"},{"parentCategory":{"ref":"L_OneNoteOptions"},"name":"L_Display","displayName":"Display"},{"parentCategory":{"ref":"L_OneNoteOptions"},"name":"L_Editing","displayName":"Editing"},{"parentCategory":{"ref":"L_OneNoteOptions"},"name":"L_Pen","displayName":"Pen"},{"parentCategory":{"ref":"L_OneNoteOptions"},"name":"L_Email","displayName":"E-mail"},{"parentCategory":{"ref":"L_OneNoteOptions"},"name":"L_Security","displayName":"Security"},{"parentCategory":{"ref":"L_Security"},"name":"L_Cryptography","displayName":"Cryptography"},{"parentCategory":{"ref":"L_OneNoteOptions"},"name":"L_NoteFlags","displayName":"Note Flags"},{"parentCategory":{"ref":"L_OneNoteOptions"},"name":"L_AudioandVideo","displayName":"Audio and Video"},{"parentCategory":{"ref":"L_OneNoteOptions"},"name":"L_Save","displayName":"Save"},{"parentCategory":{"ref":"L_OneNoteOptions"},"name":"L_Password","displayName":"Password"},{"parentCategory":{"ref":"L_OneNoteOptions"},"name":"L_Backup","displayName":"Backup"},{"parentCategory":{"ref":"L_OneNoteOptions"},"name":"L_SendToOneNote","displayName":"Send to OneNote"},{"parentCategory":{"ref":"L_OneNoteOptions"},"name":"L_Addins","displayName":"Add-ins"},{"parentCategory":{"ref":"L_OneNoteOptions"},"name":"L_Spelling","displayName":"Spelling"},{"parentCategory":{"ref":"L_OneNoteOptions"},"name":"L_VersionsAndRecyleBin","displayName":"Versions and Recyle Bin"},{"parentCategory":{"ref":"L_OneNoteOptions"},"name":"L_Other","displayName":"Other"}],"policies":[{"parentCategory":{"ref":"L_Display"},"supportedOn":{"ref":"windows:SUPPORTED_Windows7"},"elements":{"items":[{"item":[{"value":{"decimal":{"value":0}},"displayName":"Right"},{"value":{"decimal":{"value":1}},"displayName":"Left"}],"valueName":"pagetabsonleft","inputType":"dropdownList","caption":"Specify location of the page tab control:","id":"L_Specifylocationofthepagetabcontrol"}]},"name":"L_Pagetabsappearontheleft","displayName":"Page tabs appear on the left","explainText":"Right: Unchecks the option ''Page tabs appear on the left''. | Left: Checks the option ''Page tabs appear on the left''.","tags":["L_Display","L_OneNoteOptions","L_MicrosoftOfficeOneNote"],"application":"onent16","key":"software\\microsoft\\office\\16.0\\onenote\\options\\other"},{"parentCategory":{"ref":"L_Display"},"supportedOn":{"ref":"windows:SUPPORTED_Windows7"},"enabledValue":{"decimal":{"value":1}},"disabledValue":{"decimal":{"value":0}},"name":"L_Verticalscrollbarappearsonleft","displayName":"Vertical scroll bar appears on left","explainText":"Checks/Unchecks the corresponding UI option.","tags":["L_Display","L_OneNoteOptions","L_MicrosoftOfficeOneNote"],"application":"onent16","key":"software\\microsoft\\office\\16.0\\onenote\\options\\other","valueName":"vertscrollbaronleft"},{"parentCategory":{"ref":"L_Display"},"supportedOn":{"ref":"windows:SUPPORTED_Windows7"},"enabledValue":{"decimal":{"value":1}},"disabledValue":{"decimal":{"value":0}},"name":"L_ShowNoteContainers","displayName":"Show Note Containers","explainText":"Checks/Unchecks the corresponding UI option.","tags":["L_Display","L_OneNoteOptions","L_MicrosoftOfficeOneNote"],"application":"onent16","key":"software\\microsoft\\office\\16.0\\onenote\\options\\other","valueName":"shownotecontainers"},{"parentCategory":{"ref":"L_Display"},"supportedOn":{"ref":"windows:SUPPORTED_Windows7"},"enabledValue":{"decimal":{"value":0}},"disabledValue":{"decimal":{"value":1}},"name":"L_Navigationbarappearsontheright","displayName":"Navigation bar appears on the right","explainText":"This option is to specify where the navigation bar appears.","tags":["L_Display","L_OneNoteOptions","L_MicrosoftOfficeOneNote"],"application":"onent16","key":"software\\microsoft\\office\\16.0\\onenote\\options\\other","valueName":"navbaronleft"},{"parentCategory":{"ref":"L_Editing"},"supportedOn":{"ref":"windows:SUPPORTED_Windows7"},"enabledValue":{"decimal":{"value":0}},"disabledValue":{"decimal":{"value":1}},"name":"L_TurnOffLinkCreationWith","displayName":"Turn off link creation with [[ ]]","explainText":"This policy setting allows you to turn off link creation with [[ ]].  OneNote allows users to automatically create links by putting [[ ]] around a term.  OneNote will then automatically create a new page in that section and create a link on that text.\n\nIf you enable this policy setting, users will not be able to use [[ ]] to create a link and a new page.\n\nIf you disable or do not configure this policy setting, OneNote will automatically create links when users use [[ ]].","tags":["L_Editing","L_OneNoteOptions","L_MicrosoftOfficeOneNote"],"application":"onent16","key":"software\\microsoft\\office\\16.0\\onenote\\options\\editing","valueName":"wikilink"},{"parentCategory":{"ref":"L_Editing"},"supportedOn":{"ref":"windows:SUPPORTED_Windows7"},"enabledValue":{"decimal":{"value":0}},"disabledValue":{"decimal":{"value":1}},"name":"L_Turnoffautocalculator","displayName":"Turn off auto calculator","explainText":"This option turns on/off the auto calculator functionality.","tags":["L_Editing","L_OneNoteOptions","L_MicrosoftOfficeOneNote"],"application":"onent16","key":"software\\microsoft\\office\\16.0\\onenote\\options\\editing","valueName":"autocalculate"},{"parentCategory":{"ref":"L_Editing"},"supportedOn":{"ref":"windows:SUPPORTED_Windows7"},"enabledValue":{"decimal":{"value":1}},"disabledValue":{"decimal":{"value":0}},"name":"L_ShowPasteOptionsbuttons","displayName":"Show Paste Options buttons","explainText":"Checks/Unchecks the corresponding UI option.","tags":["L_Editing","L_OneNoteOptions","L_MicrosoftOfficeOneNote"],"application":"onent16","key":"software\\microsoft\\office\\16.0\\onenote\\options\\other","valueName":"pasteooui"},{"parentCategory":{"ref":"L_Editing"},"supportedOn":{"ref":"windows:SUPPORTED_Windows7"},"enabledValue":{"decimal":{"value":1}},"disabledValue":{"decimal":{"value":0}},"name":"L_AutoNumberingRecognition","displayName":"Auto Numbering Recognition","explainText":"Checks/Unchecks the option ''Apply numbering to lists automatically''.","tags":["L_Editing","L_OneNoteOptions","L_MicrosoftOfficeOneNote"],"application":"onent16","key":"software\\microsoft\\office\\16.0\\onenote\\options\\editing","valueName":"numbering auto reco"},{"parentCategory":{"ref":"L_Editing"},"supportedOn":{"ref":"windows:SUPPORTED_Windows7"},"enabledValue":{"decimal":{"value":1}},"disabledValue":{"decimal":{"value":0}},"name":"L_AutoBulletRecognition","displayName":"Auto Bullet Recognition","explainText":"Checks/Unchecks the option ''Apply bullets to lists automatically''.","tags":["L_Editing","L_OneNoteOptions","L_MicrosoftOfficeOneNote"],"application":"onent16","key":"software\\microsoft\\office\\16.0\\onenote\\options\\editing","valueName":"bullet auto reco"},{"parentCategory":{"ref":"L_Editing"},"supportedOn":{"ref":"windows:SUPPORTED_Windows7"},"elements":{"items":[{"valueName":"defaultfontface","requiredSpecified":false,"expandableSpecified":false,"maxLength":2147483647,"maxLengthSpecified":false,"inputType":"textBox","caption":"Font:","id":"L_Font"}]},"name":"L_DefaultFontName","displayName":"Default Font Name","explainText":"Specifies the value in the option ''Font''.","tags":["L_Editing","L_OneNoteOptions","L_MicrosoftOfficeOneNote"],"application":"onent16","key":"software\\microsoft\\office\\16.0\\onenote\\options\\editing"},{"parentCategory":{"ref":"L_Editing"},"supportedOn":{"ref":"windows:SUPPORTED_Windows7"},"elements":{"items":[{"valueName":"defaultfontsize","requiredSpecified":false,"expandableSpecified":false,"maxLength":2147483647,"maxLengthSpecified":false,"inputType":"textBox","caption":"Font Size:","id":"L_FontSize"}]},"name":"L_DefaultFontSize","displayName":"Default Font Size","explainText":"Specifies the value in the option ''Size''.","tags":["L_Editing","L_OneNoteOptions","L_MicrosoftOfficeOneNote"],"application":"onent16","key":"software\\microsoft\\office\\16.0\\onenote\\options\\editing"},{"parentCategory":{"ref":"L_Editing"},"supportedOn":{"ref":"windows:SUPPORTED_Windows7"},"enabledValue":{"decimal":{"value":1}},"disabledValue":{"decimal":{"value":0}},"name":"L_AutoKeyboardSwitching","displayName":"Auto Keyboard Switching","explainText":"Check/Unchecks the option ''Switch keyboards automatically''.","tags":["L_Editing","L_OneNoteOptions","L_MicrosoftOfficeOneNote"],"application":"onent16","key":"software\\microsoft\\office\\16.0\\onenote\\options\\language","valueName":"autokeyboard"},{"parentCategory":{"ref":"L_Editing"},"supportedOn":{"ref":"windows:SUPPORTED_Windows7"},"enabledValue":{"decimal":{"value":1}},"disabledValue":{"decimal":{"value":0}},"name":"L_IncludelinktosourcewhenpastingfromtheInternet","displayName":"Include link to source when pasting from the Internet","explainText":"Checks/Unchecks the corresponding UI option.","tags":["L_Editing","L_OneNoteOptions","L_MicrosoftOfficeOneNote"],"application":"onent16","key":"software\\microsoft\\office\\16.0\\onenote\\options\\editing","valueName":"pasteincludeurl"},{"parentCategory":{"ref":"L_Pen"},"supportedOn":{"ref":"windows:SUPPORTED_Windows7"},"enabledValue":{"decimal":{"value":1}},"disabledValue":{"decimal":{"value":0}},"name":"L_DisableScratchout","displayName":"Disable scratch out","explainText":"Disables the scratch out gesture while inking.","tags":["L_Pen","L_OneNoteOptions","L_MicrosoftOfficeOneNote"],"application":"onent16","key":"software\\microsoft\\office\\16.0\\onenote\\options\\pen","valueName":"disablescratchout"},{"parentCategory":{"ref":"L_Pen"},"supportedOn":{"ref":"windows:SUPPORTED_Windows7"},"enabledValue":{"decimal":{"value":1}},"disabledValue":{"decimal":{"value":0}},"name":"L_Createallnewpageswithrulelines","displayName":"Create all new pages with rule lines","explainText":"Checks/Unchecks the corresponding UI option.","tags":["L_Pen","L_OneNoteOptions","L_MicrosoftOfficeOneNote"],"application":"onent16","key":"software\\microsoft\\office\\16.0\\onenote\\options\\pen","valueName":"userulelines"},{"parentCategory":{"ref":"L_Pen"},"supportedOn":{"ref":"windows:SUPPORTED_Windows7"},"enabledValue":{"decimal":{"value":1}},"disabledValue":{"decimal":{"value":0}},"name":"L_Usepenpressuresensitivity","displayName":"Use pen pressure sensitivity","explainText":"Checks/Unchecks the corresponding UI option.","tags":["L_Pen","L_OneNoteOptions","L_MicrosoftOfficeOneNote"],"application":"onent16","key":"software\\microsoft\\office\\16.0\\onenote\\options\\pen","valueName":"inkpressure"},{"parentCategory":{"ref":"L_Pen"},"supportedOn":{"ref":"windows:SUPPORTED_Windows7"},"enabledValue":{"decimal":{"value":1}},"disabledValue":{"decimal":{"value":0}},"name":"L_AutomaticallyswitchbetweenPenandSelectionTool","displayName":"Automatically switch between Pen and Selection Tool","explainText":"Checks/Unchecks the corresponding UI option.","tags":["L_Pen","L_OneNoteOptions","L_MicrosoftOfficeOneNote"],"application":"onent16","key":"software\\microsoft\\office\\16.0\\onenote\\options\\pen","valueName":"automodeswitch"},{"parentCategory":{"ref":"L_Pen"},"supportedOn":{"ref":"windows:SUPPORTED_Windows7"},"enabledValue":{"decimal":{"value":1}},"disabledValue":{"decimal":{"value":0}},"name":"L_ShowTabletPCInputPanelonOneNotepages","displayName":"Show Tablet PC Input Panel on OneNote pages","explainText":"Enable this policy to display the Tablet PC Input Panel on OneNote pages.","tags":["L_Pen","L_OneNoteOptions","L_MicrosoftOfficeOneNote"],"application":"onent16","key":"software\\microsoft\\office\\16.0\\onenote\\options\\pen","valueName":"showtabletpcinputpanel"},{"parentCategory":{"ref":"L_Email"},"supportedOn":{"ref":"windows:SUPPORTED_Windows7"},"enabledValue":{"decimal":{"value":1}},"disabledValue":{"decimal":{"value":0}},"name":"L_AttachEmbeddedFilesToTheEmail","displayName":"Attach embedded files to the email message as separate files","explainText":"This policy setting allows you to configure the \"Attach embedded files to the email message as separate file\" option found under File tab | Options | Advanced | E-mail sent from OneNote.\n\nIf you enable or do not configure this policy setting, embedded files are attached to the email message as separate files.\n\nIf you disable this policy setting, embedded files are not attached to the email message as separate files.","tags":["L_Email","L_OneNoteOptions","L_MicrosoftOfficeOneNote"],"application":"onent16","key":"software\\microsoft\\office\\16.0\\onenote\\options","valueName":"email embedded files"},{"parentCategory":{"ref":"L_Email"},"supportedOn":{"ref":"windows:SUPPORTED_Windows7"},"enabledValue":{"decimal":{"value":1}},"disabledValue":{"decimal":{"value":0}},"name":"L_AllowOneNoteemailattachments","displayName":"Allow OneNote e-mail attachments","explainText":"Checks/Unchecks the option ''Attach a copy of the original notes as a OneNote file''.","tags":["L_Email","L_OneNoteOptions","L_MicrosoftOfficeOneNote"],"application":"onent16","key":"software\\microsoft\\office\\16.0\\onenote\\options","valueName":"email attachment"},{"parentCategory":{"ref":"L_Email"},"supportedOn":{"ref":"windows:SUPPORTED_Windows7"},"enabledValue":{"decimal":{"value":1}},"disabledValue":{"decimal":{"value":0}},"name":"L_AddsignaturetoOneNoteemailmessages","displayName":"Add signature to OneNote email messages","explainText":"Checks/Unchecks the option ''Add the following signature to e-mail messages and Web pages created in OneNote''.","tags":["L_Email","L_OneNoteOptions","L_MicrosoftOfficeOneNote"],"application":"onent16","key":"software\\microsoft\\office\\16.0\\onenote\\options\\other","valueName":"emailsignature"},{"parentCategory":{"ref":"L_Email"},"supportedOn":{"ref":"windows:SUPPORTED_Windows7"},"elements":{"items":[{"valueName":"signature","requiredSpecified":false,"expandableSpecified":false,"maxLength":2147483647,"maxLengthSpecified":false,"inputType":"textBox","caption":"Enter signature to use for OneNote e-mail","id":"L_EntersignaturetouseforOneNoteemail"}]},"name":"L_UsethissignatureforOneNoteemail","displayName":"Use this signature for OneNote email","explainText":"Sets the value in the option ''Add the following signature to e-mail messages and Web pages created in OneNote''.","tags":["L_Email","L_OneNoteOptions","L_MicrosoftOfficeOneNote"],"application":"onent16","key":"software\\microsoft\\office\\16.0\\onenote\\options\\other"},{"parentCategory":{"ref":"L_NoteFlags"},"supportedOn":{"ref":"windows:SUPPORTED_Windows7"},"enabledValue":{"decimal":{"value":1}},"disabledValue":{"decimal":{"value":0}},"name":"L_Copyitemswhenmovingthem","displayName":"Copy items when moving them","explainText":"This policy setting allows you to configure tagged notes.\n\nIf you enable or do not configure this policy setting, the option \"Leave original tagged notes unchanged\" will be checked.\n\nIf you disable this policy setting, the option \"Show original tagged notes as dimmed\" will be checked.","tags":["L_NoteFlags","L_OneNoteOptions","L_MicrosoftOfficeOneNote"],"application":"onent16","key":"software\\microsoft\\office\\16.0\\onenote\\options\\other","valueName":"duplicatenoteflag"},{"parentCategory":{"ref":"L_NoteFlags"},"supportedOn":{"ref":"windows:SUPPORTED_Windows7"},"enabledValue":{"decimal":{"value":1}},"disabledValue":{"decimal":{"value":0}},"name":"L_ShowDimmedTaggedNotesInTheTagsSummaryTaskPane","displayName":"Show dimmed tagged notes in the Tags Summary task pane","explainText":"Checks/unchecks the option \"Show dimmed tagged notes in the Tags Summary task pane.\"","tags":["L_NoteFlags","L_OneNoteOptions","L_MicrosoftOfficeOneNote"],"application":"onent16","key":"software\\microsoft\\office\\16.0\\onenote\\options\\other","valueName":"showinactivenoteflag"},{"parentCategory":{"ref":"L_AudioandVideo"},"supportedOn":{"ref":"windows:SUPPORTED_Windows7"},"enabledValue":{"decimal":{"value":0}},"disabledValue":{"decimal":{"value":1}},"name":"L_Disableaudosearch","displayName":"Disable audio search","explainText":"Disables OneNote audio search feature.","tags":["L_AudioandVideo","L_OneNoteOptions","L_MicrosoftOfficeOneNote"],"application":"onent16","key":"software\\microsoft\\office\\16.0\\onenote\\options\\other","valueName":"enableaudiosearch"},{"parentCategory":{"ref":"L_AudioandVideo"},"supportedOn":{"ref":"windows:SUPPORTED_Windows7"},"enabledValue":{"decimal":{"value":1}},"disabledValue":{"decimal":{"value":0}},"name":"L_DisableLinkedAudiofeature","displayName":"Disable Linked Audio feature","explainText":"This policy setting allows you to configure the Record Audio and the Record Video commands on the Insert tab.\n\nIf you enable this policy setting, the commands will be not be available.\n\nIf you disable or do not configure this policy, the commands will be available.","tags":["L_AudioandVideo","L_OneNoteOptions","L_MicrosoftOfficeOneNote"],"application":"onent16","key":"software\\microsoft\\office\\16.0\\onenote\\options\\audio","valueName":"disablerecording"},{"parentCategory":{"ref":"L_AudioandVideo"},"supportedOn":{"ref":"windows:SUPPORTED_Windows7"},"elements":{"items":[{"valueName":"defaultbitdepth","minValue":8,"minValueSpecified":true,"maxValue":48,"maxValueSpecified":true,"inputType":"decimalTextBox","caption":"Bits:","id":"L_Bits"}]},"name":"L_Specifynumberofbitstosamplewhenrecording","displayName":"Specify number of bits to sample when recording","explainText":"Specifies the default number of bits per sample (value is in kbps) used when recording audio. If the appropriate codec is found, then this is the default bit depth used in the Format setting for Linked Audio, found under File tab | Options | Audio & Video.","tags":["L_AudioandVideo","L_OneNoteOptions","L_MicrosoftOfficeOneNote"],"application":"onent16","key":"software\\microsoft\\office\\16.0\\onenote\\options\\audio"},{"parentCategory":{"ref":"L_AudioandVideo"},"supportedOn":{"ref":"windows:SUPPORTED_Windows7"},"elements":{"items":[{"valueName":"defaultsamplerate","minValue":8,"minValueSpecified":true,"maxValue":192,"maxValueSpecified":true,"inputType":"decimalTextBox","caption":"Bits/Second:","id":"L_BitsSecond"}]},"name":"L_Specifyratetosampleaudiobitssecond","displayName":"Specify rate to sample audio (bits/second)","explainText":"Specifies the default sample rate (value is in kHz) used when recording audio. If the appropriate codec is found, then this is the default sample rate used in the Format setting for Linked Audio found under File tab | Options | Audio & Video.","tags":["L_AudioandVideo","L_OneNoteOptions","L_MicrosoftOfficeOneNote"],"application":"onent16","key":"software\\microsoft\\office\\16.0\\onenote\\options\\audio"},{"parentCategory":{"ref":"L_AudioandVideo"},"supportedOn":{"ref":"windows:SUPPORTED_Windows7"},"elements":{"items":[{"valueName":"defaultchannels","minValue":1,"minValueSpecified":true,"maxValue":2,"maxValueSpecified":true,"inputType":"decimalTextBox","caption":"Channels (1-2):","id":"L_Channels12"}]},"name":"L_Specifynumberofchannelstorecord","displayName":"Specify number of channels to record","explainText":"Specifies whether 1 or 2 channels are used when recording audio. If the appropriate codec is found, then this is the default number of channels used in the Format setting for Linked Audio found under File tab | Options | Audio & Video.","tags":["L_AudioandVideo","L_OneNoteOptions","L_MicrosoftOfficeOneNote"],"application":"onent16","key":"software\\microsoft\\office\\16.0\\onenote\\options\\audio"},{"parentCategory":{"ref":"L_AudioandVideo"},"supportedOn":{"ref":"windows:SUPPORTED_Windows7"},"elements":{"items":[{"valueName":"rewind","minValue":0,"minValueSpecified":true,"maxValue":999,"maxValueSpecified":true,"inputType":"decimalTextBox","caption":"Rewind from start of paragraph by: (sec)","id":"L_Rewindfromstartofparagraphbysec"}]},"name":"L_Rewindfromstartofparagraphbythefollowingnumberofseconds","displayName":"Rewind from start of paragraph by the following number of seconds","explainText":"Sets the value in the corresponding UI option.","tags":["L_AudioandVideo","L_OneNoteOptions","L_MicrosoftOfficeOneNote"],"application":"onent16","key":"software\\microsoft\\office\\16.0\\onenote\\options\\audio"},{"parentCategory":{"ref":"L_AudioandVideo"},"supportedOn":{"ref":"windows:SUPPORTED_Windows7"},"elements":{"items":[{"item":[{"value":{"string":"Windows Media Video 8 for Color Pocket PCs (150 Kbps)"},"displayName":"Color Pocket PCs (150 Kbps)"},{"value":{"string":"Windows Media Video 8 for Dial-up Modems or Single-channel ISDN (28.8 to 56 Kbps)"},"displayName":"Dial-up Modems or Single-channel ISDN (28.8 to 56 Kbps)"},{"value":{"string":"Windows Media Video 8 for LAN, Cable Modem, or xDSL (100 to 768 Kbps)"},"displayName":"LAN, Cable Modem, or xDSL (100 to 768 Kbps)"},{"value":{"string":"Windows Media Video 8 for Dial-up Modems or LAN (28.8 to 100 Kbps)"},"displayName":"Dial-up Modems or LAN (28.8 to 100 Kbps)"},{"value":{"string":"Windows Media Video 8 for Dial-up Modems (28.8 Kbps)"},"displayName":"Dial-up Modems (28.8 Kbps)"},{"value":{"string":"Windows Media Video 8 for Dial-up Modems (56 Kbps)"},"displayName":"Dial-up Modems (56 Kbps)"},{"value":{"string":"Windows Media Video 8 for Local Area Network (100 Kbps)"},"displayName":"Local Area Network (100 Kbps)"},{"value":{"string":"Windows Media Video 8 for Local Area Network (256 Kbps)"},"displayName":"Local Area Network (256 Kbps)"},{"value":{"string":"Windows Media Video 8 for Local Area Network (384 Kbps)"},"displayName":"Local Area Network (384 Kbps)"},{"value":{"string":"Windows Media Video 8 for Broadband (NTSC, 700 Kbps)"},"displayName":"Broadband (NTSC, 700 Kbps)"},{"value":{"string":"Windows Media Video 8 for Broadband (NTSC, 1400 Kbps)"},"displayName":"Broadband (NTSC, 1400 Kbps)"},{"value":{"string":"Windows Media Video 8 for Broadband (PAL, 384 Kbps)"},"displayName":"Broadband (PAL, 384 Kbps)"},{"value":{"string":"Windows Media Video 8 for Broadband (PAL, 700 Kbps)"},"displayName":"Broadband (PAL, 700 Kbps)"}],"valueName":"videocaptureprofile","inputType":"dropdownList","caption":"Choose the Windows Media Video 8 codec:","id":"L_ChoosetheWindowsMediaVideo8codec"}]},"name":"L_ChoosedefaultcodectobeusedforVideonotebook","displayName":"Choose default codec to be used for Video notebook","explainText":"This option will set the default codec used by OneNote for video recording that are created in OneNote.","tags":["L_AudioandVideo","L_OneNoteOptions","L_MicrosoftOfficeOneNote"],"application":"onent16","key":"software\\microsoft\\office\\16.0\\onenote\\options\\audio"},{"parentCategory":{"ref":"L_Cryptography"},"supportedOn":{"ref":"windows:SUPPORTED_Windows7"},"elements":{"items":[{"valueName":"cipheralgorithm","required":true,"requiredSpecified":true,"expandableSpecified":false,"maxLength":2147483647,"maxLengthSpecified":false,"inputType":"textBox","caption":"CNG cipher algorithm:","id":"L_SetCNGCipherAlgorithmID"}]},"name":"L_SetCNGCipherAlgorithm","displayName":"Set CNG cipher algorithm","explainText":"This policy setting allows you to configure the CNG cipher algorithm that is used.\n\nIf you enable this policy setting, then the cipher provided will be used if it is a supported algorithm.\n\nIf you disable or do not configure this policy setting, AES will be used.","tags":["L_Cryptography","L_Security","L_OneNoteOptions","L_MicrosoftOfficeOneNote"],"application":"onent16","key":"software\\microsoft\\office\\16.0\\onenote\\security\\crypto"},{"parentCategory":{"ref":"L_Cryptography"},"supportedOn":{"ref":"windows:SUPPORTED_Windows7"},"elements":{"items":[{"item":[{"value":{"string":"ChainingModeCBC"},"displayName":"Cipher Block Chaining (CBC)"},{"value":{"string":"ChainingModeCFB"},"displayName":"Cipher Feedback (CFB)"}],"valueName":"cipherchaining","inputType":"dropdownList","id":"L_ConfigureCNGCipherChainingModeDropID"}]},"name":"L_ConfigureCNGCipherChainingMode","displayName":"Configure CNG cipher chaining mode","explainText":"This policy setting allows you to configure the cipher chaining mode used.\n\nIf you enable this policy setting, the cipher chaining mode specified will be applied.\n\nIf you disable or do not configure this policy setting, Cipher Block Chaining (CBC) will be the default CNG cipher chaining mode used.","tags":["L_Cryptography","L_Security","L_OneNoteOptions","L_MicrosoftOfficeOneNote"],"application":"onent16","key":"software\\microsoft\\office\\16.0\\onenote\\security\\crypto"},{"parentCategory":{"ref":"L_Cryptography"},"supportedOn":{"ref":"windows:SUPPORTED_Windows7"},"elements":{"items":[{"valueName":"cipherkeybits","minValue":0,"minValueSpecified":true,"maxValue":1000000,"maxValueSpecified":true,"inputType":"decimalTextBox","caption":"Cipher key length","id":"L_SetCNGCipherKeyLengthSpinID"}]},"name":"L_SetCNGCipherKeyLength","displayName":"Set CNG cipher key length","explainText":"This policy setting allows you to configure the number of bits to use when creating the cipher key.  This number will be rounded down to a multiple of 8.\n\nIf you enable this policy setting, the key bits specified will be used.\n\nIf you disable or do not configure this policy setting, the default value will be used.","tags":["L_Cryptography","L_Security","L_OneNoteOptions","L_MicrosoftOfficeOneNote"],"application":"onent16","key":"software\\microsoft\\office\\16.0\\onenote\\security\\crypto"},{"parentCategory":{"ref":"L_Cryptography"},"supportedOn":{"ref":"windows:SUPPORTED_Windows7"},"elements":{"items":[{"item":[{"value":{"decimal":{"value":0}},"displayName":"Use legacy format"},{"value":{"decimal":{"value":1}},"displayName":"Use next generation format"},{"value":{"decimal":{"value":2}},"displayName":"All files save with next generation format"}],"valueName":"compatmode","inputType":"dropdownList","id":"L_SpecifyEncryptionCompatibilityDropID"}]},"name":"L_SpecifyEncryptionCompatibility","displayName":"Specify encryption compatibility","explainText":"This policy setting allows you to specify the encrypted database compatibility.\n\nIf you enable this policy setting, the compatibility format specified will be applied during encryption for new files\n- Use legacy format\n- Use next generation format\n- All files save with next generation format\n\nIf you disable or do not configure this policy setting, the default setting, \"Use next generation format,\" will be applied.","tags":["L_Cryptography","L_Security","L_OneNoteOptions","L_MicrosoftOfficeOneNote"],"application":"onent16","key":"software\\microsoft\\office\\16.0\\onenote\\security\\crypto"},{"parentCategory":{"ref":"L_Cryptography"},"supportedOn":{"ref":"windows:SUPPORTED_Windows7"},"elements":{"items":[{"valueName":"context","required":true,"requiredSpecified":true,"expandableSpecified":false,"maxLength":2147483647,"maxLengthSpecified":false,"inputType":"textBox","caption":"Parameters","id":"L_SetParametersForCNGContextID"}]},"name":"L_SetParametersForCNGContext","displayName":"Set parameters for CNG context","explainText":"This policy setting allows you to specify the encryption parameters that should be used for the CNG context. \n\nIf you enable this policy setting, the parameters specified will be passed to the CNG context.\n\nIf you disable or do not configure this policy setting, the default CNG values will be used.","tags":["L_Cryptography","L_Security","L_OneNoteOptions","L_MicrosoftOfficeOneNote"],"application":"onent16","key":"software\\microsoft\\office\\16.0\\onenote\\security\\crypto"},{"parentCategory":{"ref":"L_Cryptography"},"supportedOn":{"ref":"windows:SUPPORTED_Windows7"},"elements":{"items":[{"item":[{"value":{"string":"SHA1"},"displayName":"SHA1"},{"value":{"string":"SHA256"},"displayName":"SHA256"},{"value":{"string":"SHA384"},"displayName":"SHA384"},{"value":{"string":"SHA512"},"displayName":"SHA512"}],"valueName":"hashalgorithm","inputType":"dropdownList","id":"L_SpecifyCNGHashAlgorithmDropID"}]},"name":"L_SpecifyCNGHashAlgorithm","displayName":"Specify CNG hash algorithm","explainText":"This policy setting allows you to specify the hash algorithm used.\n\nIf you enable this policy setting, the hashing algorithm selected will be used by CNG.\n\nIf you disable or do not configure this policy setting, the default CNG hash algorithm will be used.","tags":["L_Cryptography","L_Security","L_OneNoteOptions","L_MicrosoftOfficeOneNote"],"application":"onent16","key":"software\\microsoft\\office\\16.0\\onenote\\security\\crypto"},{"parentCategory":{"ref":"L_Cryptography"},"supportedOn":{"ref":"windows:SUPPORTED_Windows7"},"elements":{"items":[{"valueName":"passwordspincount","minValue":0,"minValueSpecified":true,"maxValue":10000000,"maxValueSpecified":true,"inputType":"decimalTextBox","id":"L_SetCNGPasswordSpinCountSpinID"}]},"name":"L_SetCNGPasswordSpinCount","displayName":"Set CNG password spin count","explainText":"This policy setting allows you to specify the number of times to spin (rehash) the password verifier.\n\nIf you enable this policy setting, the number specified will be the number of times the password will be rehashed.\n\nIf you disable or do not configure this policy setting, the default (100000) will be used.","tags":["L_Cryptography","L_Security","L_OneNoteOptions","L_MicrosoftOfficeOneNote"],"application":"onent16","key":"software\\microsoft\\office\\16.0\\onenote\\security\\crypto"},{"parentCategory":{"ref":"L_Cryptography"},"supportedOn":{"ref":"windows:SUPPORTED_Windows7"},"elements":{"items":[{"valueName":"rngalgorithm","required":true,"requiredSpecified":true,"expandableSpecified":false,"maxLength":2147483647,"maxLengthSpecified":false,"inputType":"textBox","caption":"Random number generator:","id":"L_SpecifyCNGRandomNumberGeneratorAlgorithmID"}]},"name":"L_SpecifyCNGRandomNumberGeneratorAlgorithm","displayName":"Specify CNG random number generator algorithm","explainText":"This policy setting allows you to configure the CNG random number generator to use.\n\nIf you enable this policy setting, the random number generator specified will be used.\n\nIf you disable or do not configure this policy setting, the default random number generator will be used.","tags":["L_Cryptography","L_Security","L_OneNoteOptions","L_MicrosoftOfficeOneNote"],"application":"onent16","key":"software\\microsoft\\office\\16.0\\onenote\\security\\crypto"},{"parentCategory":{"ref":"L_Cryptography"},"supportedOn":{"ref":"windows:SUPPORTED_Windows7"},"elements":{"items":[{"valueName":"saltbytes","minValue":0,"minValueSpecified":true,"maxValue":5000,"maxValueSpecified":true,"inputType":"decimalTextBox","caption":"Number of bytes","id":"L_SpecifyCNGSaltLengthSpinID"}]},"name":"L_SpecifyCNGSaltLength","displayName":"Specify CNG salt length","explainText":"This policy setting allows you to specific the number of bytes of salt that should be used.\n\nIf you enable this policy setting, the bytes specified will be used.\n\nIf you disable or do not configure this policy setting, the default length or 16 will be used.","tags":["L_Cryptography","L_Security","L_OneNoteOptions","L_MicrosoftOfficeOneNote"],"application":"onent16","key":"software\\microsoft\\office\\16.0\\onenote\\security\\crypto"},{"parentCategory":{"ref":"L_Save"},"supportedOn":{"ref":"windows:SUPPORTED_Windows7"},"elements":{"items":[{"valueName":"notebook root","requiredSpecified":false,"expandableSpecified":false,"maxLength":2147483647,"maxLengthSpecified":false,"inputType":"textBox","caption":"","id":"L_empty1"}]},"name":"L_NotebookRoot","displayName":"Notebook Root","explainText":"To change to where new notebooks are defaulted, enter a path to a folder relative to your documents.","tags":["L_Save","L_OneNoteOptions","L_MicrosoftOfficeOneNote"],"application":"onent16","key":"software\\microsoft\\office\\16.0\\onenote\\options\\save"},{"parentCategory":{"ref":"L_Save"},"supportedOn":{"ref":"windows:SUPPORTED_Windows7"},"elements":{"items":[{"valueName":"unfilednotessection","requiredSpecified":false,"expandableSpecified":false,"maxLength":2147483647,"maxLengthSpecified":false,"inputType":"textBox","caption":"Open Side Notes in this section:","id":"L_OpenSideNotesinthissection"}]},"name":"L_Locationofunfilednotessection","displayName":"Location of unfiled notes section","explainText":"Location where OneNote stores the unfiled notes section.","tags":["L_Save","L_OneNoteOptions","L_MicrosoftOfficeOneNote"],"application":"onent16","key":"software\\microsoft\\office\\16.0\\onenote\\options\\paths"},{"parentCategory":{"ref":"L_Save"},"supportedOn":{"ref":"windows:SUPPORTED_Windows7"},"elements":{"items":[{"valueName":"backupfolderpath","requiredSpecified":false,"expandableSpecified":false,"maxLength":2147483647,"maxLengthSpecified":false,"inputType":"textBox","caption":"Backup Folder:","id":"L_BackupFolder"}]},"name":"L_LocationofBackupFolder","displayName":"Location of Backup Folder","explainText":"Sets the value in the corresponding UI option.","tags":["L_Save","L_OneNoteOptions","L_MicrosoftOfficeOneNote"],"application":"onent16","key":"software\\microsoft\\office\\16.0\\onenote\\options\\paths"},{"parentCategory":{"ref":"L_Save"},"supportedOn":{"ref":"windows:SUPPORTED_Windows7"},"elements":{"items":[{"valueName":"percentfreespacebeforeoptimize","minValue":0,"minValueSpecified":true,"maxValue":100,"maxValueSpecified":true,"inputType":"decimalTextBox","caption":"Enter Percentage:","id":"L_EnterPercentage"}]},"name":"L_Percentageofunuseddiskspacetoallowinsections","displayName":"Percentage of unused disk space to allow in sections","explainText":"Sets the value in the option ''Percentage of unused space to allow in sections without optimizing''.","tags":["L_Save","L_OneNoteOptions","L_MicrosoftOfficeOneNote"],"application":"onent16","key":"software\\microsoft\\office\\16.0\\onenote\\options\\save"},{"parentCategory":{"ref":"L_Password"},"supportedOn":{"ref":"windows:SUPPORTED_Windows7"},"enabledValue":{"decimal":{"value":0}},"disabledValue":{"decimal":{"value":1}},"name":"L_Disallowsaddonsaccesstopass","displayName":"Disallows add-ons access to password protected sections","explainText":"This option disallows extensibility add-ons the ability to access password protected sections if they are unlocked.","tags":["L_Password","L_OneNoteOptions","L_MicrosoftOfficeOneNote"],"application":"onent16","key":"software\\microsoft\\office\\16.0\\onenote\\security","valueName":"allowaddinaccesstoencryptedfiles"},{"parentCategory":{"ref":"L_Password"},"supportedOn":{"ref":"windows:SUPPORTED_Windows7"},"enabledValue":{"decimal":{"value":1}},"disabledValue":{"decimal":{"value":0}},"name":"L_Disablepasswordprotectedsections","displayName":"Disable password protected sections","explainText":"Disables the ability to create new password protected sections.  You can however still unlock and edit existing sections which had a password set.","tags":["L_Password","L_OneNoteOptions","L_MicrosoftOfficeOneNote"],"application":"onent16","key":"software\\microsoft\\office\\16.0\\onenote\\general","valueName":"passwordprotectiondisabled"},{"parentCategory":{"ref":"L_Password"},"supportedOn":{"ref":"windows:SUPPORTED_Windows7"},"enabledValue":{"decimal":{"value":1}},"disabledValue":{"decimal":{"value":0}},"name":"L_LockpasswordprotectedsectionsassoonasInavigateawayfromthem","displayName":"Lock password protected sections as soon as I navigate away from them","explainText":"OneNote supports password protecting sections and they are unlocked once a user types the password and can be locked again by either a timeout period or when you navigate away from the section.  This option will lock the section once you navigate away from the password protected section.","tags":["L_Password","L_OneNoteOptions","L_MicrosoftOfficeOneNote"],"application":"onent16","key":"software\\microsoft\\office\\16.0\\onenote\\security","valueName":"locksectionsimmediately"},{"parentCategory":{"ref":"L_Backup"},"supportedOn":{"ref":"windows:SUPPORTED_Windows7"},"elements":{"items":[{"valueName":"backupnumberofbackupstokeep","minValue":0,"minValueSpecified":true,"maxValue":1000,"maxValueSpecified":true,"inputType":"decimalTextBox","caption":"Number of backup copies to keep","id":"L_numberofbackupcopiestokeep2"}]},"name":"L_Numberofbackupcopiestokeep","displayName":"Number of backup copies to keep","explainText":"Sets the value in the corresponding UI option.","tags":["L_Backup","L_OneNoteOptions","L_MicrosoftOfficeOneNote"],"application":"onent16","key":"software\\microsoft\\office\\16.0\\onenote\\options\\save"},{"parentCategory":{"ref":"L_SendToOneNote"},"supportedOn":{"ref":"windows:SUPPORTED_Windows7"},"enabledValue":{"decimal":{"value":1}},"disabledValue":{"decimal":{"value":0}},"name":"L_DisableOutlooksendemailtoOneNoteoption","displayName":"Disable Outlook send email to OneNote option","explainText":"This policy disables the OneNote ''Send to OneNote'' add-in for Microsoft Outlook.  By default OneNote installs an add-in on the Outlook toolbar which allows users to send emails to OneNote.  The ''Send to OneNote'' button appears on the main mail module in Outlook as well as when viewing an email message.  You may disable this feature with this policy.","tags":["L_SendToOneNote","L_OneNoteOptions","L_MicrosoftOfficeOneNote"],"application":"onent16","key":"software\\microsoft\\office\\16.0\\onenote\\options\\outlookandweb","valueName":"disablesendemailtoonenote"},{"parentCategory":{"ref":"L_Addins"},"supportedOn":{"ref":"windows:SUPPORTED_Windows7"},"enabledValue":{"decimal":{"value":1}},"disabledValue":{"decimal":{"value":0}},"name":"L_DisableOneNoteCOMAPI","displayName":"Disable OneNote COM API","explainText":"Disable OneNote COM API - this disables add-on applications that may use the COM API. Note that it also breaks other features that use this API such as sending information from Outlook to OneNote.","tags":["L_Addins","L_OneNoteOptions","L_MicrosoftOfficeOneNote"],"application":"onent16","key":"software\\microsoft\\office\\16.0\\onenote\\security","valueName":"disablecomapi"},{"parentCategory":{"ref":"L_Addins"},"supportedOn":{"ref":"windows:SUPPORTED_Windows7"},"enabledValue":{"decimal":{"value":1}},"disabledValue":{"decimal":{"value":0}},"name":"L_DisableinstalledOneNoteaddins","displayName":"Disable installed OneNote Add-ins","explainText":"Turns off all of the installed OneNote Add-ins.","tags":["L_Addins","L_OneNoteOptions","L_MicrosoftOfficeOneNote"],"application":"onent16","key":"software\\microsoft\\office\\16.0\\onenote\\security","valueName":"disablealladdins"},{"parentCategory":{"ref":"L_Spelling"},"supportedOn":{"ref":"windows:SUPPORTED_Windows7"},"elements":{"items":[{"item":[{"value":{"decimal":{"value":0}},"displayName":"no spell checking"},{"value":{"decimal":{"value":1}},"displayName":"check spelling as you type"},{"value":{"decimal":{"value":2}},"displayName":"hide spelling errors"},{"value":{"decimal":{"value":3}},"displayName":"check spelling but hide errors"}],"valueName":"onenotespellingoptions","inputType":"dropdownList","id":"L_empty11"}]},"name":"L_OneNoteSpellingOptions","displayName":"OneNote Spelling Options","explainText":"These options change the \"When correcting spelling in OneNote\" options that appear in the File tab | Option | Proofing dialog box.","tags":["L_Spelling","L_OneNoteOptions","L_MicrosoftOfficeOneNote"],"application":"onent16","key":"software\\microsoft\\shared tools\\proofing tools\\1.0\\office"},{"parentCategory":{"ref":"L_VersionsAndRecyleBin"},"supportedOn":{"ref":"windows:SUPPORTED_Windows7"},"enabledValue":{"decimal":{"value":0}},"disabledValue":{"decimal":{"value":1}},"name":"L_TurnOffVersionsAndNotebookRecycleBinInSharedNotebooks","displayName":"Turn off Versions and Notebook Recycle Bin in shared notebooks","explainText":"This policy setting allows you to turn off version history which includes versions and the notebook recycle bin.  With a 2016 format notebook, OneNote will automatically store previous versions of the pages in the notebook, and it will also store a recycle bin for all of the deleted pages and sections.\n\nIf you enable this policy setting, it will turn off version history.\n\nIf you disable or do not configure this policy setting, OneNote will store previous versions by default.","tags":["L_VersionsAndRecyleBin","L_OneNoteOptions","L_MicrosoftOfficeOneNote"],"application":"onent16","key":"software\\microsoft\\office\\16.0\\onenote\\options\\versions","valueName":"enablehistory"},{"parentCategory":{"ref":"L_VersionsAndRecyleBin"},"supportedOn":{"ref":"windows:SUPPORTED_Windows7"},"enabledValue":{"decimal":{"value":0}},"disabledValue":{"decimal":{"value":1}},"name":"L_DoNotPruneVersionsOverTime","displayName":"Do not prune versions over time","explainText":"This policy setting allows you to turn off OneNote's automatic pruning.  With a 2016 format notebook, OneNote will automatically store previous versions of the pages in the notebook, and it will also store a recycle bin for all of the deleted pages and sections.\n\nIf you enable this policy setting, OneNote will not prune previous versions.\n\nIf you disable or do not configure this policy setting, OneNote will prune previous versions.  The default value is to prune versions over time.  You should only enable this policy setting if OneNote should not prune previous versions.","tags":["L_VersionsAndRecyleBin","L_OneNoteOptions","L_MicrosoftOfficeOneNote"],"application":"onent16","key":"software\\microsoft\\office\\16.0\\onenote\\options\\versions","valueName":"pruneversionsovertime"},{"parentCategory":{"ref":"L_VersionsAndRecyleBin"},"supportedOn":{"ref":"windows:SUPPORTED_Windows7"},"elements":{"items":[{"valueName":"daysofallversions","minValue":0,"minValueSpecified":true,"maxValue":365,"maxValueSpecified":true,"inputType":"decimalTextBox","caption":"Days back","id":"L_DaysOfAllVersionsSpinID"}]},"name":"L_DaysOfAllVersions","displayName":"Days all Version History items are \"safe\" from pruning","explainText":"This policy setting allows you to specify a period of time during which OneNote maintains comprehensive version history pages. After the time specified, OneNote maintains more basic version history pages, which uses less storage space.\n\nIf you enable this policy setting, OneNote maintains comprehensive version history pages for the length of time you specify, and then maintains basic version history pages once the time period expires.\n\nIf you disable or do not configure this policy setting, OneNote maintains comprehensive version history pages for 2 days, and then maintains basic version history pages once the time period expires.\n      ","tags":["L_VersionsAndRecyleBin","L_OneNoteOptions","L_MicrosoftOfficeOneNote"],"application":"onent16","key":"software\\microsoft\\office\\16.0\\onenote\\options\\versions"},{"parentCategory":{"ref":"L_VersionsAndRecyleBin"},"supportedOn":{"ref":"windows:SUPPORTED_Windows7"},"elements":{"items":[{"valueName":"daysofhourlyversions","minValue":0,"minValueSpecified":true,"maxValue":365,"maxValueSpecified":true,"inputType":"decimalTextBox","caption":"Days back","id":"L_DaysOfHourlyVersionsNotToPruneAfterDaysBackSpinID"}]},"name":"L_DaysOfHourlyVersionsNotToPruneAfterDaysBack","displayName":"Days of hourly versions not to prune after Days Back","explainText":"This policy setting allows you to set the number of hourly versions not to prune after Days Back.  With a 2016 format notebook, OneNote will automatically store previous versions of the pages in the notebook, and it will also store a recycle bin for all of the deleted pages and sections.\n\nIf you enable this policy setting, you may specify the number of days to keep hourly versions after the Days Back setting. This value specifies the number of days past \"DaysOfAllVersions\" to keep hourly version history information.  Users will keep one version per hour for this number of days after \"DaysOfAllVersions\".\n\nIf you disable or do not configure this policy setting, OneNote will keep hourly versions for the past 5 days.","tags":["L_VersionsAndRecyleBin","L_OneNoteOptions","L_MicrosoftOfficeOneNote"],"application":"onent16","key":"software\\microsoft\\office\\16.0\\onenote\\options\\versions"},{"parentCategory":{"ref":"L_VersionsAndRecyleBin"},"supportedOn":{"ref":"windows:SUPPORTED_Windows7"},"elements":{"items":[{"valueName":"maxuniquedayversions","minValue":0,"minValueSpecified":true,"maxValue":365,"maxValueSpecified":true,"inputType":"decimalTextBox","caption":"Max number of versions","id":"L_MaximumNumberOfOncePerDayVersionHistoryItemsKeptSpinID"}]},"name":"L_MaximumNumberOfOncePerDayVersionHistoryItemsKept","displayName":"Maximum number of once-per-day version history items kept","explainText":"This policy setting allows you to set the number of once-per-day history items to be kept for each page.  With a 2016 format notebook, OneNote will automatically store previous versions of the pages in the notebook, and it will also store a recycle bin for all of the deleted pages and sections.\n\nIf you enable this policy setting, you can set the number of versions per day to keep.  If you set a value of -1 this will tell OneNote to keep all old once-per-day version history items.\n \nIf you disable or do not configure this policy setting OneNote will keep a page for the past 10 days every day in the past.","tags":["L_VersionsAndRecyleBin","L_OneNoteOptions","L_MicrosoftOfficeOneNote"],"application":"onent16","key":"software\\microsoft\\office\\16.0\\onenote\\options\\versions"},{"parentCategory":{"ref":"L_VersionsAndRecyleBin"},"supportedOn":{"ref":"windows:SUPPORTED_Windows7"},"elements":{"items":[{"valueName":"deleteallversionsafter","minValue":0,"minValueSpecified":true,"maxValue":365,"maxValueSpecified":true,"inputType":"decimalTextBox","caption":"Days back to keep versions","id":"L_DaysBackToKeepInVersionHistorySpinID"}]},"name":"L_DaysBackToKeepInVersionHistory","displayName":"Days back to keep in version history","explainText":"This policy setting allows you to set the number of days when all version history items created before this value will be deleted.  With a 2016 format notebook, OneNote will automatically store previous versions of the pages in the notebook, and it will also store a recycle bin for all of the deleted pages and sections.\n\nIf you enable this policy setting, you can set the number of days back to delete version history.\n\nIf you disable or do not configure this policy setting OneNote will default to keeping previous versions for all days in the past.  This is the default value of -1.","tags":["L_VersionsAndRecyleBin","L_OneNoteOptions","L_MicrosoftOfficeOneNote"],"application":"onent16","key":"software\\microsoft\\office\\16.0\\onenote\\options\\versions"},{"parentCategory":{"ref":"L_VersionsAndRecyleBin"},"supportedOn":{"ref":"windows:SUPPORTED_Windows7"},"elements":{"items":[{"valueName":"daystokeeprecycleditems","minValue":0,"minValueSpecified":true,"maxValue":365,"maxValueSpecified":true,"inputType":"decimalTextBox","caption":"Days back to keep items in recycle bin","id":"L_DaysBackToKeepItemsInRecycleBinSpinID"}]},"name":"L_DaysBackToKeepItemsInRecycleBin","displayName":"Days back to keep items in recycle bin","explainText":"This policy setting allows you to set the number of days before which all items added to the Recycle Bin before value will be deleted when the version history is pruned.  With a 2016 format notebook, OneNote will automatically store previous versions of the pages in the notebook, and it will also store a recycle bin for all of the deleted pages and sections.\n\nIf you enable this policy setting, you can set the number of days in the past to keep recycle bin items.\n\nIf you do not configure this policy setting OneNote will use the default value of 60 days in the past.","tags":["L_VersionsAndRecyleBin","L_OneNoteOptions","L_MicrosoftOfficeOneNote"],"application":"onent16","key":"software\\microsoft\\office\\16.0\\onenote\\options\\versions"},{"parentCategory":{"ref":"L_Other"},"supportedOn":{"ref":"windows:SUPPORTED_Windows7"},"elements":{"items":[{"valueName":"folderpollinterval","minValue":1,"minValueSpecified":true,"maxValue":3600,"maxValueSpecified":true,"inputType":"decimalTextBox","caption":"Interval to poll the server (seconds)","id":"L_SetUNCIntervalToPollForChangesOnFileServersSpinID"}]},"name":"L_SetUNCIntervalToPollForChangesOnFileServers","displayName":"Set UNC interval to poll for changes on file servers","explainText":"This policy setting allows you to change the synchronization interval at which OneNote will poll for changes on the server.  When OneNote synchronizes a notebook on UNC, also known as SMB or Windows File shares, OneNote will receive notifications from the file server as well as poll the server looking for new updates on the server.\n\nBy making the interval faster it will make OneNote synchronize faster, but it also might cause performance issues on the server.\n\nIf you enable this policy setting, you may specify the number of seconds OneNote will poll.\n\nIf you disable or do not configure this policy setting, OneNote will automatically poll every 30 seconds.","tags":["L_Other","L_OneNoteOptions","L_MicrosoftOfficeOneNote"],"application":"onent16","key":"software\\microsoft\\office\\16.0\\onenote\\options\\save"},{"parentCategory":{"ref":"L_Other"},"supportedOn":{"ref":"windows:SUPPORTED_Windows7"},"enabledValue":{"decimal":{"value":0}},"disabledValue":{"decimal":{"value":1}},"name":"L_TurnOffOneNoteAutoLinkedNoteTaking","displayName":"Turn off OneNote auto-linked note taking","explainText":"This policy setting turns off the OneNote auto note taking feature which allows you to take notes on items such as webpages, Word documents, etc.  OneNote will automatically record what pages or document you were viewing when you took this note.\n\nIf you enable this policy setting, OneNote will not automatically link notes when the user tries to turn on this feature.\n\nIf you disable or do not enable this policy, OneNote will automatically link notes when the user tries to turn on this feature.","tags":["L_Other","L_OneNoteOptions","L_MicrosoftOfficeOneNote"],"application":"onent16","key":"software\\microsoft\\office\\16.0\\onenote\\options\\linkednotes","valueName":"autolink"},{"parentCategory":{"ref":"L_Other"},"supportedOn":{"ref":"windows:SUPPORTED_Windows7"},"enabledValue":{"decimal":{"value":1}},"disabledValue":{"decimal":{"value":0}},"name":"L_DisableOCR","displayName":"Disable OCR","explainText":"This policy turns off the OneNote image optical character recognition (OCR) feature. The OCR feature allows OneNote to automatically scan through images to find text that will appear in search results.","tags":["L_Other","L_OneNoteOptions","L_MicrosoftOfficeOneNote"],"application":"onent16","key":"software\\microsoft\\office\\16.0\\onenote\\options\\other","valueName":"disableocr"},{"parentCategory":{"ref":"L_Other"},"supportedOn":{"ref":"windows:SUPPORTED_Windows7"},"elements":{"items":[{"valueName":"blockedextensions","requiredSpecified":false,"expandableSpecified":false,"maxLength":2147483647,"maxLengthSpecified":false,"inputType":"textBox","caption":"","id":"L_empty12"}]},"name":"L_EmbeddedFilesBlockedExtensions","displayName":"Embedded Files Blocked Extensions","explainText":"To disable the ability of the users in your organization from being able to open a file attachment of a specific file type from a Microsoft OneNote page, add the extensions you want to disable using this format: \".ext1;.ext2;\" If you want to disable the opening of any attachment from a OneNote page, see the Disable embedded files policy. You cannot block embedded audio and video recordings (WMA & WMV) with this policy instead refer to the Disable embedded files policy.","tags":["L_Other","L_OneNoteOptions","L_MicrosoftOfficeOneNote"],"application":"onent16","key":"software\\microsoft\\office\\16.0\\onenote\\options\\embeddedfileopenoptions"},{"parentCategory":{"ref":"L_Other"},"supportedOn":{"ref":"windows:SUPPORTED_Windows7"},"elements":{"items":[{"valueName":"addnotebooks","requiredSpecified":false,"expandableSpecified":false,"maxLength":2147483647,"maxLengthSpecified":false,"inputType":"textBox","caption":"","id":"L_empty13"}]},"name":"L_Loadanotebookonfirstboot","displayName":"Load a notebook on first boot","explainText":"Points to a folder containing a notebook that should be loaded on first boot.","tags":["L_Other","L_OneNoteOptions","L_MicrosoftOfficeOneNote"],"application":"onent16","key":"software\\microsoft\\office\\16.0\\onenote\\options\\other"},{"parentCategory":{"ref":"L_Other"},"supportedOn":{"ref":"windows:SUPPORTED_Windows7"},"enabledValue":{"decimal":{"value":1}},"disabledValue":{"decimal":{"value":0}},"name":"L_Disableembeddedfiles","displayName":"Disable embedded files","explainText":"To disable the ability to embed files on a OneNote page, so people cannot transmit files that might not be caught by anti-virus software, etc.  Note: This policy will only limit embedded files in the OneNote UI, if a page has an embedded file OneNote will still sync and replicate the embedded files in the file system.","tags":["L_Other","L_OneNoteOptions","L_MicrosoftOfficeOneNote"],"application":"onent16","key":"software\\microsoft\\office\\16.0\\onenote\\options","valueName":"disableembeddedfiles"},{"parentCategory":{"ref":"L_Other"},"supportedOn":{"ref":"windows:SUPPORTED_Windows7"},"enabledValue":{"decimal":{"value":1}},"disabledValue":{"decimal":{"value":0}},"name":"L_DisableOneNotescreenclippingnotifications","displayName":"Disable OneNote screen clipping notifications","explainText":"Turns off all of the OneNote screen clipping notifications.","tags":["L_Other","L_OneNoteOptions","L_MicrosoftOfficeOneNote"],"application":"onent16","key":"software\\microsoft\\office\\16.0\\onenote\\options\\other","valueName":"disablescreenclippingballoon"},{"parentCategory":{"ref":"L_Other"},"supportedOn":{"ref":"windows:SUPPORTED_Windows7"},"enabledValue":{"decimal":{"value":1}},"disabledValue":{"decimal":{"value":0}},"name":"L_DisableOneNoteScreenClippings","displayName":"Disable OneNote Screen Clippings","explainText":"Disables the screen clipping feature in OneNote.","tags":["L_Other","L_OneNoteOptions","L_MicrosoftOfficeOneNote"],"application":"onent16","key":"software\\microsoft\\office\\16.0\\onenote\\options\\other","valueName":"disablescreenclippings"},{"parentCategory":{"ref":"L_Other"},"supportedOn":{"ref":"windows:SUPPORTED_Windows7"},"elements":{"items":[{"valueName":"inaccessibleserverdaysbeforewarn","minValue":0,"minValueSpecified":true,"maxValue":30,"maxValueSpecified":true,"inputType":"decimalTextBox","id":"L_empty14"}]},"name":"L_Numberofdaysbeforewarningthatserveris","displayName":"Number of days before warning that server is inaccessible","explainText":"Set the number of days until OneNote warns that the server is inaccessible and prompts for a new location for the affected files.","tags":["L_Other","L_OneNoteOptions","L_MicrosoftOfficeOneNote"],"application":"onent16","key":"software\\microsoft\\office\\16.0\\onenote\\options\\synchronization"},{"parentCategory":{"ref":"L_Other"},"supportedOn":{"ref":"windows:SUPPORTED_Windows7"},"elements":{"items":[{"valueName":"sharepointsyncinterval","minValue":10,"minValueSpecified":true,"maxValue":604800,"maxValueSpecified":true,"inputType":"decimalTextBox","id":"L_empty15"}]},"name":"L_SharePointsyncinterval","displayName":"SharePoint sync interval for notebooks stored on SharePoint","explainText":"Limits the number of times OneNote polls a SharePoint site for changes to a section.  Enter the sync interval in seconds.","tags":["L_Other","L_OneNoteOptions","L_MicrosoftOfficeOneNote"],"application":"onent16","key":"software\\microsoft\\office\\16.0\\onenote\\options\\save"},{"parentCategory":{"ref":"L_Other"},"supportedOn":{"ref":"windows:SUPPORTED_Windows7"},"elements":{"items":[{"valueName":"sharepointbackgroundsyncintervalmultiplier","minValue":1,"minValueSpecified":true,"maxValue":10,"maxValueSpecified":true,"inputType":"decimalTextBox","id":"L_empty16"}]},"name":"L_SharePointbackgroundsyncintervalmultiplier","displayName":"Multiplier for background sync interval for notebooks stored on SharePoint","explainText":"This policy setting allows you to increase the interval between background polls of a SharePoint site for changes to notebooks.\n\nIf you enable this policy setting, OneNote will poll SharePoint less frequently for changes to whole notebooks. Intervals are multiplied by the entered value, a positive integer value from 1 to 10. Larger intervals will slow notebook sync but reduce server load.\n\nIf you disable or do not configure this policy setting, OneNote will sync notebooks at the default rate (multiplier value of 1).\n\nNote: This policy setting only applies to volume licensed versions of Office 2016 that use Windows Installer (MSI), such as Office Professional Plus 2016 and Office Standard 2016.","tags":["L_Other","L_OneNoteOptions","L_MicrosoftOfficeOneNote"],"application":"onent16","key":"software\\microsoft\\office\\16.0\\onenote\\options\\save"},{"parentCategory":{"ref":"L_Other"},"supportedOn":{"ref":"windows:SUPPORTED_Windows7"},"elements":{"items":[{"valueName":"sharepointlivesyncintervalmultiplier","minValue":1,"minValueSpecified":true,"maxValue":10,"maxValueSpecified":true,"inputType":"decimalTextBox","id":"L_empty17"}]},"name":"L_SharePointlivesyncintervalmultiplier","displayName":"Multiplier for foreground sync interval for the currently viewed section stored on SharePoint","explainText":"This policy setting allows you to increase the interval between foreground polls of a SharePoint site for changes to the currently viewed section.\n\nIf you enable this policy setting, OneNote will poll SharePoint less frequently for changes to the currently viewed section. Intervals are multiplied by the entered value, a positive integer value from 1 to 10. Larger intervals will slow section sync but reduce server load.\n\nIf you disable or do not configure this policy setting, OneNote will sync the currently viewed section at the default rate (multiplier value of 1).\n\nNote: This policy setting only applies to volume licensed versions of Office 2016 that use Windows Installer (MSI), such as Office Professional Plus 2016 and Office Standard 2016.","tags":["L_Other","L_OneNoteOptions","L_MicrosoftOfficeOneNote"],"application":"onent16","key":"software\\microsoft\\office\\16.0\\onenote\\options\\save"},{"parentCategory":{"ref":"L_Other"},"supportedOn":{"ref":"windows:SUPPORTED_Windows7"},"elements":{"items":[{"valueName":"sharepointpresenceintervalmultiplier","minValue":1,"minValueSpecified":true,"maxValue":10,"maxValueSpecified":true,"inputType":"decimalTextBox","id":"L_empty18"}]},"name":"L_SharePointpresenceintervalmultiplier","displayName":"Multiplier for Presence sync interval for notebooks stored on SharePoint","explainText":"This policy setting allows you to increase the interval between polls to SharePoint to determine active users of notebooks. OneNote will sync notebooks at a faster rate when other users are interacting with a notebook.\n\nIf you enable this policy setting, OneNote will poll SharePoint less frequently to determine if there are other users currently interacting with notebooks. Intervals are multiplied by the entered value, a positive integer value from 1 to 10. Larger intervals will slow detection of concurrent users in notebooks but reduce server load.\n\nIf you disable or do not configure this policy setting, OneNote will poll for active users of notebooks at the default rate (multiplier value of 1).\n\nNote: This policy setting only applies to volume licensed versions of Office 2016 that use Windows Installer (MSI), such as Office Professional Plus 2016 and Office Standard 2016.","tags":["L_Other","L_OneNoteOptions","L_MicrosoftOfficeOneNote"],"application":"onent16","key":"software\\microsoft\\office\\16.0\\onenote\\options\\save"},{"parentCategory":{"ref":"L_Other"},"supportedOn":{"ref":"windows:SUPPORTED_Windows7"},"elements":{"items":[{"item":[{"value":{"decimal":{"value":0}},"displayName":"Inch"},{"value":{"decimal":{"value":1}},"displayName":"Centimeter"},{"value":{"decimal":{"value":2}},"displayName":"Millimeter"},{"value":{"decimal":{"value":3}},"displayName":"Point"},{"value":{"decimal":{"value":4}},"displayName":"Pica"}],"valueName":"measurementunit","inputType":"dropdownList","caption":"Specify default unit of measurement:","id":"L_Specifydefaultunitofmeasurement"}]},"name":"L_DefaultunitofmeasurementusedinOneNote","displayName":"Default unit of measurement used in OneNote","explainText":"Sets the value in the option ''Measurement units''.","tags":["L_Other","L_OneNoteOptions","L_MicrosoftOfficeOneNote"],"application":"onent16","key":"software\\microsoft\\office\\16.0\\onenote\\options\\other"},{"parentCategory":{"ref":"L_Other"},"supportedOn":{"ref":"windows:SUPPORTED_Windows7"},"enabledValue":{"decimal":{"value":1}},"disabledValue":{"decimal":{"value":0}},"name":"L_AddOneNoteicontonotificationarea","displayName":"Add OneNote icon to notification area","explainText":"Checks/Unchecks the option ''Place OneNote icon in the notification area of the taskbar''.","tags":["L_Other","L_OneNoteOptions","L_MicrosoftOfficeOneNote"],"application":"onent16","key":"software\\microsoft\\office\\16.0\\onenote\\options\\other","valueName":"runsystemtrayapp"},{"parentCategory":{"ref":"L_Other"},"supportedOn":{"ref":"windows:SUPPORTED_Windows7"},"enabledValue":{"decimal":{"value":0}},"disabledValue":{"decimal":{"value":1}},"name":"L_NotebookPresence","displayName":"Notebook Presence","explainText":"This policy setting enables or disables the Notebook Presence feature in OneNote, which broadcasts user presence within a notebook and enables real-time synchronization for users who are editing the same page. Note:  Any change to this policy does not take effect until OneNote is restarted.\n\nIf you enable or do not configure this policy setting, users are notified when they are editing the same page in a notebook as another user. OneNote also enters real-time sync when it discovers multiple users editing the same page. \n\nIf you disable this policy setting, users are not notified when they are editing the same page in a notebook as another user. OneNote does not enter real-time sync when multiple users are editing the same page.","tags":["L_Other","L_OneNoteOptions","L_MicrosoftOfficeOneNote"],"application":"onent16","key":"software\\microsoft\\office\\16.0\\onenote\\options","valueName":"disablepresence"},{"parentCategory":{"ref":"L_Other"},"supportedOn":{"ref":"windows:SUPPORTED_Windows7"},"elements":{"items":[{"valueName":"insertedfilesdisallowembeddingsizethreshold","minValue":10485760,"minValueSpecified":true,"maxValue":2147483648,"maxValueSpecified":true,"inputType":"decimalTextBox","id":"L_EmbeddedFileSizeLimit"}]},"name":"L_SpecifyEmbeddedFileSizeLimit","displayName":"Embedded File Size Limit","explainText":"This policy setting enables you to specify the maximum embedded file size that users can insert directly into a OneNote notebook on a SharePoint server.\n \nIf you enable this policy setting, you can increase or decrease the default maximum file size of 50 MB. \n\nIf you increase this value, users can insert larger files directly into the notebook, but this may reduce server performance. \n\nIf you decrease this value, users can only insert smaller files directly into the notebook, which may improve server performance if OneNote sync is generating a lot of traffic.\n\nIf you disable or do not configure this policy setting, users cannot insert a file larger than 50MB inserted into a OneNote notebook. Instead, the file is uploaded to a SharePoint folder and inserted as a hyperlink into the notebook.","tags":["L_Other","L_OneNoteOptions","L_MicrosoftOfficeOneNote"],"application":"onent16","key":"software\\microsoft\\office\\16.0\\onenote\\general"},{"parentCategory":{"ref":"L_Other"},"supportedOn":{"ref":"windows:SUPPORTED_Windows_6_3_NOARM"},"enabledValue":{"decimal":{"value":1}},"disabledValue":{"decimal":{"value":0}},"name":"L_DisableSupportDiagnostics","displayName":"Turn off support diagnostics in OneNote","explainText":"This policy setting controls whether OneNote sends client information to support services on failure.\n\nSending client information to support services on failure can help diagnose the issue, provide resolution steps, or show contextual error messaging to the user.\n\nIf you enable this policy setting, OneNote won’t send client information to support services on failure.\n\nIf you disable or don’t configure this policy setting, OneNote will send client information to support services on failure.\n\nNote: This policy setting only applies to Version 2207 and later of OneNote.","tags":["L_Other","L_OneNoteOptions","L_MicrosoftOfficeOneNote"],"application":"onent16","key":"software\\microsoft\\office\\16.0\\onenote\\general","valueName":"disablesupportdiagnostics"},{"parentCategory":{"ref":"L_Editing"},"supportedOn":{"ref":"windows:SUPPORTED_Windows7"},"enabledValue":{"decimal":{"value":1}},"disabledValue":{"decimal":{"value":0}},"name":"L_OneNoteTextPrediction","displayName":"OneNote text prediction","explainText":"\nThis policy setting controls whether users will see and be able to accept text predictions when writing notes in English in OneNote.\n\nIf you enable or don't configure this policy setting, users will see and be able to accept predicted text by using the Tab key or right arrow key while writing their notes. Or they can simply keep typing to ignore the predicted text.\n\nIf you disable this policy setting, users will not be able to see or accept text predictions while writing notes.\n\nNote: This policy setting only applies to subscription versions of Office, such as Microsoft 365 Apps for enterprise.\n      ","tags":["L_Editing","L_OneNoteOptions","L_MicrosoftOfficeOneNote"],"application":"onent16","key":"software\\microsoft\\office\\16.0\\onenote\\options\\editing","valueName":"textprediction"},{"parentCategory":{"ref":"L_Other"},"supportedOn":{"ref":"windows:SUPPORTED_Windows7"},"enabledValue":{"decimal":{"value":1}},"disabledValue":{"decimal":{"value":0}},"name":"L_TurnOffNewStickyNotesInOneNote","displayName":"Disable the new Sticky Notes experience","explainText":"This policy controls the ability of users to access the new Sticky Notes experiences from OneNote.\n\nIf you enable this policy setting, users will be unable to access the new Sticky Notes experiences from OneNote.\n\nIf you disable this policy setting, users can access the new Sticky Notes experiences from OneNote.\n\nIf you do not set this policy setting, users can access the new Sticky Notes experiences from OneNote.\n\nNote: This policy does not affect the classic Microsoft Sticky Notes app available on the Microsoft Store. Additionally, disabling or not setting this policy does not guarantee access to the new Sticky Notes experiences from OneNote.","tags":["L_Other","L_OneNoteOptions","L_MicrosoftOfficeOneNote"],"application":"onent16","key":"software\\microsoft\\office\\16.0\\onenote\\options\\other","valueName":"ismemorywindowdisabled"},{"parentCategory":{"ref":"L_Other"},"supportedOn":{"ref":"windows:SUPPORTED_Windows7"},"enabledValue":{"decimal":{"value":1}},"disabledValue":{"decimal":{"value":0}},"name":"L_OneNoteSensitivityLabels","displayName":"Enable OneNote Sensitivity Labels","explainText":"This policy setting controls whether Purview Sensitivity Label capabilities can be enabled for OneNote Sections.\n\nIf you enable this policy, users can use supported Purview features, such as manual labeling, label removal, or default labels, to apply sensitivity labels to OneNote sections and help protect sensitive information. At this time, mandatory labels, auto labeling, and dynamic watermarking are not supported.\n\nIf you disable this policy, users won't be able to apply, change or remove Sensitivity Labels in OneNote Sections.\n\nIf you do not configure this policy setting, users won't be able to apply, change or remove Sensitivity Labels in OneNote Sections.","tags":["L_Other","L_OneNoteOptions","L_MicrosoftOfficeOneNote"],"application":"onent16","key":"software\\microsoft\\office\\16.0\\onenote\\options\\other","valueName":"sensitivitylabels"}]}