{"categories":[{"name":"L_MicrosoftOfficeOneNote","displayName":"OneNote"},{"parentCategory":{"ref":"L_MicrosoftOfficeOneNote"},"name":"L_OneNoteOptions","displayName":"OneNote 选项"},{"parentCategory":{"ref":"L_OneNoteOptions"},"name":"L_Display","displayName":"显示"},{"parentCategory":{"ref":"L_OneNoteOptions"},"name":"L_Editing","displayName":"编辑"},{"parentCategory":{"ref":"L_OneNoteOptions"},"name":"L_Pen","displayName":"笔"},{"parentCategory":{"ref":"L_OneNoteOptions"},"name":"L_Email","displayName":"电子邮件"},{"parentCategory":{"ref":"L_OneNoteOptions"},"name":"L_Security","displayName":"安全性"},{"parentCategory":{"ref":"L_Security"},"name":"L_Cryptography","displayName":"加密"},{"parentCategory":{"ref":"L_OneNoteOptions"},"name":"L_NoteFlags","displayName":"笔记标记"},{"parentCategory":{"ref":"L_OneNoteOptions"},"name":"L_AudioandVideo","displayName":"录音和录像"},{"parentCategory":{"ref":"L_OneNoteOptions"},"name":"L_Save","displayName":"保存"},{"parentCategory":{"ref":"L_OneNoteOptions"},"name":"L_Password","displayName":"密码"},{"parentCategory":{"ref":"L_OneNoteOptions"},"name":"L_Backup","displayName":"备份"},{"parentCategory":{"ref":"L_OneNoteOptions"},"name":"L_SendToOneNote","displayName":"发送到 OneNote"},{"parentCategory":{"ref":"L_OneNoteOptions"},"name":"L_Addins","displayName":"加载项"},{"parentCategory":{"ref":"L_OneNoteOptions"},"name":"L_Spelling","displayName":"拼写"},{"parentCategory":{"ref":"L_OneNoteOptions"},"name":"L_VersionsAndRecyleBin","displayName":"版本和回收站"},{"parentCategory":{"ref":"L_OneNoteOptions"},"name":"L_Other","displayName":"其他"}],"policies":[{"parentCategory":{"ref":"L_Display"},"supportedOn":{"ref":"windows:SUPPORTED_Windows7"},"elements":{"items":[{"item":[{"value":{"decimal":{"value":0}},"displayName":"靠右"},{"value":{"decimal":{"value":1}},"displayName":"靠左"}],"valueName":"pagetabsonleft","inputType":"dropdownList","caption":"指定页面选项卡控件的位置:","id":"L_Specifylocationofthepagetabcontrol"}]},"name":"L_Pagetabsappearontheleft","displayName":"在左侧显示页选项卡","explainText":"右: 启用“在左侧显示页选项卡”选项。| 左: 启用“在左侧显示页选项卡”选项。","tags":["L_Display","L_OneNoteOptions","L_MicrosoftOfficeOneNote"],"application":"onent16","key":"software\\microsoft\\office\\16.0\\onenote\\options\\other"},{"parentCategory":{"ref":"L_Display"},"supportedOn":{"ref":"windows:SUPPORTED_Windows7"},"enabledValue":{"decimal":{"value":1}},"disabledValue":{"decimal":{"value":0}},"name":"L_Verticalscrollbarappearsonleft","displayName":"在左侧显示垂直滚动条","explainText":"选中/取消选中对应的用户界面选项。","tags":["L_Display","L_OneNoteOptions","L_MicrosoftOfficeOneNote"],"application":"onent16","key":"software\\microsoft\\office\\16.0\\onenote\\options\\other","valueName":"vertscrollbaronleft"},{"parentCategory":{"ref":"L_Display"},"supportedOn":{"ref":"windows:SUPPORTED_Windows7"},"enabledValue":{"decimal":{"value":1}},"disabledValue":{"decimal":{"value":0}},"name":"L_ShowNoteContainers","displayName":"显示笔记容器","explainText":"选中/取消选中对应的用户界面选项。","tags":["L_Display","L_OneNoteOptions","L_MicrosoftOfficeOneNote"],"application":"onent16","key":"software\\microsoft\\office\\16.0\\onenote\\options\\other","valueName":"shownotecontainers"},{"parentCategory":{"ref":"L_Display"},"supportedOn":{"ref":"windows:SUPPORTED_Windows7"},"enabledValue":{"decimal":{"value":0}},"disabledValue":{"decimal":{"value":1}},"name":"L_Navigationbarappearsontheright","displayName":"在右侧显示导航栏","explainText":"此选项用于指定导航栏的显示位置。","tags":["L_Display","L_OneNoteOptions","L_MicrosoftOfficeOneNote"],"application":"onent16","key":"software\\microsoft\\office\\16.0\\onenote\\options\\other","valueName":"navbaronleft"},{"parentCategory":{"ref":"L_Editing"},"supportedOn":{"ref":"windows:SUPPORTED_Windows7"},"enabledValue":{"decimal":{"value":0}},"disabledValue":{"decimal":{"value":1}},"name":"L_TurnOffLinkCreationWith","displayName":"禁用使用 [[ ]] 创建链接","explainText":"通过此策略设置，您可以禁用使用 [[ ]] 创建链接。OneNote 允许用户将 [[ ]] 放在词的左右来自动创建链接。OneNote 将自动在该分区创建新页面，并在该文本上创建链接。\n\n如果启用此策略设置，用户将不能使用 [[ ]] 创建链接和新页面。\n\n如果禁用或未配置此策略设置，当用户使用 [[ ]] 时，OneNote 将自动创建链接。","tags":["L_Editing","L_OneNoteOptions","L_MicrosoftOfficeOneNote"],"application":"onent16","key":"software\\microsoft\\office\\16.0\\onenote\\options\\editing","valueName":"wikilink"},{"parentCategory":{"ref":"L_Editing"},"supportedOn":{"ref":"windows:SUPPORTED_Windows7"},"enabledValue":{"decimal":{"value":0}},"disabledValue":{"decimal":{"value":1}},"name":"L_Turnoffautocalculator","displayName":"禁用自动计算器","explainText":"此选项可启用/禁用自动计算器功能。","tags":["L_Editing","L_OneNoteOptions","L_MicrosoftOfficeOneNote"],"application":"onent16","key":"software\\microsoft\\office\\16.0\\onenote\\options\\editing","valueName":"autocalculate"},{"parentCategory":{"ref":"L_Editing"},"supportedOn":{"ref":"windows:SUPPORTED_Windows7"},"enabledValue":{"decimal":{"value":1}},"disabledValue":{"decimal":{"value":0}},"name":"L_ShowPasteOptionsbuttons","displayName":"显示“粘贴选项”按钮","explainText":"选中/取消选中对应的用户界面选项。","tags":["L_Editing","L_OneNoteOptions","L_MicrosoftOfficeOneNote"],"application":"onent16","key":"software\\microsoft\\office\\16.0\\onenote\\options\\other","valueName":"pasteooui"},{"parentCategory":{"ref":"L_Editing"},"supportedOn":{"ref":"windows:SUPPORTED_Windows7"},"enabledValue":{"decimal":{"value":1}},"disabledValue":{"decimal":{"value":0}},"name":"L_AutoNumberingRecognition","displayName":"自动识别编号","explainText":"选中/取消选中“自动应用编号列表”选项。","tags":["L_Editing","L_OneNoteOptions","L_MicrosoftOfficeOneNote"],"application":"onent16","key":"software\\microsoft\\office\\16.0\\onenote\\options\\editing","valueName":"numbering auto reco"},{"parentCategory":{"ref":"L_Editing"},"supportedOn":{"ref":"windows:SUPPORTED_Windows7"},"enabledValue":{"decimal":{"value":1}},"disabledValue":{"decimal":{"value":0}},"name":"L_AutoBulletRecognition","displayName":"自动项目符号识别","explainText":"选中/取消选中“自动应用项目符号列表”选项。","tags":["L_Editing","L_OneNoteOptions","L_MicrosoftOfficeOneNote"],"application":"onent16","key":"software\\microsoft\\office\\16.0\\onenote\\options\\editing","valueName":"bullet auto reco"},{"parentCategory":{"ref":"L_Editing"},"supportedOn":{"ref":"windows:SUPPORTED_Windows7"},"elements":{"items":[{"valueName":"defaultfontface","requiredSpecified":false,"expandableSpecified":false,"maxLength":2147483647,"maxLengthSpecified":false,"inputType":"textBox","caption":"字体:","id":"L_Font"}]},"name":"L_DefaultFontName","displayName":"默认字体名称","explainText":"指定“字体”选项的值。","tags":["L_Editing","L_OneNoteOptions","L_MicrosoftOfficeOneNote"],"application":"onent16","key":"software\\microsoft\\office\\16.0\\onenote\\options\\editing"},{"parentCategory":{"ref":"L_Editing"},"supportedOn":{"ref":"windows:SUPPORTED_Windows7"},"elements":{"items":[{"valueName":"defaultfontsize","requiredSpecified":false,"expandableSpecified":false,"maxLength":2147483647,"maxLengthSpecified":false,"inputType":"textBox","caption":"字号:","id":"L_FontSize"}]},"name":"L_DefaultFontSize","displayName":"默认字号","explainText":"指定“字号”选项的值。","tags":["L_Editing","L_OneNoteOptions","L_MicrosoftOfficeOneNote"],"application":"onent16","key":"software\\microsoft\\office\\16.0\\onenote\\options\\editing"},{"parentCategory":{"ref":"L_Editing"},"supportedOn":{"ref":"windows:SUPPORTED_Windows7"},"enabledValue":{"decimal":{"value":1}},"disabledValue":{"decimal":{"value":0}},"name":"L_AutoKeyboardSwitching","displayName":"自动键盘切换","explainText":"选中/取消选中“自动切换输入法”选项。","tags":["L_Editing","L_OneNoteOptions","L_MicrosoftOfficeOneNote"],"application":"onent16","key":"software\\microsoft\\office\\16.0\\onenote\\options\\language","valueName":"autokeyboard"},{"parentCategory":{"ref":"L_Editing"},"supportedOn":{"ref":"windows:SUPPORTED_Windows7"},"enabledValue":{"decimal":{"value":1}},"disabledValue":{"decimal":{"value":0}},"name":"L_IncludelinktosourcewhenpastingfromtheInternet","displayName":"从 Internet 粘贴文本时包含指向源文件的链接","explainText":"选中/取消选中对应的用户界面选项。","tags":["L_Editing","L_OneNoteOptions","L_MicrosoftOfficeOneNote"],"application":"onent16","key":"software\\microsoft\\office\\16.0\\onenote\\options\\editing","valueName":"pasteincludeurl"},{"parentCategory":{"ref":"L_Pen"},"supportedOn":{"ref":"windows:SUPPORTED_Windows7"},"enabledValue":{"decimal":{"value":1}},"disabledValue":{"decimal":{"value":0}},"name":"L_DisableScratchout","displayName":"禁用擦除","explainText":"墨迹书写时禁用擦除图标。","tags":["L_Pen","L_OneNoteOptions","L_MicrosoftOfficeOneNote"],"application":"onent16","key":"software\\microsoft\\office\\16.0\\onenote\\options\\pen","valueName":"disablescratchout"},{"parentCategory":{"ref":"L_Pen"},"supportedOn":{"ref":"windows:SUPPORTED_Windows7"},"enabledValue":{"decimal":{"value":1}},"disabledValue":{"decimal":{"value":0}},"name":"L_Createallnewpageswithrulelines","displayName":"创建新页时添加基准线","explainText":"选中/取消选中对应的用户界面选项。","tags":["L_Pen","L_OneNoteOptions","L_MicrosoftOfficeOneNote"],"application":"onent16","key":"software\\microsoft\\office\\16.0\\onenote\\options\\pen","valueName":"userulelines"},{"parentCategory":{"ref":"L_Pen"},"supportedOn":{"ref":"windows:SUPPORTED_Windows7"},"enabledValue":{"decimal":{"value":1}},"disabledValue":{"decimal":{"value":0}},"name":"L_Usepenpressuresensitivity","displayName":"使用笔的压力敏感度","explainText":"选中/取消选中对应的用户界面选项。","tags":["L_Pen","L_OneNoteOptions","L_MicrosoftOfficeOneNote"],"application":"onent16","key":"software\\microsoft\\office\\16.0\\onenote\\options\\pen","valueName":"inkpressure"},{"parentCategory":{"ref":"L_Pen"},"supportedOn":{"ref":"windows:SUPPORTED_Windows7"},"enabledValue":{"decimal":{"value":1}},"disabledValue":{"decimal":{"value":0}},"name":"L_AutomaticallyswitchbetweenPenandSelectionTool","displayName":"自动切换笔和选择工具","explainText":"选中/取消选中对应的用户界面选项。","tags":["L_Pen","L_OneNoteOptions","L_MicrosoftOfficeOneNote"],"application":"onent16","key":"software\\microsoft\\office\\16.0\\onenote\\options\\pen","valueName":"automodeswitch"},{"parentCategory":{"ref":"L_Pen"},"supportedOn":{"ref":"windows:SUPPORTED_Windows7"},"enabledValue":{"decimal":{"value":1}},"disabledValue":{"decimal":{"value":0}},"name":"L_ShowTabletPCInputPanelonOneNotepages","displayName":"在 OneNote 页中显示 Tablet PC 输入面板","explainText":"启用此策略可在 OneNote 页中显示 Tablet PC 输入面板。","tags":["L_Pen","L_OneNoteOptions","L_MicrosoftOfficeOneNote"],"application":"onent16","key":"software\\microsoft\\office\\16.0\\onenote\\options\\pen","valueName":"showtabletpcinputpanel"},{"parentCategory":{"ref":"L_Email"},"supportedOn":{"ref":"windows:SUPPORTED_Windows7"},"enabledValue":{"decimal":{"value":1}},"disabledValue":{"decimal":{"value":0}},"name":"L_AttachEmbeddedFilesToTheEmail","displayName":"以独立文件的方式将嵌入式文件附加到电子邮件","explainText":"通过此策略设置，您可以配置“以独立文件的方式将嵌入式文件附加到电子邮件”选项，该选项可在“文件”选项卡|“选项”|“高级”|“来自 OneNote 的电子邮件”下找到。\n\n如果启用或未配置此策略设置，则嵌入式文件以独立文件的方式附加到电子邮件。\n\n如果禁用此策略设置，嵌入式文件不以独立文件的方式附加到电子邮件。","tags":["L_Email","L_OneNoteOptions","L_MicrosoftOfficeOneNote"],"application":"onent16","key":"software\\microsoft\\office\\16.0\\onenote\\options","valueName":"email embedded files"},{"parentCategory":{"ref":"L_Email"},"supportedOn":{"ref":"windows:SUPPORTED_Windows7"},"enabledValue":{"decimal":{"value":1}},"disabledValue":{"decimal":{"value":0}},"name":"L_AllowOneNoteemailattachments","displayName":"允许 OneNote 使用电子邮件附件","explainText":"选中/取消选中“将原始笔记的副本附加为 OneNote 文件”选项。","tags":["L_Email","L_OneNoteOptions","L_MicrosoftOfficeOneNote"],"application":"onent16","key":"software\\microsoft\\office\\16.0\\onenote\\options","valueName":"email attachment"},{"parentCategory":{"ref":"L_Email"},"supportedOn":{"ref":"windows:SUPPORTED_Windows7"},"enabledValue":{"decimal":{"value":1}},"disabledValue":{"decimal":{"value":0}},"name":"L_AddsignaturetoOneNoteemailmessages","displayName":"为 OneNote 电子邮件添加签名","explainText":"选中/取消选中“在由 OneNote 创建的电子邮件和网页中添加下列签名”选项。","tags":["L_Email","L_OneNoteOptions","L_MicrosoftOfficeOneNote"],"application":"onent16","key":"software\\microsoft\\office\\16.0\\onenote\\options\\other","valueName":"emailsignature"},{"parentCategory":{"ref":"L_Email"},"supportedOn":{"ref":"windows:SUPPORTED_Windows7"},"elements":{"items":[{"valueName":"signature","requiredSpecified":false,"expandableSpecified":false,"maxLength":2147483647,"maxLengthSpecified":false,"inputType":"textBox","caption":"输入 OneNote 电子邮件的签名","id":"L_EntersignaturetouseforOneNoteemail"}]},"name":"L_UsethissignatureforOneNoteemail","displayName":"对 OneNote 电子邮件使用此签名","explainText":"设置“在由 OneNote 创建的电子邮件和网页中添加下列签名”选项的值。","tags":["L_Email","L_OneNoteOptions","L_MicrosoftOfficeOneNote"],"application":"onent16","key":"software\\microsoft\\office\\16.0\\onenote\\options\\other"},{"parentCategory":{"ref":"L_NoteFlags"},"supportedOn":{"ref":"windows:SUPPORTED_Windows7"},"enabledValue":{"decimal":{"value":1}},"disabledValue":{"decimal":{"value":0}},"name":"L_Copyitemswhenmovingthem","displayName":"移动项目时复制项目","explainText":"通过此策略设置，您可以配置带标记的笔记。\n\n如果启用或未配置此策略设置，将选中“保持原始带标记笔记不变”选项。\n\n如果禁用此策略设置，将选中“将原始带标记笔记变暗显示”选项。","tags":["L_NoteFlags","L_OneNoteOptions","L_MicrosoftOfficeOneNote"],"application":"onent16","key":"software\\microsoft\\office\\16.0\\onenote\\options\\other","valueName":"duplicatenoteflag"},{"parentCategory":{"ref":"L_NoteFlags"},"supportedOn":{"ref":"windows:SUPPORTED_Windows7"},"enabledValue":{"decimal":{"value":1}},"disabledValue":{"decimal":{"value":0}},"name":"L_ShowDimmedTaggedNotesInTheTagsSummaryTaskPane","displayName":"在“标记摘要”任务窗格中变暗显示带标记笔记","explainText":"选中/取消选中选项“在‘标记摘要’任务窗格中变暗显示带标记笔记”","tags":["L_NoteFlags","L_OneNoteOptions","L_MicrosoftOfficeOneNote"],"application":"onent16","key":"software\\microsoft\\office\\16.0\\onenote\\options\\other","valueName":"showinactivenoteflag"},{"parentCategory":{"ref":"L_AudioandVideo"},"supportedOn":{"ref":"windows:SUPPORTED_Windows7"},"enabledValue":{"decimal":{"value":0}},"disabledValue":{"decimal":{"value":1}},"name":"L_Disableaudosearch","displayName":"禁用录音搜索","explainText":"禁用 OneNote 录音搜索功能。","tags":["L_AudioandVideo","L_OneNoteOptions","L_MicrosoftOfficeOneNote"],"application":"onent16","key":"software\\microsoft\\office\\16.0\\onenote\\options\\other","valueName":"enableaudiosearch"},{"parentCategory":{"ref":"L_AudioandVideo"},"supportedOn":{"ref":"windows:SUPPORTED_Windows7"},"enabledValue":{"decimal":{"value":1}},"disabledValue":{"decimal":{"value":0}},"name":"L_DisableLinkedAudiofeature","displayName":"禁用链接录音功能","explainText":"通过此策略设置，您可以配置“插入”选项卡上的“录音”和“录像”命令。\n\n如果启用此策略设置，这些命令将不可用。\n\n如果禁用或未配置此策略，这些命令将可用。","tags":["L_AudioandVideo","L_OneNoteOptions","L_MicrosoftOfficeOneNote"],"application":"onent16","key":"software\\microsoft\\office\\16.0\\onenote\\options\\audio","valueName":"disablerecording"},{"parentCategory":{"ref":"L_AudioandVideo"},"supportedOn":{"ref":"windows:SUPPORTED_Windows7"},"elements":{"items":[{"valueName":"defaultbitdepth","minValue":8,"minValueSpecified":true,"maxValue":48,"maxValueSpecified":true,"inputType":"decimalTextBox","caption":"位:","id":"L_Bits"}]},"name":"L_Specifynumberofbitstosamplewhenrecording","displayName":"指定录制时的采样位数","explainText":"指定录音时使用的每个采样的默认位数(值以 kbps 为单位)。如果找到合适的编解码器，则这是“链接的录音”的“格式”设置中使用的默认色深，“链接的录音”可在“文件”选项卡|“选项”|“录音和录像”下找到。","tags":["L_AudioandVideo","L_OneNoteOptions","L_MicrosoftOfficeOneNote"],"application":"onent16","key":"software\\microsoft\\office\\16.0\\onenote\\options\\audio"},{"parentCategory":{"ref":"L_AudioandVideo"},"supportedOn":{"ref":"windows:SUPPORTED_Windows7"},"elements":{"items":[{"valueName":"defaultsamplerate","minValue":8,"minValueSpecified":true,"maxValue":192,"maxValueSpecified":true,"inputType":"decimalTextBox","caption":"位/秒:","id":"L_BitsSecond"}]},"name":"L_Specifyratetosampleaudiobitssecond","displayName":"指定音频采样率(位/秒)","explainText":"指定录音时使用的默认采样率(值以 kHz 为单位)。如果找到合适的编解码器，则这是“链接的录音”的“格式”设置中使用的默认采样率，“链接的录音”可在“文件”选项卡|“选项”|“录音和录像”下找到。","tags":["L_AudioandVideo","L_OneNoteOptions","L_MicrosoftOfficeOneNote"],"application":"onent16","key":"software\\microsoft\\office\\16.0\\onenote\\options\\audio"},{"parentCategory":{"ref":"L_AudioandVideo"},"supportedOn":{"ref":"windows:SUPPORTED_Windows7"},"elements":{"items":[{"valueName":"defaultchannels","minValue":1,"minValueSpecified":true,"maxValue":2,"maxValueSpecified":true,"inputType":"decimalTextBox","caption":"通道(1-2):","id":"L_Channels12"}]},"name":"L_Specifynumberofchannelstorecord","displayName":"指定要录制的通道数量","explainText":"指定录音时是否使用 1 或 2 通道。如果找到合适的编解码器，则这是“链接的录音”的“格式”设置中使用的默认通道数量，“链接的录音”可在“文件”选项卡|“选项”|“录音和录像”下找到。","tags":["L_AudioandVideo","L_OneNoteOptions","L_MicrosoftOfficeOneNote"],"application":"onent16","key":"software\\microsoft\\office\\16.0\\onenote\\options\\audio"},{"parentCategory":{"ref":"L_AudioandVideo"},"supportedOn":{"ref":"windows:SUPPORTED_Windows7"},"elements":{"items":[{"valueName":"rewind","minValue":0,"minValueSpecified":true,"maxValue":999,"maxValueSpecified":true,"inputType":"decimalTextBox","caption":"从段落开始处倒带以下时间(秒):","id":"L_Rewindfromstartofparagraphbysec"}]},"name":"L_Rewindfromstartofparagraphbythefollowingnumberofseconds","displayName":"从段落开始处倒带以下秒数","explainText":"设置对应的用户界面选项的值。","tags":["L_AudioandVideo","L_OneNoteOptions","L_MicrosoftOfficeOneNote"],"application":"onent16","key":"software\\microsoft\\office\\16.0\\onenote\\options\\audio"},{"parentCategory":{"ref":"L_AudioandVideo"},"supportedOn":{"ref":"windows:SUPPORTED_Windows7"},"elements":{"items":[{"item":[{"value":{"string":"Windows Media Video 8 for Color Pocket PCs (150 Kbps)"},"displayName":"彩色 Pocket PC (150 Kbps)"},{"value":{"string":"Windows Media Video 8 for Dial-up Modems or Single-channel ISDN (28.8 to 56 Kbps)"},"displayName":"拨号调制解调器或单路 ISDN (28.8 - 100 Kbps)"},{"value":{"string":"Windows Media Video 8 for LAN, Cable Modem, or xDSL (100 to 768 Kbps)"},"displayName":"局域网、电缆调制解调器或 xDSL (100 - 768 Kbps)"},{"value":{"string":"Windows Media Video 8 for Dial-up Modems or LAN (28.8 to 100 Kbps)"},"displayName":"拨号调制解调器或局域网(28.8 - 100 Kbps)"},{"value":{"string":"Windows Media Video 8 for Dial-up Modems (28.8 Kbps)"},"displayName":"拨号调制解调器(28.8 Kbps)"},{"value":{"string":"Windows Media Video 8 for Dial-up Modems (56 Kbps)"},"displayName":"拨号调制解调器(56 Kbps)"},{"value":{"string":"Windows Media Video 8 for Local Area Network (100 Kbps)"},"displayName":"局域网(100 Kbps)"},{"value":{"string":"Windows Media Video 8 for Local Area Network (256 Kbps)"},"displayName":"局域网(256 Kbps)"},{"value":{"string":"Windows Media Video 8 for Local Area Network (384 Kbps)"},"displayName":"局域网(384 Kbps)"},{"value":{"string":"Windows Media Video 8 for Broadband (NTSC, 700 Kbps)"},"displayName":"宽带(NTSC，700 Kbps)"},{"value":{"string":"Windows Media Video 8 for Broadband (NTSC, 1400 Kbps)"},"displayName":"宽带(NTSC，1400 Kbps)"},{"value":{"string":"Windows Media Video 8 for Broadband (PAL, 384 Kbps)"},"displayName":"宽带(PAL，384 Kbps)"},{"value":{"string":"Windows Media Video 8 for Broadband (PAL, 700 Kbps)"},"displayName":"宽带(PAL，700 Kbps)"}],"valueName":"videocaptureprofile","inputType":"dropdownList","caption":"选择 Windows Media Video 8 编码解码器:","id":"L_ChoosetheWindowsMediaVideo8codec"}]},"name":"L_ChoosedefaultcodectobeusedforVideonotebook","displayName":"选择视频笔记本的默认编码解码器","explainText":"此选项将设置 OneNote 用于在 OneNote 中创建的录像的默认编码解码器。","tags":["L_AudioandVideo","L_OneNoteOptions","L_MicrosoftOfficeOneNote"],"application":"onent16","key":"software\\microsoft\\office\\16.0\\onenote\\options\\audio"},{"parentCategory":{"ref":"L_Cryptography"},"supportedOn":{"ref":"windows:SUPPORTED_Windows7"},"elements":{"items":[{"valueName":"cipheralgorithm","required":true,"requiredSpecified":true,"expandableSpecified":false,"maxLength":2147483647,"maxLengthSpecified":false,"inputType":"textBox","caption":"CNG 加密算法:","id":"L_SetCNGCipherAlgorithmID"}]},"name":"L_SetCNGCipherAlgorithm","displayName":"设置 CNG 加密算法","explainText":"通过此策略设置，您可以配置使用的 CNG 加密算法。\n\n如果启用此策略设置，则将使用提供的加密(如果此加密为受支持的算法)。\n\n如果禁用或未配置此策略设置，将使用 AES。","tags":["L_Cryptography","L_Security","L_OneNoteOptions","L_MicrosoftOfficeOneNote"],"application":"onent16","key":"software\\microsoft\\office\\16.0\\onenote\\security\\crypto"},{"parentCategory":{"ref":"L_Cryptography"},"supportedOn":{"ref":"windows:SUPPORTED_Windows7"},"elements":{"items":[{"item":[{"value":{"string":"ChainingModeCBC"},"displayName":"加密块链接(CBC)"},{"value":{"string":"ChainingModeCFB"},"displayName":"加密反馈(CFB)"}],"valueName":"cipherchaining","inputType":"dropdownList","id":"L_ConfigureCNGCipherChainingModeDropID"}]},"name":"L_ConfigureCNGCipherChainingMode","displayName":"配置 CNG 加密链接模式","explainText":"通过此策略设置，您可以配置使用的加密链接模式。\n\n如果启用此策略设置，将应用指定的加密链接模式。\n\n如果禁用或未配置此策略设置，加密块链接(CBC)将默认使用 CNG 加密链接模式。","tags":["L_Cryptography","L_Security","L_OneNoteOptions","L_MicrosoftOfficeOneNote"],"application":"onent16","key":"software\\microsoft\\office\\16.0\\onenote\\security\\crypto"},{"parentCategory":{"ref":"L_Cryptography"},"supportedOn":{"ref":"windows:SUPPORTED_Windows7"},"elements":{"items":[{"valueName":"cipherkeybits","minValue":0,"minValueSpecified":true,"maxValue":1000000,"maxValueSpecified":true,"inputType":"decimalTextBox","caption":"加密密钥长度","id":"L_SetCNGCipherKeyLengthSpinID"}]},"name":"L_SetCNGCipherKeyLength","displayName":"设置 CNG 加密密钥长度","explainText":"通过此策略设置，您在创建加密密钥时可以配置要使用的位数。此数字将舍入到 8 的倍数。\n\n如果启用此策略设置，则使用指定的密钥位数。\n\n如果禁用或未配置此策略设置，将使用默认值。","tags":["L_Cryptography","L_Security","L_OneNoteOptions","L_MicrosoftOfficeOneNote"],"application":"onent16","key":"software\\microsoft\\office\\16.0\\onenote\\security\\crypto"},{"parentCategory":{"ref":"L_Cryptography"},"supportedOn":{"ref":"windows:SUPPORTED_Windows7"},"elements":{"items":[{"item":[{"value":{"decimal":{"value":0}},"displayName":"使用旧式格式"},{"value":{"decimal":{"value":1}},"displayName":"使用下一代格式"},{"value":{"decimal":{"value":2}},"displayName":"以下一代格式保存所有文件"}],"valueName":"compatmode","inputType":"dropdownList","id":"L_SpecifyEncryptionCompatibilityDropID"}]},"name":"L_SpecifyEncryptionCompatibility","displayName":"指定加密兼容性","explainText":"通过此策略设置，您可以指定加密数据库的兼容性。\n\n如果启用此策略设置，为新文件加密过程中将应用指定的兼容性格式\n- 使用旧式格式\n- 使用下一代格式\n- 以下一代格式保存所有文件\n\n如果禁用或未配置此策略设置，将应用默认设置“使用下一代格式”。","tags":["L_Cryptography","L_Security","L_OneNoteOptions","L_MicrosoftOfficeOneNote"],"application":"onent16","key":"software\\microsoft\\office\\16.0\\onenote\\security\\crypto"},{"parentCategory":{"ref":"L_Cryptography"},"supportedOn":{"ref":"windows:SUPPORTED_Windows7"},"elements":{"items":[{"valueName":"context","required":true,"requiredSpecified":true,"expandableSpecified":false,"maxLength":2147483647,"maxLengthSpecified":false,"inputType":"textBox","caption":"参数","id":"L_SetParametersForCNGContextID"}]},"name":"L_SetParametersForCNGContext","displayName":"设置 CNG 上下文的参数","explainText":"通过此策略设置，您可以指定 CNG 上下文应该使用的加密参数。\n\n如果启用此策略设置，指定的参数将传递给 CNG 上下文。\n\n如果禁用或未配置此策略设置，将使用默认 CNG 值。","tags":["L_Cryptography","L_Security","L_OneNoteOptions","L_MicrosoftOfficeOneNote"],"application":"onent16","key":"software\\microsoft\\office\\16.0\\onenote\\security\\crypto"},{"parentCategory":{"ref":"L_Cryptography"},"supportedOn":{"ref":"windows:SUPPORTED_Windows7"},"elements":{"items":[{"item":[{"value":{"string":"SHA1"},"displayName":"SHA1"},{"value":{"string":"SHA256"},"displayName":"SHA256"},{"value":{"string":"SHA384"},"displayName":"SHA384"},{"value":{"string":"SHA512"},"displayName":"SHA512"}],"valueName":"hashalgorithm","inputType":"dropdownList","id":"L_SpecifyCNGHashAlgorithmDropID"}]},"name":"L_SpecifyCNGHashAlgorithm","displayName":"指定 CNG 哈希算法","explainText":"通过此策略设置，您可以指定使用的哈希算法。\n\n如果启用此策略设置，CNG 将使用所选的哈希算法。\n\n如果禁用或未配置此策略设置，将使用默认的 CNG 哈希算法。","tags":["L_Cryptography","L_Security","L_OneNoteOptions","L_MicrosoftOfficeOneNote"],"application":"onent16","key":"software\\microsoft\\office\\16.0\\onenote\\security\\crypto"},{"parentCategory":{"ref":"L_Cryptography"},"supportedOn":{"ref":"windows:SUPPORTED_Windows7"},"elements":{"items":[{"valueName":"passwordspincount","minValue":0,"minValueSpecified":true,"maxValue":10000000,"maxValueSpecified":true,"inputType":"decimalTextBox","id":"L_SetCNGPasswordSpinCountSpinID"}]},"name":"L_SetCNGPasswordSpinCount","displayName":"设置 CNG 密码调节计数","explainText":"通过此策略设置，您可以指定调节(刷新)密码验证程序的次数。\n\n如果启用此策略设置，指定的数字将为刷新密码的次数。\n\n如果禁用或未配置此策略设置，将使用默认值(100000)。","tags":["L_Cryptography","L_Security","L_OneNoteOptions","L_MicrosoftOfficeOneNote"],"application":"onent16","key":"software\\microsoft\\office\\16.0\\onenote\\security\\crypto"},{"parentCategory":{"ref":"L_Cryptography"},"supportedOn":{"ref":"windows:SUPPORTED_Windows7"},"elements":{"items":[{"valueName":"rngalgorithm","required":true,"requiredSpecified":true,"expandableSpecified":false,"maxLength":2147483647,"maxLengthSpecified":false,"inputType":"textBox","caption":"随机数字生成器:","id":"L_SpecifyCNGRandomNumberGeneratorAlgorithmID"}]},"name":"L_SpecifyCNGRandomNumberGeneratorAlgorithm","displayName":"指定 CNG 随机数字生成器算法","explainText":"通过此策略设置，您可以配置要使用的 CNG 随机数字生成器。\n\n如果启用此策略设置，将使用指定的随机数字生成器。\n\n如果禁用或未配置此策略设置，将使用默认的随机数字生成器。","tags":["L_Cryptography","L_Security","L_OneNoteOptions","L_MicrosoftOfficeOneNote"],"application":"onent16","key":"software\\microsoft\\office\\16.0\\onenote\\security\\crypto"},{"parentCategory":{"ref":"L_Cryptography"},"supportedOn":{"ref":"windows:SUPPORTED_Windows7"},"elements":{"items":[{"valueName":"saltbytes","minValue":0,"minValueSpecified":true,"maxValue":5000,"maxValueSpecified":true,"inputType":"decimalTextBox","caption":"字节数","id":"L_SpecifyCNGSaltLengthSpinID"}]},"name":"L_SpecifyCNGSaltLength","displayName":"指定 CNG salt 长度","explainText":"通过此策略设置，您可以指定应使用 salt 的字节数。\n\n如果启用此策略设置，将使用指定的字数。\n\n如果禁用或未配置此策略设置，将使用默认长度或 16。","tags":["L_Cryptography","L_Security","L_OneNoteOptions","L_MicrosoftOfficeOneNote"],"application":"onent16","key":"software\\microsoft\\office\\16.0\\onenote\\security\\crypto"},{"parentCategory":{"ref":"L_Save"},"supportedOn":{"ref":"windows:SUPPORTED_Windows7"},"elements":{"items":[{"valueName":"notebook root","requiredSpecified":false,"expandableSpecified":false,"maxLength":2147483647,"maxLengthSpecified":false,"inputType":"textBox","caption":"","id":"L_empty1"}]},"name":"L_NotebookRoot","displayName":"笔记本根目录","explainText":"若要更改新笔记本的默认存储位置，请输入相对于您的文档的文件夹路径。","tags":["L_Save","L_OneNoteOptions","L_MicrosoftOfficeOneNote"],"application":"onent16","key":"software\\microsoft\\office\\16.0\\onenote\\options\\save"},{"parentCategory":{"ref":"L_Save"},"supportedOn":{"ref":"windows:SUPPORTED_Windows7"},"elements":{"items":[{"valueName":"unfilednotessection","requiredSpecified":false,"expandableSpecified":false,"maxLength":2147483647,"maxLengthSpecified":false,"inputType":"textBox","caption":"打开此分区中的便笺:","id":"L_OpenSideNotesinthissection"}]},"name":"L_Locationofunfilednotessection","displayName":"未归档笔记分区的位置","explainText":"OneNote 存储未归档笔记分区的位置。","tags":["L_Save","L_OneNoteOptions","L_MicrosoftOfficeOneNote"],"application":"onent16","key":"software\\microsoft\\office\\16.0\\onenote\\options\\paths"},{"parentCategory":{"ref":"L_Save"},"supportedOn":{"ref":"windows:SUPPORTED_Windows7"},"elements":{"items":[{"valueName":"backupfolderpath","requiredSpecified":false,"expandableSpecified":false,"maxLength":2147483647,"maxLengthSpecified":false,"inputType":"textBox","caption":"备份文件夹:","id":"L_BackupFolder"}]},"name":"L_LocationofBackupFolder","displayName":"备份文件夹的位置","explainText":"设置对应的用户界面选项的值。","tags":["L_Save","L_OneNoteOptions","L_MicrosoftOfficeOneNote"],"application":"onent16","key":"software\\microsoft\\office\\16.0\\onenote\\options\\paths"},{"parentCategory":{"ref":"L_Save"},"supportedOn":{"ref":"windows:SUPPORTED_Windows7"},"elements":{"items":[{"valueName":"percentfreespacebeforeoptimize","minValue":0,"minValueSpecified":true,"maxValue":100,"maxValueSpecified":true,"inputType":"decimalTextBox","caption":"输入百分数:","id":"L_EnterPercentage"}]},"name":"L_Percentageofunuseddiskspacetoallowinsections","displayName":"分区中允许的未使用磁盘空间百分比","explainText":"设置“分区中允许的未使用磁盘空间的百分比(达到此百分比之前不需优化)”选项的值。","tags":["L_Save","L_OneNoteOptions","L_MicrosoftOfficeOneNote"],"application":"onent16","key":"software\\microsoft\\office\\16.0\\onenote\\options\\save"},{"parentCategory":{"ref":"L_Password"},"supportedOn":{"ref":"windows:SUPPORTED_Windows7"},"enabledValue":{"decimal":{"value":0}},"disabledValue":{"decimal":{"value":1}},"name":"L_Disallowsaddonsaccesstopass","displayName":"禁止加载项访问受密码保护的分区","explainText":"此选项禁止扩展性加载项访问受密码保护的未锁定分区。","tags":["L_Password","L_OneNoteOptions","L_MicrosoftOfficeOneNote"],"application":"onent16","key":"software\\microsoft\\office\\16.0\\onenote\\security","valueName":"allowaddinaccesstoencryptedfiles"},{"parentCategory":{"ref":"L_Password"},"supportedOn":{"ref":"windows:SUPPORTED_Windows7"},"enabledValue":{"decimal":{"value":1}},"disabledValue":{"decimal":{"value":0}},"name":"L_Disablepasswordprotectedsections","displayName":"禁用受密码保护的分区","explainText":"禁用新建密码保护分区的功能。但是，您仍然可以对已设置密码的现有分区解除锁定并进行编辑。","tags":["L_Password","L_OneNoteOptions","L_MicrosoftOfficeOneNote"],"application":"onent16","key":"software\\microsoft\\office\\16.0\\onenote\\general","valueName":"passwordprotectiondisabled"},{"parentCategory":{"ref":"L_Password"},"supportedOn":{"ref":"windows:SUPPORTED_Windows7"},"enabledValue":{"decimal":{"value":1}},"disabledValue":{"decimal":{"value":0}},"name":"L_LockpasswordprotectedsectionsassoonasInavigateawayfromthem","displayName":"离开受密码保护的分区时即将其锁定","explainText":"OneNote 支持使用密码保护分区，用户键入密码后将解除这些分区的锁定，当超时或离开分区时将再次锁定该分区。设置此选项后，在您离开受密码保护的分区后将锁定该分区。","tags":["L_Password","L_OneNoteOptions","L_MicrosoftOfficeOneNote"],"application":"onent16","key":"software\\microsoft\\office\\16.0\\onenote\\security","valueName":"locksectionsimmediately"},{"parentCategory":{"ref":"L_Backup"},"supportedOn":{"ref":"windows:SUPPORTED_Windows7"},"elements":{"items":[{"valueName":"backupnumberofbackupstokeep","minValue":0,"minValueSpecified":true,"maxValue":1000,"maxValueSpecified":true,"inputType":"decimalTextBox","caption":"保留的备份数量","id":"L_numberofbackupcopiestokeep2"}]},"name":"L_Numberofbackupcopiestokeep","displayName":"保留的备份数量","explainText":"设置对应的用户界面选项的值。","tags":["L_Backup","L_OneNoteOptions","L_MicrosoftOfficeOneNote"],"application":"onent16","key":"software\\microsoft\\office\\16.0\\onenote\\options\\save"},{"parentCategory":{"ref":"L_SendToOneNote"},"supportedOn":{"ref":"windows:SUPPORTED_Windows7"},"enabledValue":{"decimal":{"value":1}},"disabledValue":{"decimal":{"value":0}},"name":"L_DisableOutlooksendemailtoOneNoteoption","displayName":"禁用 Outlook 发送电子邮件至 OneNote 选项","explainText":"此策略可禁用 Microsoft Outlook 的“发送到 OneNote”OneNote 加载项。默认情况下，OneNote 会在 Outlook 工具栏中安装一个加载项，以便用户将电子邮件发送到 OneNote。查看电子邮件时，“发送到 OneNote”按钮还会显示在 Outlook 的主邮件模块中。您可以通过此策略禁用该功能。","tags":["L_SendToOneNote","L_OneNoteOptions","L_MicrosoftOfficeOneNote"],"application":"onent16","key":"software\\microsoft\\office\\16.0\\onenote\\options\\outlookandweb","valueName":"disablesendemailtoonenote"},{"parentCategory":{"ref":"L_Addins"},"supportedOn":{"ref":"windows:SUPPORTED_Windows7"},"enabledValue":{"decimal":{"value":1}},"disabledValue":{"decimal":{"value":0}},"name":"L_DisableOneNoteCOMAPI","displayName":"禁用 OneNote COM API","explainText":"禁用 OneNote COM API – 禁用可能使用 COM API 的加载项应用程序。请注意，这也会阻止使用此 API 的其他功能，例如从 Outlook 向 OneNote 发送信息。","tags":["L_Addins","L_OneNoteOptions","L_MicrosoftOfficeOneNote"],"application":"onent16","key":"software\\microsoft\\office\\16.0\\onenote\\security","valueName":"disablecomapi"},{"parentCategory":{"ref":"L_Addins"},"supportedOn":{"ref":"windows:SUPPORTED_Windows7"},"enabledValue":{"decimal":{"value":1}},"disabledValue":{"decimal":{"value":0}},"name":"L_DisableinstalledOneNoteaddins","displayName":"禁用已安装的 OneNote 加载项","explainText":"禁用所有已安装的 OneNote 加载项。","tags":["L_Addins","L_OneNoteOptions","L_MicrosoftOfficeOneNote"],"application":"onent16","key":"software\\microsoft\\office\\16.0\\onenote\\security","valueName":"disablealladdins"},{"parentCategory":{"ref":"L_Spelling"},"supportedOn":{"ref":"windows:SUPPORTED_Windows7"},"elements":{"items":[{"item":[{"value":{"decimal":{"value":0}},"displayName":"不检查拼写"},{"value":{"decimal":{"value":1}},"displayName":"键入时检查拼写"},{"value":{"decimal":{"value":2}},"displayName":"隐藏拼写错误"},{"value":{"decimal":{"value":3}},"displayName":"检查拼写但隐藏错误"}],"valueName":"onenotespellingoptions","inputType":"dropdownList","id":"L_empty11"}]},"name":"L_OneNoteSpellingOptions","displayName":"OneNote 拼写检查选项","explainText":"这些选项更改在“文件”选项卡 | 选项 | 校对对话框中显示的“在 OneNote 中更正拼写时”选项。","tags":["L_Spelling","L_OneNoteOptions","L_MicrosoftOfficeOneNote"],"application":"onent16","key":"software\\microsoft\\shared tools\\proofing tools\\1.0\\office"},{"parentCategory":{"ref":"L_VersionsAndRecyleBin"},"supportedOn":{"ref":"windows:SUPPORTED_Windows7"},"enabledValue":{"decimal":{"value":0}},"disabledValue":{"decimal":{"value":1}},"name":"L_TurnOffVersionsAndNotebookRecycleBinInSharedNotebooks","displayName":"禁用共享笔记本中的版本和笔记本回收站","explainText":"通过此策略设置，你可以禁用包括版本和笔记本回收站的版本历史记录。通过 2016 格式笔记本，OneNote 将自动存储笔记本中的之前版本的页面，同时将存储所有已删除页面和分区的回收站。\n\n如果启用此策略设置，将禁用版本历史记录。\n\n如果禁用或不配置此策略设置，OneNote 将默认存储之前版本。","tags":["L_VersionsAndRecyleBin","L_OneNoteOptions","L_MicrosoftOfficeOneNote"],"application":"onent16","key":"software\\microsoft\\office\\16.0\\onenote\\options\\versions","valueName":"enablehistory"},{"parentCategory":{"ref":"L_VersionsAndRecyleBin"},"supportedOn":{"ref":"windows:SUPPORTED_Windows7"},"enabledValue":{"decimal":{"value":0}},"disabledValue":{"decimal":{"value":1}},"name":"L_DoNotPruneVersionsOverTime","displayName":"不要随着时间的推移删除版本","explainText":"通过此策略设置，你可以禁用 OneNote 的自动删除功能。通过 2016 格式笔记本，OneNote 将自动存储笔记本中的之前版本的页面，同时将存储所有已删除页面和分区的回收站。\n\n如果启用此策略设置，OneNote 将不会删除之前版本。\n\n如果禁用或不配置此策略设置，OneNote 将会删除之前版本。默认值为随时间推移删除版本。如果 OneNote 不删除之前版本，则你必须只启用此策略设置。","tags":["L_VersionsAndRecyleBin","L_OneNoteOptions","L_MicrosoftOfficeOneNote"],"application":"onent16","key":"software\\microsoft\\office\\16.0\\onenote\\options\\versions","valueName":"pruneversionsovertime"},{"parentCategory":{"ref":"L_VersionsAndRecyleBin"},"supportedOn":{"ref":"windows:SUPPORTED_Windows7"},"elements":{"items":[{"valueName":"daysofallversions","minValue":0,"minValueSpecified":true,"maxValue":365,"maxValueSpecified":true,"inputType":"decimalTextBox","caption":"回退天数","id":"L_DaysOfAllVersionsSpinID"}]},"name":"L_DaysOfAllVersions","displayName":"对于删除所有版本历史记录项目都是“安全”的天数","explainText":"通过此策略设置，您可以指定 OneNote 保留全面的版本历史记录页面的时间。指定时间之后，OneNote 将保留更多版本历史记录空白页面，这将使用更少的存储空间。\n\n如果启用此策略设置，则 OneNote 将在指定的时间段内保留全面的版本历史记录页面，过期之后，OneNote 将保留版本历史记录空白页面。\n\n如果禁用或不配置此策略设置，则 OneNote 将保留全面的版本历史记录页面 2 天，过期之后，OneNote 将保留版本历史记录空白页面。\n","tags":["L_VersionsAndRecyleBin","L_OneNoteOptions","L_MicrosoftOfficeOneNote"],"application":"onent16","key":"software\\microsoft\\office\\16.0\\onenote\\options\\versions"},{"parentCategory":{"ref":"L_VersionsAndRecyleBin"},"supportedOn":{"ref":"windows:SUPPORTED_Windows7"},"elements":{"items":[{"valueName":"daysofhourlyversions","minValue":0,"minValueSpecified":true,"maxValue":365,"maxValueSpecified":true,"inputType":"decimalTextBox","caption":"回退天数","id":"L_DaysOfHourlyVersionsNotToPruneAfterDaysBackSpinID"}]},"name":"L_DaysOfHourlyVersionsNotToPruneAfterDaysBack","displayName":"天数回退后不删除每小时版本的天数","explainText":"通过此策略设置，你可以设置天数回退后不删除的每小时版本数。通过 2016 格式笔记本，OneNote 将自动存储笔记本中的之前版本的页面，同时将存储所有已删除页面和分区的回收站。\n\n如果启用此策略设置，你可以指定天数回退设置后保留每小时版本的天数。此值指定为了保留每小时版本历史记录信息晚于 \"DaysOfAllVersions\" 的天数。用户将为 \"DaysOfAllVersions\" 后的此天数每小时保留一个版本。\n\n如果禁用或不配置此策略设置，OneNote 将保留过去 5 天的每小时版本。","tags":["L_VersionsAndRecyleBin","L_OneNoteOptions","L_MicrosoftOfficeOneNote"],"application":"onent16","key":"software\\microsoft\\office\\16.0\\onenote\\options\\versions"},{"parentCategory":{"ref":"L_VersionsAndRecyleBin"},"supportedOn":{"ref":"windows:SUPPORTED_Windows7"},"elements":{"items":[{"valueName":"maxuniquedayversions","minValue":0,"minValueSpecified":true,"maxValue":365,"maxValueSpecified":true,"inputType":"decimalTextBox","caption":"版本最大数目","id":"L_MaximumNumberOfOncePerDayVersionHistoryItemsKeptSpinID"}]},"name":"L_MaximumNumberOfOncePerDayVersionHistoryItemsKept","displayName":"一天一次版本历史记录项目的最大保留数","explainText":"通过此策略设置，你可以设置每页要保留的一天一次历史记录项目的数目。通过 2016 格式笔记本，OneNote 将自动存储笔记本中的之前版本的页面，同时将存储所有已删除页面和分区的回收站。\n\n如果启用此策略设置，你可以设置每天要保留的版本数。如果你将值设置为 -1，这将通知 OneNote 保留所有旧的一天一次版本历史记录项目。\n \n如果禁用或不配置此策略设置，OneNote 将在过去的每天保留过去 10 天的页面。","tags":["L_VersionsAndRecyleBin","L_OneNoteOptions","L_MicrosoftOfficeOneNote"],"application":"onent16","key":"software\\microsoft\\office\\16.0\\onenote\\options\\versions"},{"parentCategory":{"ref":"L_VersionsAndRecyleBin"},"supportedOn":{"ref":"windows:SUPPORTED_Windows7"},"elements":{"items":[{"valueName":"deleteallversionsafter","minValue":0,"minValueSpecified":true,"maxValue":365,"maxValueSpecified":true,"inputType":"decimalTextBox","caption":"回退以保留版本的天数","id":"L_DaysBackToKeepInVersionHistorySpinID"}]},"name":"L_DaysBackToKeepInVersionHistory","displayName":"回退以保留在版本历史记录的天数","explainText":"通过此策略设置，你可以设置删除此值前创建的所有版本历史记录项目的天数。通过 2016 格式笔记本，OneNote 将自动存储笔记本中的之前版本的页面，同时将存储所有已删除页面和分区的回收站。\n\n如果启用此策略设置，你可以设置回退以删除版本历史记录的天数。\n\n如果禁用或不配置此策略设置，OneNote 将默认保留过去所有天数的之前版本。这是默认值 -1。","tags":["L_VersionsAndRecyleBin","L_OneNoteOptions","L_MicrosoftOfficeOneNote"],"application":"onent16","key":"software\\microsoft\\office\\16.0\\onenote\\options\\versions"},{"parentCategory":{"ref":"L_VersionsAndRecyleBin"},"supportedOn":{"ref":"windows:SUPPORTED_Windows7"},"elements":{"items":[{"valueName":"daystokeeprecycleditems","minValue":0,"minValueSpecified":true,"maxValue":365,"maxValueSpecified":true,"inputType":"decimalTextBox","caption":"回退以将项目保留在回收站的天数","id":"L_DaysBackToKeepItemsInRecycleBinSpinID"}]},"name":"L_DaysBackToKeepItemsInRecycleBin","displayName":"回退以将项目保留在回收站的天数","explainText":"通过此策略设置，你可以设置删除版本历史记录后删除值前添加到回收站的所有项目的天数。通过 2016 格式笔记本，OneNote 将自动存储笔记本中的之前版本的页面，同时将存储所有已删除页面和分区的回收站。\n\n如果启用此策略设置，你可以设置保留回收站项目的过去的天数。\n\n如果不配置此策略设置，OneNote 将使用过去的 60 天默认值。","tags":["L_VersionsAndRecyleBin","L_OneNoteOptions","L_MicrosoftOfficeOneNote"],"application":"onent16","key":"software\\microsoft\\office\\16.0\\onenote\\options\\versions"},{"parentCategory":{"ref":"L_Other"},"supportedOn":{"ref":"windows:SUPPORTED_Windows7"},"elements":{"items":[{"valueName":"folderpollinterval","minValue":1,"minValueSpecified":true,"maxValue":3600,"maxValueSpecified":true,"inputType":"decimalTextBox","caption":"轮询服务器的间隔(秒)","id":"L_SetUNCIntervalToPollForChangesOnFileServersSpinID"}]},"name":"L_SetUNCIntervalToPollForChangesOnFileServers","displayName":"设置 UNC 间隔以轮询文件服务器上的更改","explainText":"通过此策略设置，您可以更改 OneNote 轮询服务器上的更改的同步间隔。当 OneNote 同步 UNC 上的笔记本时，也称为 SMB 或 Windows 文件共享，OneNote 将接收来自该文件服务器上的通知，以及轮询该服务器以查找该服务器上的新更新。\n\n通过加快该间隔，OneNote 同步可加快，但是也可能导致该服务器出现性能问题。\n\n如果启用此策略设置，您可以指定 OneNote 将轮询的秒数。\n\n如果禁用或未配置此策略设置，OneNote 将每 30 秒自动轮询一次。","tags":["L_Other","L_OneNoteOptions","L_MicrosoftOfficeOneNote"],"application":"onent16","key":"software\\microsoft\\office\\16.0\\onenote\\options\\save"},{"parentCategory":{"ref":"L_Other"},"supportedOn":{"ref":"windows:SUPPORTED_Windows7"},"enabledValue":{"decimal":{"value":0}},"disabledValue":{"decimal":{"value":1}},"name":"L_TurnOffOneNoteAutoLinkedNoteTaking","displayName":"禁用 OneNote 自动链接的笔记记录","explainText":"此策略设置可禁用 OneNote 自动链接的笔记记录功能，您可以在诸如网页、Word 文档等项目记录笔记。当您记录此笔记时，OneNote 将自动记录您正在查看的网页或文档。\n\n如果启用此策略设置，当用户尝试启用此功能时，OneNote 不会自动链接笔记。\n\n如果禁用或未配置此策略设置，当用户尝试启用此功能时，OneNote 会自动链接笔记。","tags":["L_Other","L_OneNoteOptions","L_MicrosoftOfficeOneNote"],"application":"onent16","key":"software\\microsoft\\office\\16.0\\onenote\\options\\linkednotes","valueName":"autolink"},{"parentCategory":{"ref":"L_Other"},"supportedOn":{"ref":"windows:SUPPORTED_Windows7"},"enabledValue":{"decimal":{"value":1}},"disabledValue":{"decimal":{"value":0}},"name":"L_DisableOCR","displayName":"禁用 OCR","explainText":"此策略可禁用 OneNote 图像光学字符识别(OCR)功能。通过 OCR 功能，OneNote 可以自动扫描图像以查找文本，并将找到的文本在搜索结果中显示。","tags":["L_Other","L_OneNoteOptions","L_MicrosoftOfficeOneNote"],"application":"onent16","key":"software\\microsoft\\office\\16.0\\onenote\\options\\other","valueName":"disableocr"},{"parentCategory":{"ref":"L_Other"},"supportedOn":{"ref":"windows:SUPPORTED_Windows7"},"elements":{"items":[{"valueName":"blockedextensions","requiredSpecified":false,"expandableSpecified":false,"maxLength":2147483647,"maxLengthSpecified":false,"inputType":"textBox","caption":"","id":"L_empty12"}]},"name":"L_EmbeddedFilesBlockedExtensions","displayName":"嵌入式文件阻止扩展名","explainText":"若要禁止组织中的用户从 Microsoft OneNote 页打开特定文件类型的文件附件，请使用以下格式添加要禁用的扩展名:“.ext1;.ext2;”；如果要禁止从 OneNote 页打开任何附件，请参阅“禁用嵌入式文件”策略。不能使用此策略阻止嵌入式录音和录像(WMA 和 WMV)，请参阅“禁用嵌入式文件”策略。","tags":["L_Other","L_OneNoteOptions","L_MicrosoftOfficeOneNote"],"application":"onent16","key":"software\\microsoft\\office\\16.0\\onenote\\options\\embeddedfileopenoptions"},{"parentCategory":{"ref":"L_Other"},"supportedOn":{"ref":"windows:SUPPORTED_Windows7"},"elements":{"items":[{"valueName":"addnotebooks","requiredSpecified":false,"expandableSpecified":false,"maxLength":2147483647,"maxLengthSpecified":false,"inputType":"textBox","caption":"","id":"L_empty13"}]},"name":"L_Loadanotebookonfirstboot","displayName":"首次启动时加载笔记本","explainText":"指向包含应在首次启动时加载的笔记本的文件夹。","tags":["L_Other","L_OneNoteOptions","L_MicrosoftOfficeOneNote"],"application":"onent16","key":"software\\microsoft\\office\\16.0\\onenote\\options\\other"},{"parentCategory":{"ref":"L_Other"},"supportedOn":{"ref":"windows:SUPPORTED_Windows7"},"enabledValue":{"decimal":{"value":1}},"disabledValue":{"decimal":{"value":0}},"name":"L_Disableembeddedfiles","displayName":"禁用嵌入式文件","explainText":"禁用在 OneNote 页中嵌入文件的功能，使用户无法传输防病毒软件等可能捕获不到的文件。注意: 此策略将仅限制 OneNote 用户界面中的嵌入文件，如果页面中有嵌入文件，OneNote 仍将在文件系统中同步并复制该嵌入文件。","tags":["L_Other","L_OneNoteOptions","L_MicrosoftOfficeOneNote"],"application":"onent16","key":"software\\microsoft\\office\\16.0\\onenote\\options","valueName":"disableembeddedfiles"},{"parentCategory":{"ref":"L_Other"},"supportedOn":{"ref":"windows:SUPPORTED_Windows7"},"enabledValue":{"decimal":{"value":1}},"disabledValue":{"decimal":{"value":0}},"name":"L_DisableOneNotescreenclippingnotifications","displayName":"禁用 OneNote 屏幕剪辑通知","explainText":"禁用所有 OneNote 屏幕剪辑通知。","tags":["L_Other","L_OneNoteOptions","L_MicrosoftOfficeOneNote"],"application":"onent16","key":"software\\microsoft\\office\\16.0\\onenote\\options\\other","valueName":"disablescreenclippingballoon"},{"parentCategory":{"ref":"L_Other"},"supportedOn":{"ref":"windows:SUPPORTED_Windows7"},"enabledValue":{"decimal":{"value":1}},"disabledValue":{"decimal":{"value":0}},"name":"L_DisableOneNoteScreenClippings","displayName":"禁用 OneNote 屏幕剪辑","explainText":"禁用 OneNote 的屏幕剪辑功能。","tags":["L_Other","L_OneNoteOptions","L_MicrosoftOfficeOneNote"],"application":"onent16","key":"software\\microsoft\\office\\16.0\\onenote\\options\\other","valueName":"disablescreenclippings"},{"parentCategory":{"ref":"L_Other"},"supportedOn":{"ref":"windows:SUPPORTED_Windows7"},"elements":{"items":[{"valueName":"inaccessibleserverdaysbeforewarn","minValue":0,"minValueSpecified":true,"maxValue":30,"maxValueSpecified":true,"inputType":"decimalTextBox","id":"L_empty14"}]},"name":"L_Numberofdaysbeforewarningthatserveris","displayName":"发出服务器不可访问警告之前的天数","explainText":"设置 OneNote 发出服务器不可访问的警告，并提示为受影响文件提供新位置之前的天数。","tags":["L_Other","L_OneNoteOptions","L_MicrosoftOfficeOneNote"],"application":"onent16","key":"software\\microsoft\\office\\16.0\\onenote\\options\\synchronization"},{"parentCategory":{"ref":"L_Other"},"supportedOn":{"ref":"windows:SUPPORTED_Windows7"},"elements":{"items":[{"valueName":"sharepointsyncinterval","minValue":10,"minValueSpecified":true,"maxValue":604800,"maxValueSpecified":true,"inputType":"decimalTextBox","id":"L_empty15"}]},"name":"L_SharePointsyncinterval","displayName":"SharePoint 中存储的笔记本的 SharePoint 同步间隔","explainText":"限制 OneNote 在 SharePoint 网站上轮询分区更改的次数。请输入同步间隔(秒)。","tags":["L_Other","L_OneNoteOptions","L_MicrosoftOfficeOneNote"],"application":"onent16","key":"software\\microsoft\\office\\16.0\\onenote\\options\\save"},{"parentCategory":{"ref":"L_Other"},"supportedOn":{"ref":"windows:SUPPORTED_Windows7"},"elements":{"items":[{"valueName":"sharepointbackgroundsyncintervalmultiplier","minValue":1,"minValueSpecified":true,"maxValue":10,"maxValueSpecified":true,"inputType":"decimalTextBox","id":"L_empty16"}]},"name":"L_SharePointbackgroundsyncintervalmultiplier","displayName":"存储在 SharePoint 上的笔记本的后台同步间隔的倍数","explainText":"通过此策略设置，可增加 SharePoint 网站的后台轮询间隔，以便对笔记本进行更改。\n\n如果启用此策略设置，OneNote 将以较低的频率轮询 SharePoint，以对整个笔记本进行更改。间隔乘以输入值，即从 1 到 10 的正整数值。较大的间隔会使笔记本同步变慢，但会降低服务器负载。\n\n如果禁用或未配置此策略设置，OneNote 将按默认费率（倍数值 1）同步笔记本。\n\n注意：此策略设置仅适用于使用 Windows Installer（MSI）的 Office 2016 的批量许可版本，例如 Office 专业增强版 2016和 Office 标准版 2016。","tags":["L_Other","L_OneNoteOptions","L_MicrosoftOfficeOneNote"],"application":"onent16","key":"software\\microsoft\\office\\16.0\\onenote\\options\\save"},{"parentCategory":{"ref":"L_Other"},"supportedOn":{"ref":"windows:SUPPORTED_Windows7"},"elements":{"items":[{"valueName":"sharepointlivesyncintervalmultiplier","minValue":1,"minValueSpecified":true,"maxValue":10,"maxValueSpecified":true,"inputType":"decimalTextBox","id":"L_empty17"}]},"name":"L_SharePointlivesyncintervalmultiplier","displayName":"SharePoint 上存储的当前已查看分区的前台同步间隔的倍数","explainText":"通过此策略设置，可增加 SharePoint 网站的前台轮询间隔，以便对当前查看的分区的更改。\n\n如果启用此策略设置，OneNote 将以较低的频率轮询SharePoint，以查看对当前查看部分的更改。间隔乘以输入值，即从 1 到 10 的正整数值。较大的间隔会降低部分同步，但会降低服务器负载。\n\n如果禁用或未配置此策略设置，OneNote 将按默认费率（倍数值 1）同步当前查看的分区。\n\n注意：此策略设置仅适用于使用 Windows Installer（MSI）的Office 2016 的批量许可版本，例如 Office 专业增强版 2016和 Office 标准版 2016。","tags":["L_Other","L_OneNoteOptions","L_MicrosoftOfficeOneNote"],"application":"onent16","key":"software\\microsoft\\office\\16.0\\onenote\\options\\save"},{"parentCategory":{"ref":"L_Other"},"supportedOn":{"ref":"windows:SUPPORTED_Windows7"},"elements":{"items":[{"valueName":"sharepointpresenceintervalmultiplier","minValue":1,"minValueSpecified":true,"maxValue":10,"maxValueSpecified":true,"inputType":"decimalTextBox","id":"L_empty18"}]},"name":"L_SharePointpresenceintervalmultiplier","displayName":"存储在 SharePoint 上的笔记本的状态同步间隔的倍数","explainText":"通过此策略设置，可增加 SharePoint 的轮询间隔，以确定笔记本的活跃用户。当其他用户与笔记本交互时，OneNote 将以更快的速度同步笔记本。\n\n如果启用此策略设置，OneNote 将减少对 SharePoint 的轮询频率，以确定当前是否有其他用户与笔记本交互。间隔乘以输入值，即从 1 到 10 的正整数值。较大的间隔会减慢笔记本中的并行用户检测，但会降低服务器负载。\n\n如果禁用或未配置此策略设置，OneNote 将按默认速率（倍数值 1）轮询笔记本的活跃用户。\n\n注意：此策略设置仅适用于使用 Windows Installer（MSI）的Office 2016 的批量许可版本，例如 Office 专业增强版 2016和 Office 标准版 2016。","tags":["L_Other","L_OneNoteOptions","L_MicrosoftOfficeOneNote"],"application":"onent16","key":"software\\microsoft\\office\\16.0\\onenote\\options\\save"},{"parentCategory":{"ref":"L_Other"},"supportedOn":{"ref":"windows:SUPPORTED_Windows7"},"elements":{"items":[{"item":[{"value":{"decimal":{"value":0}},"displayName":"英寸"},{"value":{"decimal":{"value":1}},"displayName":"厘米"},{"value":{"decimal":{"value":2}},"displayName":"毫米"},{"value":{"decimal":{"value":3}},"displayName":"磅"},{"value":{"decimal":{"value":4}},"displayName":"十二点活字"}],"valueName":"measurementunit","inputType":"dropdownList","caption":"指定默认度量单位:","id":"L_Specifydefaultunitofmeasurement"}]},"name":"L_DefaultunitofmeasurementusedinOneNote","displayName":"OneNote 中使用的默认度量单位","explainText":"设置“度量单位”选项的值。","tags":["L_Other","L_OneNoteOptions","L_MicrosoftOfficeOneNote"],"application":"onent16","key":"software\\microsoft\\office\\16.0\\onenote\\options\\other"},{"parentCategory":{"ref":"L_Other"},"supportedOn":{"ref":"windows:SUPPORTED_Windows7"},"enabledValue":{"decimal":{"value":1}},"disabledValue":{"decimal":{"value":0}},"name":"L_AddOneNoteicontonotificationarea","displayName":"为通知区域添加 OneNote 图标","explainText":"选中/取消选中“将 OneNote 图标放在任务栏中的通知区域”选项。","tags":["L_Other","L_OneNoteOptions","L_MicrosoftOfficeOneNote"],"application":"onent16","key":"software\\microsoft\\office\\16.0\\onenote\\options\\other","valueName":"runsystemtrayapp"},{"parentCategory":{"ref":"L_Other"},"supportedOn":{"ref":"windows:SUPPORTED_Windows7"},"enabledValue":{"decimal":{"value":0}},"disabledValue":{"decimal":{"value":1}},"name":"L_NotebookPresence","displayName":"笔记本状态","explainText":"此策略设置启用或禁用 OneNote 中的“笔记本状态”功能，该功能可广播笔记本中的用户状态，并为编辑相同页面的用户启用实时同步。注意: 在 OneNote 重新启动之前，对此策略所做的任何更改不会生效。\n\n如果启用或不配置此策略设置，当多个用户编辑笔记本中的相同页面时将收到通知。当发现多个用户正在编辑相同页面时，OneNote 也会执行实时同步。\n\n如果禁用此策略设置，当多个用户编辑笔记本中的相同页面时不会收到通知。当多个用户正在编辑相同页面时，OneNote 不会执行实时同步。","tags":["L_Other","L_OneNoteOptions","L_MicrosoftOfficeOneNote"],"application":"onent16","key":"software\\microsoft\\office\\16.0\\onenote\\options","valueName":"disablepresence"},{"parentCategory":{"ref":"L_Other"},"supportedOn":{"ref":"windows:SUPPORTED_Windows7"},"elements":{"items":[{"valueName":"insertedfilesdisallowembeddingsizethreshold","minValue":10485760,"minValueSpecified":true,"maxValue":2147483648,"maxValueSpecified":true,"inputType":"decimalTextBox","id":"L_EmbeddedFileSizeLimit"}]},"name":"L_SpecifyEmbeddedFileSizeLimit","displayName":"嵌入的文件大小限制","explainText":"此策略设置允许您指定用户可直接插入到 SharePoint 服务器上 OneNote 笔记本中的嵌入文件的最大大小。\n\n如果启用此策略设置，您可以增加或减少默认的 50 MB 最大文件大小。\n\n如果增加此值，用户可以直接在笔记本中插入较大的文件，但此操作可能会降低服务器性能。 \n\n如果减少此值，则用户只能直接在笔记本中插入较小的文件，若 OneNote 同步生成大量流量，此操作可能会提高服务器性能。\n\n如果禁用或不配置此策略设置，则用户无法在 OneNote 笔记本中插入大于 50MB 的文件。而是将此文件被上载到 SharePoint 文件夹中并作为超链接插入笔记本中。","tags":["L_Other","L_OneNoteOptions","L_MicrosoftOfficeOneNote"],"application":"onent16","key":"software\\microsoft\\office\\16.0\\onenote\\general"},{"parentCategory":{"ref":"L_Other"},"supportedOn":{"ref":"windows:SUPPORTED_Windows_6_3_NOARM"},"enabledValue":{"decimal":{"value":1}},"disabledValue":{"decimal":{"value":0}},"name":"L_DisableSupportDiagnostics","displayName":"在 OneNote 中关闭支持诊断","explainText":"此策略设置控制 OneNote 是否发送客户端信息以在故障时支持服务。\n\n在失败时发送客户端信息以支持服务可以帮助诊断问题、提供解决步骤，或向用户展示上下文错误消息。\n\n如果启用此策略设置，OneNote 不会发送客户端信息以在故障时支持服务。\n\n如果禁用或未配置此策略设置，OneNote 将发送客户端信息以在故障时支持服务。\n\n注意: 此策略设置仅适用于 OneNote 版本 2207 及更高版本。","tags":["L_Other","L_OneNoteOptions","L_MicrosoftOfficeOneNote"],"application":"onent16","key":"software\\microsoft\\office\\16.0\\onenote\\general","valueName":"disablesupportdiagnostics"},{"parentCategory":{"ref":"L_Editing"},"supportedOn":{"ref":"windows:SUPPORTED_Windows7"},"enabledValue":{"decimal":{"value":1}},"disabledValue":{"decimal":{"value":0}},"name":"L_OneNoteTextPrediction","displayName":"OneNote 文本预测","explainText":"\n此策略设置可控制用户在 OneNote 中使用英语撰写笔记时是否可以看到并能够接受文本预测。\n\n如果启用或未配置此策略设置，则用户将可以在撰写笔记时使用 Tab 键或向右键查看和接受预测文本。或者，他们只需继续键入即可忽略预测文本。\n\n如果禁用此策略设置，则用户在撰写笔记时将无法查看或接受文本预测。\n\n注意: 此策略设置仅适用于 Office 的订阅版本，例如 Microsoft 365 企业应用版。\n      ","tags":["L_Editing","L_OneNoteOptions","L_MicrosoftOfficeOneNote"],"application":"onent16","key":"software\\microsoft\\office\\16.0\\onenote\\options\\editing","valueName":"textprediction"},{"parentCategory":{"ref":"L_Other"},"supportedOn":{"ref":"windows:SUPPORTED_Windows7"},"enabledValue":{"decimal":{"value":1}},"disabledValue":{"decimal":{"value":0}},"name":"L_TurnOffNewStickyNotesInOneNote","displayName":"禁用新的便笺体验","explainText":"此策略控制用户从 OneNote 访问新便笺体验的能力。\n\n如果启用此策略设置，用户将无法从 OneNote 访问新的便笺体验。\n\n如果禁用此策略设置，则用户可以从 OneNote 访问新的便笺体验。\n\n如果不设置此策略设置， 用户可以从 OneNote 访问新的便笺体验。\n\n注意: 此策略不会影响 Microsoft Store 上提供的经典Microsoft 便笺应用。此外，禁用或不设置此策略并不能保证能从 OneNote 访问新的便笺体验。","tags":["L_Other","L_OneNoteOptions","L_MicrosoftOfficeOneNote"],"application":"onent16","key":"software\\microsoft\\office\\16.0\\onenote\\options\\other","valueName":"ismemorywindowdisabled"},{"parentCategory":{"ref":"L_Other"},"supportedOn":{"ref":"windows:SUPPORTED_Windows7"},"enabledValue":{"decimal":{"value":1}},"disabledValue":{"decimal":{"value":0}},"name":"L_OneNoteSensitivityLabels","displayName":"启用 OneNote 敏感度标签","explainText":"此策略设置控制是否可以为 OneNote 分区启用 Purview 敏感度标签功能。\n\n如果启用此策略，则用户可以使用受支持的 Purview 功能，如手动标记、标签删除或默认标签，将敏感度标签应用到 OneNote 分区，并帮助保护敏感信息。目前不支持强制标签、自动标记和动态水印。\n\n如果禁用此策略，则用户将无法在 OneNote 分区中应用、更改或删除敏感度标签。\n\n如果未配置此策略设置，则用户将无法在 OneNote 分区中应用、更改或删除敏感度标签。","tags":["L_Other","L_OneNoteOptions","L_MicrosoftOfficeOneNote"],"application":"onent16","key":"software\\microsoft\\office\\16.0\\onenote\\options\\other","valueName":"sensitivitylabels"}]}