{"categories":[{"name":"L_MicrosoftVisio","displayName":"Visio"},{"parentCategory":{"ref":"L_MicrosoftVisio"},"name":"L_VisioOptions","displayName":"Visio 옵션"},{"parentCategory":{"ref":"L_VisioOptions"},"name":"L_General","displayName":"일반"},{"parentCategory":{"ref":"L_General"},"name":"L_UserInterfaceOptions","displayName":"사용자 인터페이스 옵션"},{"parentCategory":{"ref":"L_VisioOptions"},"name":"L_Save","displayName":"저장"},{"parentCategory":{"ref":"L_Save"},"name":"L_OfflineEditing","displayName":"오프라인으로 편집"},{"parentCategory":{"ref":"L_Save"},"name":"L_SaveDocuments","displayName":"문서 저장"},{"parentCategory":{"ref":"L_VisioOptions"},"name":"L_Proofing","displayName":"언어 교정"},{"parentCategory":{"ref":"L_Proofing"},"name":"L_AutoCorrectOptions","displayName":"자동 고침 옵션"},{"parentCategory":{"ref":"L_VisioOptions"},"name":"L_OptionsCustomizeRibbon","displayName":"리본 사용자 지정"},{"parentCategory":{"ref":"L_VisioOptions"},"name":"L_Security","displayName":"보안"},{"parentCategory":{"ref":"L_Security"},"name":"L_TrustCenter","displayName":"보안 센터"},{"parentCategory":{"ref":"L_TrustCenter"},"name":"L_FileBlockSettings","displayName":"고급 파일 설정"},{"parentCategory":{"ref":"L_Security"},"name":"L_MacroSecurity","displayName":"매크로 보안"},{"parentCategory":{"ref":"L_VisioOptions"},"name":"L_Advanced","displayName":"고급"},{"parentCategory":{"ref":"L_Advanced"},"name":"L_FileLocations","displayName":"파일 위치"},{"parentCategory":{"ref":"L_Advanced"},"name":"L_Display","displayName":"표시"},{"parentCategory":{"ref":"L_Advanced"},"name":"L_EditingOptions","displayName":"편집 옵션"},{"parentCategory":{"ref":"L_Advanced"},"name":"L_SaveOpen","displayName":"저장/열기"},{"parentCategory":{"ref":"L_Advanced"},"name":"L_ShapeSearch","displayName":"셰이프 검색"},{"parentCategory":{"ref":"L_Advanced"},"name":"L_GeneralOptions","displayName":"일반 옵션"},{"parentCategory":{"ref":"L_MicrosoftVisio"},"name":"L_Customizableerrormessages","displayName":"사용자 지정할 수 있는 오류 메시지"},{"parentCategory":{"ref":"L_MicrosoftVisio"},"name":"L_Disableitemsinuserinterface","displayName":"사용자 인터페이스의 항목 사용 안 함"},{"parentCategory":{"ref":"L_Disableitemsinuserinterface"},"name":"L_Custom","displayName":"사용자 지정"},{"parentCategory":{"ref":"L_MicrosoftVisio"},"name":"L_Miscellaneous","displayName":"기타"}],"policies":[{"parentCategory":{"ref":"L_Display"},"supportedOn":{"ref":"windows:SUPPORTED_Windows7"},"enabledValue":{"string":"0"},"disabledValue":{"string":"1"},"name":"L_PreventShowingNewScreenOnLaunch","displayName":"시작 시에 새로 만들기 화면 표시 안 함","explainText":"이 정책 설정을 통해 Visio 시작 시에 [새로 만들기] 화면이 표시되지 않게 할 수 있습니다.\n\n이 정책 설정을 사용하면 시작 시에 [새로 만들기] 화면이 표시되지 않습니다.\n\n이 정책 설정을 사용하지 않거나 구성하지 않으면 Visio를 시작할 때 템플릿 카탈로그를 포함하는 [새로 만들기] 화면이 표시됩니다.","tags":["L_Display","L_Advanced","L_VisioOptions","L_MicrosoftVisio"],"application":"visio16","key":"software\\microsoft\\office\\16.0\\visio\\application","valueName":"showtemplatepanebydefault"},{"parentCategory":{"ref":"L_Display"},"supportedOn":{"ref":"windows:SUPPORTED_Windows7"},"enabledValue":{"string":"1"},"disabledValue":{"string":"0"},"name":"L_SmartTags","displayName":"작업","explainText":"그림에서 해당 항목을 가리키면  추가 작업을 표시합니다.","tags":["L_Display","L_Advanced","L_VisioOptions","L_MicrosoftVisio"],"application":"visio16","key":"software\\microsoft\\office\\16.0\\visio\\application","valueName":"showsmarttags"},{"parentCategory":{"ref":"L_Display"},"supportedOn":{"ref":"windows:SUPPORTED_Windows7"},"enabledValue":{"string":"1"},"disabledValue":{"string":"0"},"name":"L_StencilwindowScreenTips","displayName":"스텐실 창 화면 설명","explainText":"스텐실 창에서 셰이프를 확인할 수 있도록 화면 설명을 Visio에 표시할지 여부를 지정합니다(화면 설명: Visio 프로그램에서 스텐실의 마스터, 도구 모음 단추, 눈금자 등의 특정 요소 위에 마우스 포인터를 놓으면 나타나는 팁).","tags":["L_Display","L_Advanced","L_VisioOptions","L_MicrosoftVisio"],"application":"visio16","key":"software\\microsoft\\office\\16.0\\visio\\application","valueName":"tipsstencil"},{"parentCategory":{"ref":"L_Display"},"supportedOn":{"ref":"windows:SUPPORTED_Windows7"},"elements":{"items":[{"item":[{"value":{"string":"51"},"displayName":"파이카"},{"value":{"string":"50"},"displayName":"포인트"},{"value":{"string":"54"},"displayName":"키케로"},{"value":{"string":"53"},"displayName":"디도"}],"valueName":"measurementsystem_text","inputType":"dropdownList","caption":"텍스트","id":"L_text7"}]},"name":"L_Text","displayName":"텍스트","explainText":"들여쓰기, 줄 간격 및 기타 텍스트 단위를 지정합니다. 형식 크기의 기본 단위는 포인트입니다(1포인트 = 1/72인치). 다른 단위로 형식 크기를 입력할 수 있지만(예: 1피트 또는 12인치) 기본값을 변경할 수는 없습니다.","tags":["L_Display","L_Advanced","L_VisioOptions","L_MicrosoftVisio"],"application":"visio16","key":"software\\microsoft\\office\\16.0\\visio\\document"},{"parentCategory":{"ref":"L_Display"},"supportedOn":{"ref":"windows:SUPPORTED_Windows7"},"elements":{"items":[{"item":[{"value":{"string":"81"},"displayName":"도"},{"value":{"string":"82"},"displayName":"도-분-초"},{"value":{"string":"84"},"displayName":"분-초"},{"value":{"string":"85"},"displayName":"초"},{"value":{"string":"83"},"displayName":"라디안"}],"valueName":"measurementsystem_angle","inputType":"dropdownList","caption":"각도","id":"L_angle8"}]},"name":"L_Angle","displayName":"각도","explainText":"회전 각도 단위를 지정합니다.","tags":["L_Display","L_Advanced","L_VisioOptions","L_MicrosoftVisio"],"application":"visio16","key":"software\\microsoft\\office\\16.0\\visio\\document"},{"parentCategory":{"ref":"L_Display"},"supportedOn":{"ref":"windows:SUPPORTED_Windows7"},"elements":{"items":[{"item":[{"value":{"string":"43"},"displayName":"주"},{"value":{"string":"44"},"displayName":"일"},{"value":{"string":"45"},"displayName":"시간"},{"value":{"string":"46"},"displayName":"분"},{"value":{"string":"47"},"displayName":"초"}],"valueName":"measurementsystem_duration","inputType":"dropdownList","caption":"기간","id":"L_duration9"}]},"name":"L_Duration","displayName":"기간","explainText":"기간(특정 날짜 또는 지정된 시간과 비교한 경과 시간)의 단위를 지정합니다.","tags":["L_Display","L_Advanced","L_VisioOptions","L_MicrosoftVisio"],"application":"visio16","key":"software\\microsoft\\office\\16.0\\visio\\document"},{"parentCategory":{"ref":"L_Display"},"supportedOn":{"ref":"windows:SUPPORTED_Windows7"},"enabledValue":{"string":"1"},"disabledValue":{"string":"0"},"name":"L_AlwaysofferMetricandUSunitsfornewblankdrawings","displayName":"새 빈 드로잉과 스텐실에 항상 '미터법'과 '미국 단위' 제공","explainText":"이 정책 설정을 통해 빈 드로잉이나 스텐실을 새로 만들 때 미국 단위와 미터법 단위를 모두 표시할 수 있습니다.\n\n이 정책 설정을 사용하면 빈 드로잉이나 스텐실을 새로 만들기 전에 미국 단위와 미터법 단위가 모두 선택 항목으로 표시됩니다. 이러한 드로잉은 적절한 눈금자 및 페이지 설정과 함께 열리며 적절한 단위를 드로잉 도구로 사용합니다. 서식 파일과 스텐실이 두 가지 단위 유형으로 모두 설치되지는 않습니다. 이 정책 설정은 [개발 도구] 탭이 설정되어 있는 경우 항상 사용됩니다.\n\n이 정책 설정을 사용하지 않거나 구성하지 않으면 한 가지 단위 유형의 서식 파일과 스텐실만 설치되어 있는 경우 빈 드로잉이나 스텐실을 만들 때 단위 선택 항목이 표시되지 않습니다.","tags":["L_Display","L_Advanced","L_VisioOptions","L_MicrosoftVisio"],"application":"visio16","key":"software\\microsoft\\office\\16.0\\visio\\application","valueName":"offermetricandus"},{"parentCategory":{"ref":"L_UserInterfaceOptions"},"supportedOn":{"ref":"windows:SUPPORTED_Windows7"},"enabledValue":{"string":"0"},"disabledValue":{"string":"1"},"name":"L_DoNotShowMiniToolbarOnSelectionOfText","displayName":"텍스트 선택 영역에 미니 도구 모음 표시 안 함","explainText":"이 정책 설정을 통해 텍스트 선택 영역에 미니 도구 모음을 구성할 수 있습니다.\n\n이 정책 설정을 사용하면 선택 영역에 미니 도구 모음이 표시되지 않습니다.\n\n이 정책 설정을 사용하지 않거나 구성하지 않으면 선택 영역에 미니 도구 모음이 표시됩니다.","tags":["L_UserInterfaceOptions","L_General","L_VisioOptions","L_MicrosoftVisio"],"application":"visio16","key":"software\\microsoft\\office\\16.0\\visio\\application","valueName":"showminitoolbar"},{"parentCategory":{"ref":"L_UserInterfaceOptions"},"supportedOn":{"ref":"windows:SUPPORTED_Windows7"},"enabledValue":{"string":"0"},"disabledValue":{"string":"1"},"name":"L_TurnOffLivePreview","displayName":"실시간 미리 보기 해제","explainText":"이 정책 설정을 통해 다른 선택 영역을 마우스로 가리킬 때 기능이 문서에 미치는 영향을 미리 보여 주는 실시간 미리 보기를 구성할 수 있습니다.\n\n이 정책 설정을 사용하면 실시간 미리 보기가 해제됩니다.\n\n이 정책 설정을 사용하지 않거나 구성하지 않으면 실시간 미리 보기가 설정됩니다.","tags":["L_UserInterfaceOptions","L_General","L_VisioOptions","L_MicrosoftVisio"],"application":"visio16","key":"software\\microsoft\\office\\16.0\\visio\\application","valueName":"livepreview"},{"parentCategory":{"ref":"L_UserInterfaceOptions"},"supportedOn":{"ref":"windows:SUPPORTED_Windows7"},"enabledValue":{"string":"0"},"disabledValue":{"string":"1"},"name":"L_TurnOffLivePreviewInTheShapesWindow","displayName":"셰이프 창에서 실시간 미리 보기 해제","explainText":"이 정책 설정은 [셰이프] 창에서 테마 색상 및 효과를 포함하여 셰이프가 드로잉에서 가지게 될 세부 정보 및 색 농도로 셰이프를 미리 보여 주는 실시간 미리 보기를 해제합니다.\n\n이 정책 설정을 사용하면 [셰이프] 창에서 실시간 미리 보기가 해제됩니다.\n\n이 정책 설정을 사용하지 않거나 구성하지 않으면 [셰이프] 창에서 실시간 미리 보기가 설정됩니다.","tags":["L_UserInterfaceOptions","L_General","L_VisioOptions","L_MicrosoftVisio"],"application":"visio16","key":"software\\microsoft\\office\\16.0\\visio\\application","valueName":"livepreviewmasters"},{"parentCategory":{"ref":"L_EditingOptions"},"supportedOn":{"ref":"windows:SUPPORTED_Windows7"},"enabledValue":{"string":"1"},"disabledValue":{"string":"0"},"name":"L_ZoomonrollwithIntelliMouse","displayName":"IntelliMouse로 화면 확대/축소","explainText":"이 설정을 선택하면 Microsoft Intellimouse의 휠을 굴려 드로잉을 확대하거나 축소할 수 있습니다.","tags":["L_EditingOptions","L_Advanced","L_VisioOptions","L_MicrosoftVisio"],"application":"visio16","key":"software\\microsoft\\office\\16.0\\visio\\application","valueName":"zoomonroll"},{"parentCategory":{"ref":"L_EditingOptions"},"supportedOn":{"ref":"windows:SUPPORTED_Windows7"},"enabledValue":{"string":"1"},"disabledValue":{"string":"0"},"name":"L_Centerselectiononzoom","displayName":"확대/축소 시 선택 내용을 가운데로","explainText":"확대하는 경우 선택한 셰이프에 관계없이 창 가운데 나타나도록 지정합니다.","tags":["L_EditingOptions","L_Advanced","L_VisioOptions","L_MicrosoftVisio"],"application":"visio16","key":"software\\microsoft\\office\\16.0\\visio\\application","valueName":"zoommode"},{"parentCategory":{"ref":"L_EditingOptions"},"supportedOn":{"ref":"windows:SUPPORTED_Windows7"},"enabledValue":{"string":"1"},"disabledValue":{"string":"0"},"name":"L_Selectshapespartiallywithinarea","displayName":"영역 안에 부분적으로 들어온 셰이프도 선택","explainText":"선택망(드로잉 페이지에 있는 셰이프 주위의 상자 끌기)을 사용하여 셰이프를 선택한 경우 선택망에 부분적으로 들어온 셰이프도 포함할 수 있도록 선택 설정을 변경할 수 있습니다.","tags":["L_EditingOptions","L_Advanced","L_VisioOptions","L_MicrosoftVisio"],"application":"visio16","key":"software\\microsoft\\office\\16.0\\visio\\application","valueName":"areaselection"},{"parentCategory":{"ref":"L_EditingOptions"},"supportedOn":{"ref":"windows:SUPPORTED_Windows7"},"enabledValue":{"string":"1"},"disabledValue":{"string":"0"},"name":"L_Enablelivedynamics","displayName":"변형 과정 실시간으로 보여주기","explainText":"셰이프의 크기를 조정하거나 셰이프를 회전할 때 작업이 완료될 때까지 경계 상자만 보는 대신 변환된 셰이프 모양을 볼 수 있습니다.","tags":["L_EditingOptions","L_Advanced","L_VisioOptions","L_MicrosoftVisio"],"application":"visio16","key":"software\\microsoft\\office\\16.0\\visio\\application","valueName":"livemousedynamics"},{"parentCategory":{"ref":"L_EditingOptions"},"supportedOn":{"ref":"windows:SUPPORTED_Windows7"},"enabledValue":{"string":"1"},"disabledValue":{"string":"0"},"name":"L_Enalbeconnectorsplitting","displayName":"연결선 분할 가능","explainText":"셰이프를 연결선 위에 놓으면 연결선이 분할되고 분할된 각 선이 셰이프에 붙은 별도의 연결선이 됩니다. 모든 드로잉 형식에서 연결선 분할을 지원하는 것은 아닙니다.","tags":["L_EditingOptions","L_Advanced","L_VisioOptions","L_MicrosoftVisio"],"application":"visio16","key":"software\\microsoft\\office\\16.0\\visio\\application","valueName":"allowshapesplitting"},{"parentCategory":{"ref":"L_EditingOptions"},"supportedOn":{"ref":"windows:SUPPORTED_Windows7"},"enabledValue":{"string":"1"},"disabledValue":{"string":"0"},"name":"L_EnableAutoConnect","displayName":"자동 연결 사용","explainText":"해당 UI 옵션에서 값을 설정합니다.","tags":["L_EditingOptions","L_Advanced","L_VisioOptions","L_MicrosoftVisio"],"application":"visio16","key":"software\\microsoft\\office\\16.0\\visio\\application","valueName":"enableautoconnect"},{"parentCategory":{"ref":"L_EditingOptions"},"supportedOn":{"ref":"windows:SUPPORTED_Windows7"},"enabledValue":{"string":"0"},"disabledValue":{"string":"1"},"name":"L_ShowMoreHandles","displayName":"가리키면 더 많은 핸들 표시","explainText":"이 정책 설정을 통해 선택한 셰이프를 마우스로 가리킬 때 더 많은 셰이프 핸들이 표시되도록 할 수 있습니다.\n\n이 정책 설정을 사용하면 잠시 후에 더 많은 셰이프 핸들이 표시됩니다.\n\n이 정책 설정을 사용하지 않거나 구성하지 않으면 더 많은 셰이프 핸들이 표시되지 않습니다.\n","tags":["L_EditingOptions","L_Advanced","L_VisioOptions","L_MicrosoftVisio"],"application":"visio16","key":"software\\microsoft\\office\\16.0\\visio\\application","valueName":"handlebehavior"},{"parentCategory":{"ref":"L_SaveDocuments"},"supportedOn":{"ref":"windows:SUPPORTED_Windows7"},"enabledValue":{"string":"1"},"disabledValue":{"string":"0"},"name":"L_Promptfordocumentpropertiesonfirstsave","displayName":"처음 저장할 때 문서 속성 확인","explainText":"파일을 처음 저장할 때 [속성] 대화 상자를 열지 여부를 나타냅니다. 파일 속성에는 만든 이 이름과 파일 상태, 미리 보기 설정 및 기타 속성 등의 정보가 있습니다.","tags":["L_SaveDocuments","L_Save","L_VisioOptions","L_MicrosoftVisio"],"application":"visio16","key":"software\\microsoft\\office\\16.0\\visio\\application","valueName":"promptforsummaryinfo"},{"parentCategory":{"ref":"L_SaveOpen"},"supportedOn":{"ref":"windows:SUPPORTED_Windows7"},"elements":{"items":[{"item":[{"value":{"string":"0"},"displayName":"Visio 자체 결정 언어 사용"},{"value":{"string":"1"},"displayName":"언어 확인"},{"value":{"string":"2"},"displayName":"다음 언어 사용"}],"valueName":"fileconversionmode","inputType":"dropdownList","caption":"파일 변환용 언어","id":"L_languageforfileconversion5"},{"valueName":"fileconversionlanguage","requiredSpecified":false,"expandableSpecified":false,"maxLength":2147483647,"maxLengthSpecified":false,"inputType":"textBox","caption":"언어 사용:","id":"L_Uselanguage"}]},"name":"L_languageforfileconversion4","displayName":"파일 변환용 언어","explainText":"이 정책 설정은 Visio가 이전 버전의 Visio와 최신 버전 사이에서 변환할 때 사용할 언어를 결정하는 방식을 지정합니다. \n\n이 정책 설정을 사용하면 다음 옵션 중 하나를 선택할 수 있습니다.\n\n- Visio 자체 결정 언어 사용\n- 언어 확인\n- 다음 언어 사용: 해당 언어의 Microsoft LCID(로캘 ID) 번호를 지정해야 합니다.\n\n이 정책 설정을 사용하지 않거나 구성하지 않으면 사용할 언어가 Visio에서 결정됩니다.","tags":["L_SaveOpen","L_Advanced","L_VisioOptions","L_MicrosoftVisio"],"application":"visio16","key":"software\\microsoft\\office\\16.0\\visio\\application"},{"parentCategory":{"ref":"L_SaveOpen"},"supportedOn":{"ref":"windows:SUPPORTED_Windows7"},"enabledValue":{"string":"1"},"disabledValue":{"string":"0"},"name":"L_Showfilesavewarnings","displayName":"파일 저장 경고 메시지 표시","explainText":"잘못된 XML 코드와 같은 오류를 포함하고 있는 파일을 저장할 때 경고 메시지가 표시되는지 여부를 나타냅니다.","tags":["L_SaveOpen","L_Advanced","L_VisioOptions","L_MicrosoftVisio"],"application":"visio16","key":"software\\microsoft\\office\\16.0\\visio\\application","valueName":"showxmlsavewarnings"},{"parentCategory":{"ref":"L_SaveOpen"},"supportedOn":{"ref":"windows:SUPPORTED_Windows7"},"enabledValue":{"string":"1"},"disabledValue":{"string":"0"},"name":"L_Showfileopenwarnings","displayName":"파일 열기 경고 메시지 표시","explainText":"잘못된 XML 코드와 같은 오류를 포함하고 있는 파일을 열 때 경고 메시지가 표시되는지 여부를 나타냅니다.","tags":["L_SaveOpen","L_Advanced","L_VisioOptions","L_MicrosoftVisio"],"application":"visio16","key":"software\\microsoft\\office\\16.0\\visio\\application","valueName":"showxmlopenwarnings"},{"parentCategory":{"ref":"L_OptionsCustomizeRibbon"},"supportedOn":{"ref":"windows:SUPPORTED_Windows7"},"enabledValue":{"decimal":{"value":1}},"disabledValue":{"decimal":{"value":0}},"name":"L_DisplayDeveloperTab","displayName":"리본 메뉴에 개발 도구 탭 표시","explainText":"이 정책 설정은 리본에 [개발 도구] 탭이 표시되는지 여부를 제어합니다.\n\n이 정책 설정을 사용하면 리본에 [개발 도구] 탭이 표시됩니다.\n\n이 정책 설정을 사용하지 않으면 리본에 [개발 도구] 탭이 표시되지 않습니다.\n\n이 정책 설정을 구성하지 않으면 리본에 [개발 도구] 탭이 표시되지 않지만 응용 프로그램의 [옵션] 대화 상자에 있는 설정에서 [개발 도구] 탭 표시 여부를 변경할 수 있습니다.","tags":["L_OptionsCustomizeRibbon","L_VisioOptions","L_MicrosoftVisio"],"application":"visio16","key":"software\\microsoft\\office\\16.0\\visio\\application","valueName":"developertools"},{"parentCategory":{"ref":"L_Save"},"supportedOn":{"ref":"windows:SUPPORTED_Windows7"},"enabledValue":{"decimal":{"value":1}},"disabledValue":{"decimal":{"value":0}},"name":"L_TurnOffCADDWGFunctionality","displayName":"CAD/DWG 기능 해제","explainText":"이 정책 설정을 통해 CAD/DWG 파일과 관련된 모든 진입점을 해제할 수 있습니다.\n\n이 정책 설정을 사용하면 CAD/DWG 기능이 해제됩니다.\n\n이 정책 설정을 사용하지 않거나 구성하지 않으면 CAD/DWG 기능이 설정됩니다.","tags":["L_Save","L_VisioOptions","L_MicrosoftVisio"],"application":"visio16","key":"software\\microsoft\\office\\16.0\\visio\\application","valueName":"disabledwg"},{"parentCategory":{"ref":"L_OfflineEditing"},"supportedOn":{"ref":"windows:SUPPORTED_Windows7"},"elements":{"items":[{"item":[{"value":{"string":"1"},"displayName":"서버 임시 보관함 위치"},{"value":{"string":"0"},"displayName":"웹 서버"}],"valueName":"uselocaldrafts","inputType":"dropdownList","id":"L_SaveCheckedOutFilesToDropID"}]},"name":"L_SaveCheckedOutFilesTo","displayName":"체크 아웃한 파일 저장","explainText":"이 정책 설정을 통해 체크 아웃한 파일을 서버 임시 보관함 위치에 저장할지 여부를 선택할 수 있습니다. \n\n이 정책 설정을 사용하면 체크 아웃한 파일을 저장할 위치를 선택할 수 있습니다.\n- 서버 임시 보관함 위치: 이 컴퓨터의 서버 임시 보관함 위치\n- 웹 서버: 웹 서버\n\n이 정책 설정을 사용하지 않거나 구성하지 않으면 체크 아웃한 파일이 서버 임시 보관함 위치에 저장됩니다.","tags":["L_OfflineEditing","L_Save","L_VisioOptions","L_MicrosoftVisio"],"application":"visio16","key":"software\\microsoft\\office\\16.0\\visio\\application"},{"parentCategory":{"ref":"L_SaveDocuments"},"supportedOn":{"ref":"windows:SUPPORTED_Windows7"},"elements":{"items":[{"item":[{"value":{"string":"0"},"displayName":"Visio 문서"},{"value":{"string":"3"},"displayName":"Visio 매크로 사용 문서"},{"value":{"string":"1"},"displayName":"Visio 2003-2016 문서"}],"valueName":"savefileformat","inputType":"dropdownList","caption":"다음 형식으로 Visio 파일 저장","id":"L_savevisiofilesas6"}]},"name":"L_SaveVisiofilesas","displayName":"다음 형식으로 Visio 파일 저장","explainText":"Visio 파일이 저장되는 기본 파일 형식을 지정합니다.","tags":["L_SaveDocuments","L_Save","L_VisioOptions","L_MicrosoftVisio"],"application":"visio16","key":"software\\microsoft\\office\\16.0\\visio\\application"},{"parentCategory":{"ref":"L_ShapeSearch"},"supportedOn":{"ref":"windows:SUPPORTED_Windows7"},"enabledValue":{"string":"1"},"disabledValue":{"string":"0"},"name":"L_Showshapesearchpane","displayName":"셰이프 검색 창 표시","explainText":"스텐실 창의 셰이프 검색 사용자 인터페이스 요소를 표시합니다.","tags":["L_ShapeSearch","L_Advanced","L_VisioOptions","L_MicrosoftVisio"],"application":"visio16","key":"software\\microsoft\\office\\16.0\\visio\\application","valueName":"showshapesearchpane"},{"parentCategory":{"ref":"L_ShapeSearch"},"supportedOn":{"ref":"windows:SUPPORTED_Windows7"},"elements":{"items":[{"item":[{"value":{"string":"1"},"displayName":"모든 단어 포함(AND)"},{"value":{"string":"0"},"displayName":"단어 중 하나라도 포함(OR)"}],"valueName":"findshapesallwords","inputType":"dropdownList","caption":"검색 대상:","id":"L_searchfor10"}]},"name":"L_Searchfor","displayName":"검색 대상:","explainText":"해당 UI 옵션에서 값을 설정합니다.","tags":["L_ShapeSearch","L_Advanced","L_VisioOptions","L_MicrosoftVisio"],"application":"visio16","key":"software\\microsoft\\office\\16.0\\visio\\application"},{"parentCategory":{"ref":"L_ShapeSearch"},"supportedOn":{"ref":"windows:SUPPORTED_Windows7"},"elements":{"items":[{"item":[{"value":{"string":"0"},"displayName":"사전순"},{"value":{"string":"1"},"displayName":"그룹별"}],"valueName":"msoridcuvisiobfsgroup","inputType":"dropdownList","caption":"검색 결과","id":"L_searchresults11"}]},"name":"L_Searchresults","displayName":"검색 결과","explainText":"셰이프 이름이나 스텐실 이름(그룹)에 따라 영문자 순서로 결과를 반환할지 여부를 지정합니다. 이름은 같지만 다른 스텐실에 나타나는 셰이프를 구분하려면 [그룹별]을 클릭합니다. 셰이프를 포함하는 스텐실을 찾으려는 경우에도 이 옵션을 선택하면 됩니다.","tags":["L_ShapeSearch","L_Advanced","L_VisioOptions","L_MicrosoftVisio"],"application":"visio16","key":"software\\microsoft\\office\\16.0\\visio\\application"},{"parentCategory":{"ref":"L_ShapeSearch"},"supportedOn":{"ref":"windows:SUPPORTED_Windows7"},"enabledValue":{"string":"0"},"disabledValue":{"string":"1"},"name":"L_Openresultsnewwindow","displayName":"결과 새 창 열기","explainText":"검색할 때마다 새 검색 결과 스텐실을 만들지 여부를 나타냅니다. 이 옵션을 선택하지 않으면 검색 결과가 이전 검색 결과로 바뀝니다.","tags":["L_ShapeSearch","L_Advanced","L_VisioOptions","L_MicrosoftVisio"],"application":"visio16","key":"software\\microsoft\\office\\16.0\\visio\\application","valueName":"msoridcuvisiobfsrecycle"},{"parentCategory":{"ref":"L_TrustCenter"},"supportedOn":{"ref":"windows:SUPPORTED_Windows7"},"enabledValue":{"decimal":{"value":1}},"disabledValue":{"decimal":{"value":0}},"name":"L_Disableallapplicationextensions","displayName":"모든 응용 프로그램 추가 기능 사용 안 함","explainText":"이 정책 설정은 지정한 Office 2016 응용 프로그램의 모든 추가 기능을 사용하지 않도록 설정합니다.\n     \n이 정책 설정을 사용하면 지정한 Office 2016 응용 프로그램의 모든 추가 기능을 사용하지 않습니다.\n\n이 정책 설정을 사용하지 않거나 구성하지 않으면 사용자에게 알리지 않고 지정한 Office 2016 응용 프로그램의 모든 추가 기능을 실행할 수 있습니다. 단, 응용 프로그램 추가 기능에 신뢰할 수 있는 게시자의 서명이 있어야 하는 경우는 예외입니다.","tags":["L_TrustCenter","L_Security","L_VisioOptions","L_MicrosoftVisio"],"application":"visio16","key":"software\\microsoft\\office\\16.0\\visio\\security","valueName":"disablealladdins"},{"parentCategory":{"ref":"L_TrustCenter"},"supportedOn":{"ref":"windows:SUPPORTED_Windows7"},"enabledValue":{"decimal":{"value":1}},"disabledValue":{"decimal":{"value":0}},"name":"L_BlockMacroExecutionFromInternet","displayName":"인터넷이 출처인 Office 파일에서 매크로를 실행하지 않도록 차단","explainText":"\n        이 정책 설정을 사용하면 인터넷에서 가져온 Office 파일에서 매크로가 실행되지 않도록 차단할 수 있습니다.\n\n        이 정책 설정을 사용하면 보안 센터의 매크로 설정 섹션에서 \"모든 매크로 사용\"을 선택하더라도 매크로 실행이 차단됩니다. 매크로 실행이 차단되었다는 알림이 사용자에게 표시됩니다.\n\n    매크로를 실행할 수 있는 예외는 다음과 같습니다.\n        - Office 파일이 신뢰할 수 있는 위치에 저장됩니다.\n      - 이전에 사용자가 Office 파일을 신뢰했습니다.\n       - 매크로가 디지털 서명되었으며 일치하는 신뢰할 수 있는 Publisher 인증서가 장치에 설치되어  있습니다.\n\n        이 정책 설정을 사용하지 않으면 보안 센터의 매크로 설정 섹션에 구성된 설정에 따라 인터넷에서 가져온 Office 파일에서 매크로를 실행할지 여부를 결정합니다.이\n\n       정책 설정을 구성하지 않으면 매크로 실행이 차단됩니다. 사용자는 인터넷에서 매크로의 보안 위험에 대한 알림과 함께 자세히 알아볼 수 있는 링크를 받게 됩니다.\n\n        자세한 내용은 https://go.microsoft.com/fwlink/p/?linkid=2185771을 참조하세요.\n     ","tags":["L_TrustCenter","L_Security","L_VisioOptions","L_MicrosoftVisio"],"application":"visio16","key":"software\\microsoft\\office\\16.0\\visio\\security","valueName":"blockcontentexecutionfrominternet"},{"parentCategory":{"ref":"L_TrustCenter"},"supportedOn":{"ref":"windows:SUPPORTED_Windows7"},"enabledValue":{"decimal":{"value":1}},"disabledValue":{"decimal":{"value":0}},"name":"L_TurnOffTrustedDocumentsOnTheNetwork","displayName":"네트워크에서 신뢰할 수 있는 문서 해제","explainText":"이 정책 설정을 통해 네트워크에서 연 문서에 대해 신뢰할 수 있는 문서 기능을 해제할 수 있습니다.\n\n이 정책 설정을 사용하면 네트워크에서 연 문서에 대해 매크로, ActiveX 컨트롤, 데이터 연결 등과 같은 액티브 콘텐츠에 대한 보안 알림이 항상 표시됩니다.\n\n이 정책 설정을 사용하지 않거나 구성하지 않으면 사용자는 신뢰할 수 있는 문서 기능을 통해 매크로, ActiveX 컨트롤, 데이터 연결 등과 같은 문서의 액티브 콘텐츠를 항상 허용할 수 있으므로 다음 번에 문서를 열 때 확인 메시지가 표시되지 않습니다. 신뢰할 수 있는 문서는 보안 알림에서 제외됩니다.","tags":["L_TrustCenter","L_Security","L_VisioOptions","L_MicrosoftVisio"],"application":"visio16","key":"software\\microsoft\\office\\16.0\\visio\\security\\trusted documents","valueName":"disablenetworktrusteddocuments"},{"parentCategory":{"ref":"L_TrustCenter"},"supportedOn":{"ref":"windows:SUPPORTED_Windows7"},"enabledValue":{"decimal":{"value":1}},"disabledValue":{"decimal":{"value":0}},"name":"L_TurnOffTrustedDocuments","displayName":"신뢰할 수 있는 문서 해제","explainText":"이 정책 설정을 통해 신뢰할 수 있는 문서 기능을 해제할 수 있습니다. 신뢰할 수 있는 문서 기능은 사용자가 매크로, ActiveX 컨트롤, 데이터 연결 등과 같은 문서의 액티브 콘텐츠를 항상 사용할 수 있도록 하므로 다음 번에 문서를 열 때 확인 메시지가 표시되지 않습니다. 신뢰할 수 있는 문서는 보안 알림에서 제외됩니다.\n\n이 정책 설정을 사용하면 신뢰할 수 있는 문서 기능이 해제되며 사용자는 액티브 콘텐츠가 들어 있는 문서를 열 때마다 보안 알림을 보게 됩니다.\n\n이 정책 설정을 사용하지 않거나 구성하지 않으면 사용자가 문서에 콘텐츠를 사용하도록 설정할 경우 문서가 신뢰되며 사용자는 보안 알림을 받지 않습니다.","tags":["L_TrustCenter","L_Security","L_VisioOptions","L_MicrosoftVisio"],"application":"visio16","key":"software\\microsoft\\office\\16.0\\visio\\security\\trusted documents","valueName":"disabletrusteddocuments"},{"parentCategory":{"ref":"L_TrustCenter"},"supportedOn":{"ref":"windows:SUPPORTED_Windows7"},"elements":{"items":[{"valueName":"maxtrusteddocuments","minValue":0,"minValueSpecified":true,"maxValue":20000,"maxValueSpecified":true,"inputType":"decimalTextBox","caption":"최대 수:","id":"L_SetMaximumNumberOfTrustedDocumentsSpinID"}]},"name":"L_SetMaximumNumberOfTrustedDocuments","displayName":"신뢰할 수 있는 최대 문서 수 설정","explainText":"이 정책 설정을 통해 제거 작업을 실행하기 전에 레지스트리에 저장할 수 있는 신뢰할 수 있는 문서의 최대 신뢰 레코드 수를 지정할 수 있습니다. 제거 작업은 레지스트리에 저장하는 신뢰할 수 있는 문서의 수를 \"유지할 최대 신뢰 레코드 수 지정\" 정책 설정에서 설정한 값으로 줄입니다.\n\n이 정책 설정을 사용하면 제거 작업을 실행하기 전에 레지스트리에 저장할 수 있는 신뢰할 수 있는 문서의 최대 수를 지정할 수 있으며, 그 상한값은 문서 20,000개입니다. 성능상의 이유에서 이 정책 설정을 상한값으로 설정하지 않는 것이 좋습니다.\n\n이 정책 설정을 사용하지 않거나 구성하지 않으면 제거 작업을 실행하기 전에 레지스트리에 저장할 수 있는 신뢰할 수 있는 문서의 최대 수가 기본값인 500으로 설정됩니다.","tags":["L_TrustCenter","L_Security","L_VisioOptions","L_MicrosoftVisio"],"application":"visio16","key":"software\\microsoft\\office\\16.0\\visio\\security\\trusted documents"},{"parentCategory":{"ref":"L_TrustCenter"},"supportedOn":{"ref":"windows:SUPPORTED_Windows7"},"elements":{"items":[{"valueName":"maxpreservetrusteddocuments","minValue":0,"minValueSpecified":true,"maxValue":20000,"maxValueSpecified":true,"inputType":"decimalTextBox","caption":"유지할 최대 수:","id":"L_SetMaximumNumberOfTrustRecordsToPreserveSpinID"}]},"name":"L_SetMaximumNumberOfTrustRecordsToPreserve","displayName":"유지할 최대 신뢰 레코드 수 설정","explainText":"이 정책 설정을 통해 제거 작업이 이 응용 프로그램에서 \"신뢰할 수 있는 최대 문서 수 설정\" 정책 설정으로 구성된 신뢰할 수 있는 문서 수보다 많은 문서를 신뢰하고 있음을 검색할 때 유지할 최대 신뢰 레코드 수를 지정할 수 있습니다.\n\n이 정책 설정을 사용하면 유지할 최대 신뢰 레코드 수를 지정할 수 있습니다. 상한값은 20000이지만, 성능상의 이유로 상한값으로는 설정하지 않는 것이 좋습니다.\n\n이 정책 설정을 사용하지 않거나 구성하지 않으면 기본값인 400이 사용됩니다.","tags":["L_TrustCenter","L_Security","L_VisioOptions","L_MicrosoftVisio"],"application":"visio16","key":"software\\microsoft\\office\\16.0\\visio\\security\\trusted documents"},{"parentCategory":{"ref":"L_TrustCenter"},"supportedOn":{"ref":"windows:SUPPORTED_Windows7"},"elements":{"items":[{"item":[{"value":{"decimal":{"value":2}},"displayName":"모든 매크로 제외(알림 표시)"},{"value":{"decimal":{"value":3}},"displayName":"디지털 서명된 매크로만 포함"},{"value":{"decimal":{"value":4}},"displayName":"모든 매크로 제외(알림 표시 없음)"},{"value":{"decimal":{"value":1}},"displayName":"모든 매크로 포함(권장하지 않음)"}],"valueName":"vbawarnings","inputType":"dropdownList","id":"L_Empty"},{"trueValue":{"decimal":{"value":1}},"falseValue":{"decimal":{"value":0}},"valueName":"vbadigsigtrustedpublishers","key":"software\\microsoft\\office\\16.0\\visio\\security","inputType":"checkBox","caption":"신뢰할 수 있는 게시자가 서명해야 하는 매크로가 필요","id":"L_VBADigSigTrustedPublishersStr"},{"trueValue":{"decimal":{"value":1}},"falseValue":{"decimal":{"value":0}},"valueName":"vbarequirelmtrustedpublisher","key":"software\\microsoft\\office\\16.0\\visio\\security","inputType":"checkBox","caption":"현재 사용자 인증서 저장소에만 설치된 신뢰할 수 있는 게시자의 인증서 차단","id":"L_VBAOnlyAllowLMTrustedPublisherStr"},{"trueValue":{"decimal":{"value":1}},"falseValue":{"decimal":{"value":0}},"valueName":"vbarequiredigsigwithcodesigningeku","key":"software\\microsoft\\office\\16.0\\visio\\security","inputType":"checkBox","caption":"신뢰할 수 있는 게시자의 인증서에 EKU(확장된 키 사용) 필요","id":"L_VBAOnlyAllowDigSigWithCodeSigningEKUStr"}]},"name":"L_VBAWarningsPolicy","displayName":"VBA 매크로 알림 설정","explainText":"이 정책 설정은 VBA(Visual Basic for Applications) 매크로가 있을 때 지정된 응용 프로그램의 사용자에게 경고하는 방법을 제어합니다.\n\n이 정책 설정을 사용하는 경우 네 가지 옵션 중 하나를 선택하여 지정된 응용 프로그램의 사용자에게 매크로에 대해 경고하는 방법을 결정할 수 있습니다.\n\n- 모든 매크로 제외(알림 표시): 응용 프로그램에서 서명 여부와 관계없이 모든 매크로에 대해 보안 표시줄 알림을 표시합니다. 이 옵션은 Office의 기본 구성을 적용합니다.\n\n- 디지털 서명된 매크로만 포함: 응용 프로그램에서 디지털 서명한 매크로에 대해 보안 표시줄 알림을 표시하여 사용자가 해당 매크로를 사용하거나 사용하지 않도록 설정할 수 있게 합니다. 서명이 없는 매크로는 사용하지 않고 사용자에게 알리지 않습니다.\n\n- 모든 매크로 제외(알림 표시 없음): 응용 프로그램에서 서명 여부와 관계없이 모든 매크로를 사용하지 않고 사용자에게 알리지 않습니다.\n\n- 모든 매크로 포함(권장하지 않음): 서명 여부와 관계없이 모든 매크로를 사용합니다. 이 옵션을 사용하면 위험성 있는 코드가 검색되지 않은 상태로 실행될 수 있으므로 보안 위험이 크게 증가할 수 있습니다.\n\n이 정책 설정을 사용하지 않으면 \"모든 매크로 제외(알림 표시)\"가 기본 설정이 됩니다.\n\n이 정책 설정을 구성하지 않은 경우 사용자가 지정된 응용 프로그램에서 VBA 매크로가 포함된 파일을 열면, 해당 응용 프로그램에서 매크로를 제외하고 파일을 열고 매크로를 사용하지 않도록 설정했음을 알리는 경고와 함께 보안 표시줄을 표시합니다. 사용자는 필요한 경우 파일을 검사하고 편집할 수 있지만, 사용할 수 없는 기능을 사용하려면 보안 표시줄에서 \"콘텐츠 사용\"을 클릭하여 사용하도록 설정해야 합니다. 사용자가 \"콘텐츠 사용\"을 클릭하면 문서가 신뢰할 수 있는 문서로 추가됩니다.\n\n\"디지털 서명된 매크로만 포함\"을 선택하면 \"신뢰할 수 있는 게시자가 매크로에 서명해야 함\" 확인란을 선택하여 보안을 향상하도록 하는 것이 좋습니다.\n\n\"신뢰할 수 있는 게시자가 매크로에 서명해야 함\" 확인란을 선택한 경우 디지털 서명이 있지만 신뢰할 수 있는 게시자가 서명하지 않은 매크로가 있는 파일을 여는 사용자는 매크로가 실행되지 않는다는 알림을 받습니다. 그리고 보안 향상을 위해 두 가지 추가 확인란을 선택하는 것이 좋습니다.\n\n- 현재 사용자 인증서 저장소에 설치된 신뢰할 수 있는 게시자의 인증서 차단\n\n- 신뢰할 수 있는 게시자의 인증서에 EKU(확장된 키 사용) 필요\n\n참고: 이 두 확인란은 \"신뢰할 수 있는 게시자가 매크로에 서명해야 함\" 확인란을 선택한 경우에만 적용됩니다.\n\n참고: 세 가지 확인란 모두 Office 및 Visio 버전 2012 이상에만 적용됩니다. Office 2016 또는 Office 2019에는 적용되지 않습니다.\n\n”로컬 컴퓨터 인증서 저장소에 설치된 신뢰할 수 있는 게시자의 인증서 차단” 확인란을 선택한 경우 신뢰할 수 있는 게시자의 인증서가 현재 사용자 인증서 저장소에 설치되어 있으면 매크로는 실행되지 않습니다. 매크로를 실행하려면 로컬 컴퓨터 인증서 저장소에 인증서가 설치되어 있어야 합니다. 컴퓨터에 대한 관리자 액세스 권한이 있는 계정만 로컬 컴퓨터 인증서 저장소에 인증서를 설치할 수 있습니다.\n\n”신뢰할 수 있는 게시자의 인증서에 EKU(확장된 키 사용) 필요” 확인란을 선택한 경우 EKU는 인증서 사용 중 하나로 “코드 서명”을 포함해야 합니다.\n\n중요: \"디지털 서명된 매크로만 포함\"을 선택하면 사용자가 서명이 없는 Access 데이터베이스를 열 수 없습니다.\n\n또한, Microsoft Office에서는 신뢰할 수 있는 게시자에 대한 인증서를 Internet Explorer의 신뢰할 수 있는 게시자 저장소에 저장합니다. 이전 버전의 Microsoft Office에서는 Office의 특정 신뢰할 수 있는 게시자 저장소에 신뢰할 수 있는 게시자 인증서 정보(특히, 인증서 지문)를 저장합니다. Microsoft Office에서는 Office의 신뢰할 수 있는 게시자 저장소에서 신뢰할 수 있는 게시자 인증서 정보를 읽지만, 이 저장소에 정보를 기록하지는 않습니다.\n\n따라서, 이전 버전의 Microsoft Office에서 신뢰할 수 있는 게시자 목록을 만들고 Office로 업그레이드하는 경우 신뢰할 수 있는 게시자 목록이 그대로 인식됩니다. 그러나 이 목록에 신뢰할 수 있는 게시자 인증서를 추가할 경우 해당 인증서는 Internet Explorer의 신뢰할 수 있는 게시자 저장소에 저장됩니다.","tags":["L_TrustCenter","L_Security","L_VisioOptions","L_MicrosoftVisio"],"application":"visio16","key":"software\\microsoft\\office\\16.0\\visio\\security"},{"parentCategory":{"ref":"L_TrustCenter"},"supportedOn":{"ref":"windows:SUPPORTED_Windows7"},"enabledValue":{"decimal":{"value":1}},"disabledValue":{"decimal":{"value":0}},"name":"L_RequirethatApplicationExtensionsaresigned","displayName":"응용 프로그램 추가 기능에 신뢰할 수 있는 게시자의 서명 필요","explainText":"이 정책 설정은 신뢰할 수 있는 게시자가 이 응용 프로그램의 추가 기능에 디지털 서명을 해야 하는지 여부를 제어합니다.\n \n이 정책 설정을 사용하면 이 응용 프로그램에서 각 추가 기능을 로드하기 전에 디지털 서명을 확인합니다. 추가 기능에 디지털 서명이 없거나 서명이 있지만 신뢰할 수 있는 게시자의 서명이 아닌 경우에는 이 응용 프로그램에서 추가 기능을 사용하지 않으며 사용자에게 알림이 표시됩니다. 신뢰할 수 있는 게시자가 모든 추가 기능에 서명하도록 지정하는 경우 인증서를 [신뢰할 수 있는 게시자] 목록에 추가해야 합니다. 인증서를 가져오고 배포하는 것에 대한 자세한 정보는 http://go.microsoft.com/fwlink/?LinkId=294922를 참조하세요. Office 2016은 신뢰할 수 있는 게시자에 대한 인증서를 Internet Explorer의 신뢰할 수 있는 게시자 저장소에 저장합니다. 이전 버전의 Microsoft Office에서는 신뢰할 수 있는 게시자 인증서 정보(특히 인증서 지문)가 특수한 Office 신뢰할 수 있는 게시자 저장소에 저장되었습니다. Office 2016은 신뢰할 수 있는 게시자의 인증서를 Office 신뢰할 수 있는 게시자 저장소에서 읽지만 이 저장소에 정보를 쓰지는 않습니다. 따라서 이전 버전의 Office에서 신뢰할 수 있는 게시자 목록을 만들고 Office 2016으로 업그레이드한 경우에도 신뢰할 수 있는 게시자 목록이 계속 인식됩니다. 그러나 이 목록에 신뢰할 수 있는 게시자 인증서를 추가할 경우 해당 인증서는 Internet Explorer의 신뢰할 수 있는 게시자 저장소에 저장됩니다. 신뢰할 수 있는 게시자에 대한 자세한 내용은 Office Resource Kit를 참조하세요.\n\n이 정책 설정을 사용하지 않거나 구성하지 않으면 이 응용 프로그램에서 응용 프로그램 추가 기능을 열기 전에 응용 프로그램 추가 기능의 디지털 서명을 확인하지 않습니다. 위험한 추가 기능이 로드되는 경우 사용자 컴퓨터가 손상되거나 데이터 보안이 저하될 수 있습니다.","tags":["L_TrustCenter","L_Security","L_VisioOptions","L_MicrosoftVisio"],"application":"visio16","key":"software\\microsoft\\office\\16.0\\visio\\security","valueName":"requireaddinsig"},{"parentCategory":{"ref":"L_TrustCenter"},"supportedOn":{"ref":"windows:SUPPORTED_Windows7"},"enabledValue":{"decimal":{"value":1}},"disabledValue":{"decimal":{"value":0}},"name":"L_DisableTrustBarNotificationforunsigned","displayName":"서명되지 않은 응용 프로그램 추가 기능에 대한 보안 표시줄 알림 사용 안 함 및 차단","explainText":"이 정책 설정은 지정된 Office 응용 프로그램에서 서명되지 않은 응용 프로그램 추가 기능이 로드될 때 사용자에게 알림을 표시할지, 아니면 알림 없이 해당 추가 기능을 자동으로 비활성화할지를 제어합니다. 이 정책 설정은 사용자가 이 정책 설정을 변경하지 못하도록 하는 \"응용 프로그램 추가 기능에 신뢰할 수 있는 게시자의 서명 필요\" 정책 설정을 사용하는 경우에만 적용됩니다.\n\n이 정책 설정을 사용하면 응용 프로그램에서 서명되지 않은 추가 기능을 사용자에게 알리지 않고 자동으로 비활성화합니다.\n \n이 정책 설정을 사용하지 않으면 신뢰할 수 있는 게시자가 모든 추가 기능에 서명을 해야 하도록 이 응용 프로그램이 구성되어 있는 경우 응용 프로그램이 로드하는 서명되지 않은 추가 기능은 모두 사용되지 않으며, 응용 프로그램의 활성 창 위쪽에 보안 표시줄 알림이 표시됩니다. 보안 표시줄 알림에는 서명되지 않은 추가 기능에 대한 정보가 포함된 메시지가 있습니다.\n\n이 정책 설정을 구성하지 않으면 사용 안 함 동작이 적용되며, 사용자는 응용 프로그램 보안 센터의 \"추가 기능\" 범주에서 이 요구 사항을 직접 구성할 수 있습니다.","tags":["L_TrustCenter","L_Security","L_VisioOptions","L_MicrosoftVisio"],"application":"visio16","key":"software\\microsoft\\office\\16.0\\visio\\security","valueName":"notbpromptunsignedaddin"},{"parentCategory":{"ref":"L_TrustCenter"},"supportedOn":{"ref":"windows:SUPPORTED_Windows7"},"enabledValue":{"decimal":{"value":1}},"disabledValue":{"decimal":{"value":0}},"name":"L_AllowTrustedLocationsOnTheNetwork","displayName":"네트워크상의 신뢰할 수 있는 위치 허용(권장하지 않음)","explainText":"이 정책 설정은 네트워크의 신뢰할 수 있는 위치를 사용할 수 있는지 여부를 제어합니다.\n\n이 정책 설정을 사용하면 사용자가 보안 센터의 [신뢰할 수 있는 위치] 섹션에서 \"새 위치 추가\" 단추를 클릭하여 네트워크 공유 또는 직접 제어하고 있지 않은 다른 원격 위치에서 신뢰할 수 있는 위치를 지정할 수 있습니다. 신뢰할 수 있는 위치에서는 최소한의 보안으로 콘텐츠, 코드, 추가 기능을 로드할 수 있으며 사용자에게 사용 권한이 필요하다는 프롬프트가 표시되지 않습니다.\n\n이 정책 설정을 사용하지 않으면 선택하는 응용 프로그램에서 보안 센터의 [신뢰할 수 있는 위치] 섹션에 나열된 네트워크 위치를 무시합니다.\n\n또한 그룹 정책을 통해 신뢰할 수 있는 위치를 배포하는 경우에는 해당 위치 중 원격 위치가 있는지 확인해야 합니다. 원격 위치가 있는 경우 이 정책 설정을 통해 원격 위치를 허용하지 않으면 원격 위치를 가리키는 정책 키가 클라이언트 컴퓨터에서 무시됩니다.\n\n이 정책 설정을 사용하지 않아도 네트워크 위치가 신뢰할 수 있는 위치 목록에서 삭제되지는 않지만, 신뢰할 수 있는 위치 목록에 네트워크 위치를 추가하는 사용자에게 혼란을 줄 수 있습니다. 또한 사용자가 보안 센터에서 신뢰할 수 있는 위치 목록에 새 네트워크 위치를 추가할 수 없게 됩니다. \"네트워크상의 신뢰할 수 있는 위치 허용(권장하지 않음)\" 확인란에도 나와 있듯이, 이 정책 설정은 사용하지 않는 것이 좋습니다. 따라서 실제로는 대부분의 경우에 이 정책 설정을 비활성화할 수 있으며 대부분의 사용자에 대해서는 심각한 사용 가능성 문제가 발생하지 않습니다.\n\n이 정책 설정을 사용하지 않으면 사용자가 원하는 경우 \"네트워크상의 신뢰할 수 있는 위치 허용(권장하지 않음)\" 확인란을 선택한 다음 \"새 위치 추가\" 단추를 클릭하여 신뢰할 수 있는 위치를 지정할 수 있습니다.","tags":["L_TrustCenter","L_Security","L_VisioOptions","L_MicrosoftVisio"],"application":"visio16","key":"software\\microsoft\\office\\16.0\\visio\\security\\trusted locations","valueName":"allownetworklocations"},{"parentCategory":{"ref":"L_TrustCenter"},"supportedOn":{"ref":"windows:SUPPORTED_Windows7"},"enabledValue":{"decimal":{"value":1}},"disabledValue":{"decimal":{"value":0}},"name":"L_DisableTrustedLoc","displayName":"모든 신뢰할 수 있는 위치 사용 안 함","explainText":"이 정책 설정을 통해 관리자가 지정된 응용 프로그램의 2016 버전에서 모든 신뢰할 수 있는 위치를 사용하지 않도록 설정할 수 있습니다. 보안 센터에서 지정되는 신뢰할 수 있는 위치는 안전한 것으로 간주되는 파일 위치를 정의하는 데 사용됩니다. 신뢰할 수 있는 위치의 콘텐츠, 코드 및 추가 기능은 사용자의 허가 없이도 최소한의 보안 수준으로 로드할 수 있습니다. 신뢰할 수 있는 위치에서 위험한 파일을 여는 경우에는 표준 보안 방식을 따르지 않는 것이므로 사용자 컴퓨터 또는 데이터가 손상될 수 있습니다.\n \n이 정책 설정을 사용하면 설치 중에 Office에서 설정했거나, 그룹 정책을 사용하여 사용자에게 배포했거나, 사용자가 직접 추가한 신뢰할 수 있는 위치를 비롯하여 지정된 응용 프로그램의 2016 버전에서 모든 신뢰할 수 있는 위치(보안 센터에서 지정됨)가 무시됩니다. 신뢰할 수 있는 위치에서 파일을 열 때는 사용자에게 다시 메시지가 표시됩니다.\n\n이 정책 설정을 사용하지 않거나 구성하지 않으면 지정된 응용 프로그램에서 모든 신뢰할 수 있는 위치(보안 센터에서 지정됨)가 안전한 것으로 간주됩니다.","tags":["L_TrustCenter","L_Security","L_VisioOptions","L_MicrosoftVisio"],"application":"visio16","key":"software\\microsoft\\office\\16.0\\visio\\security\\trusted locations","valueName":"alllocationsdisabled"},{"parentCategory":{"ref":"L_FileBlockSettings"},"supportedOn":{"ref":"windows:SUPPORTED_Windows7"},"elements":{"items":[{"item":[{"value":{"decimal":{"value":0}},"displayName":"차단 안 함"},{"value":{"decimal":{"value":1}},"displayName":"저장 차단"},{"value":{"decimal":{"value":2}},"displayName":"열기/저장 차단"}],"valueName":"visio2003files","inputType":"dropdownList","caption":"고급 파일 설정:","id":"L_Visio2003FilesDropID"}]},"name":"L_Visio2003Files","displayName":"Visio 2003-2010 이진 드로잉, 서식 파일 및 스텐실","explainText":"이 정책 설정을 통해 사용자가 이 정책 설정의 제목에 지정된 서식의 Visio 파일을 열거나 저장할 수 있는지 여부를 결정할 수 있습니다.\n\n이 정책 설정을 사용하면 사용자가 파일을 열거나 저장할 수 있는지 여부를 지정할 수 있습니다.\n\n선택할 수 있는 옵션은 다음과 같습니다. 참고: 이 정책 설정에 대해 일부 옵션을 사용하지 못할 수도 있습니다.\n\n- 차단 안 함: 해당 파일 형식이 차단되지 않습니다.\n\n- 저장 차단: 해당 파일 형식의 저장이 차단됩니다.\n\n- 열기/저장 차단: 해당 파일 형식의 열기 및 저장이 모두 차단됩니다.\n\n이 정책 설정을 사용하지 않거나 구성하지 않으면 해당 파일 형식이 차단되지 않습니다.","tags":["L_FileBlockSettings","L_TrustCenter","L_Security","L_VisioOptions","L_MicrosoftVisio"],"application":"visio16","key":"software\\microsoft\\office\\16.0\\visio\\security\\fileblock"},{"parentCategory":{"ref":"L_FileBlockSettings"},"supportedOn":{"ref":"windows:SUPPORTED_Windows7"},"elements":{"items":[{"item":[{"value":{"decimal":{"value":0}},"displayName":"차단 안 함"},{"value":{"decimal":{"value":2}},"displayName":"열기/저장 차단"}],"valueName":"visio2000files","inputType":"dropdownList","caption":"고급 파일 설정:","id":"L_Visio2000FilesDropID"}]},"name":"L_Visio2000Files","displayName":"Visio 2000-2002 이진 드로잉, 서식 파일 및 스텐실","explainText":"이 정책 설정을 통해 사용자가 이 정책 설정의 제목에 지정된 서식의 Visio 파일을 열거나 저장할 수 있는지 여부를 결정할 수 있습니다.\n\n이 정책 설정을 사용하면 사용자가 파일을 열거나 저장할 수 있는지 여부를 지정할 수 있습니다.\n\n선택할 수 있는 옵션은 다음과 같습니다. 참고: 이 정책 설정에 대해 일부 옵션을 사용하지 못할 수도 있습니다.\n\n- 차단 안 함: 해당 파일 형식이 차단되지 않습니다.\n\n- 저장 차단: 해당 파일 형식의 저장이 차단됩니다.\n\n- 열기/저장 차단: 해당 파일 형식의 열기 및 저장이 모두 차단됩니다.\n\n이 정책 설정을 사용하지 않거나 구성하지 않으면 해당 파일 형식이 차단됩니다.","tags":["L_FileBlockSettings","L_TrustCenter","L_Security","L_VisioOptions","L_MicrosoftVisio"],"application":"visio16","key":"software\\microsoft\\office\\16.0\\visio\\security\\fileblock"},{"parentCategory":{"ref":"L_FileBlockSettings"},"supportedOn":{"ref":"windows:SUPPORTED_Windows7"},"elements":{"items":[{"item":[{"value":{"decimal":{"value":0}},"displayName":"차단 안 함"},{"value":{"decimal":{"value":2}},"displayName":"열기/저장 차단"}],"valueName":"visio50andearlierfiles","inputType":"dropdownList","caption":"고급 파일 설정:","id":"L_Visio50AndEarlierFilesDropID"}]},"name":"L_Visio50AndEarlierFiles","displayName":"Visio 5.0 또는 이전 이진 드로잉, 서식 파일 및 스텐실","explainText":"이 정책 설정을 통해 사용자가 이 정책 설정의 제목에 지정된 서식의 Visio 파일을 열거나 저장할 수 있는지 여부를 결정할 수 있습니다.\n\n이 정책 설정을 사용하면 사용자가 파일을 열거나 저장할 수 있는지 여부를 지정할 수 있습니다.\n\n선택할 수 있는 옵션은 다음과 같습니다. 참고: 이 정책 설정에 대해 일부 옵션을 사용하지 못할 수도 있습니다.\n\n- 차단 안 함: 해당 파일 형식이 차단되지 않습니다.\n\n- 저장 차단: 해당 파일 형식의 저장이 차단됩니다.\n\n- 열기/저장 차단: 해당 파일 형식의 열기 및 저장이 모두 차단됩니다.\n\n이 정책 설정을 사용하지 않거나 구성하지 않으면 해당 파일 형식이 차단됩니다.","tags":["L_FileBlockSettings","L_TrustCenter","L_Security","L_VisioOptions","L_MicrosoftVisio"],"application":"visio16","key":"software\\microsoft\\office\\16.0\\visio\\security\\fileblock"},{"parentCategory":{"ref":"L_MacroSecurity"},"supportedOn":{"ref":"windows:SUPPORTED_Windows7"},"enabledValue":{"string":"1"},"disabledValue":{"string":"0"},"name":"L_LoadMicrosoftVisualBasicforApplicationsprojectsf","displayName":"텍스트에서 Microsoft VBA(Visual Basic for Applications) 프로젝트 로드","explainText":"다른 버전의 Visio에서 만든 드로잉에서 VBA 프로젝트가 작동하도록 하려는 경우 이 옵션을 선택하면 파일이 로드될 때 VBA 프로젝트가 컴파일되지만 컴파일된 프로젝트는 저장되지 않습니다.","tags":["L_MacroSecurity","L_Security","L_VisioOptions","L_MicrosoftVisio"],"application":"visio16","key":"software\\microsoft\\office\\16.0\\visio\\application","valueName":"loadvbaprojectsfromtext"},{"parentCategory":{"ref":"L_MacroSecurity"},"supportedOn":{"ref":"windows:SUPPORTED_Windows7"},"enabledValue":{"string":"1"},"disabledValue":{"string":"0"},"name":"L_EnableMicrosoftVisualBasicforApplicationsproject","displayName":"Microsoft VBA(Visual Basic for Applications) 프로젝트 작성 사용","explainText":"아직 프로젝트가 없는 문서를 열거나 만들 때 VBA 프로젝트 작성을 사용합니다. 이 확인란을 선택하지 않으면 아직 프로젝트가 없는 문서에서 매크로를 만들 수 없습니다.","tags":["L_MacroSecurity","L_Security","L_VisioOptions","L_MicrosoftVisio"],"application":"visio16","key":"software\\microsoft\\office\\16.0\\visio\\application","valueName":"createvbaprojects"},{"parentCategory":{"ref":"L_EditingOptions"},"supportedOn":{"ref":"windows:SUPPORTED_Windows7"},"enabledValue":{"string":"0"},"disabledValue":{"string":"1"},"name":"L_TurnOffTransitions","displayName":"전환 해제","explainText":"이 정책 설정을 통해 애니메이션 효과를 부드럽게 연결해주는 전환을 구성할 수 있습니다.\n\n이 정책 설정을 사용하면 전환이 해제됩니다.\n\n이 정책 설정을 사용하지 않거나 구성하지 않으면 전환이 설정됩니다.","tags":["L_EditingOptions","L_Advanced","L_VisioOptions","L_MicrosoftVisio"],"application":"visio16","key":"software\\microsoft\\office\\16.0\\visio\\application","valueName":"transitionsenabled"},{"parentCategory":{"ref":"L_EditingOptions"},"supportedOn":{"ref":"windows:SUPPORTED_Windows7"},"enabledValue":{"string":"0"},"disabledValue":{"string":"1"},"name":"L_TurnOffSmartDeleteBehaviorOfConnectorsWhenDeletingShapes","displayName":"셰이프 삭제 시 연결선의 스마트 삭제 동작 해제","explainText":"이 정책 설정은 셰이프를 삭제할 때 연결선의 스마트 삭제 동작을 해제합니다.\n\n이 정책 설정을 사용하면 셰이프가 삭제될 때 연결선이 삭제되지 않습니다.\n\n이 정책 설정을 사용하지 않거나 구성하지 않으면 셰이프가 삭제될 때 연결선도 삭제됩니다.","tags":["L_EditingOptions","L_Advanced","L_VisioOptions","L_MicrosoftVisio"],"application":"visio16","key":"software\\microsoft\\office\\16.0\\visio\\application","valueName":"deleteconnectorsenabled"},{"parentCategory":{"ref":"L_EditingOptions"},"supportedOn":{"ref":"windows:SUPPORTED_Windows7"},"enabledValue":{"string":"0"},"disabledValue":{"string":"1"},"name":"L_TurnOffShapeSheetFormulaAutoComplete","displayName":"셰이프시트 수식 자동 완성 사용 해제","explainText":"이 정책 설정을 통해 셰이프시트 수식 자동 완성 사용을 구성할 수 있습니다.\n\n이 정책 설정을 사용하면 셰이프시트 수식 자동 완성 사용이 해제됩니다.\n\n이 정책 설정을 사용하지 않거나 구성하지 않으면 셰이프시트 수식 자동 완성 사용이 설정됩니다.","tags":["L_EditingOptions","L_Advanced","L_VisioOptions","L_MicrosoftVisio"],"application":"visio16","key":"software\\microsoft\\office\\16.0\\visio\\application","valueName":"formulaautocomplete"},{"parentCategory":{"ref":"L_GeneralOptions"},"supportedOn":{"ref":"windows:SUPPORTED_Windows7"},"enabledValue":{"string":"1"},"disabledValue":{"string":"0"},"name":"L_OpeneachShapeSheetinthesamewindow","displayName":"같은 창에서 셰이프시트 열기","explainText":"셰이프시트를 각각의 창에 표시하지 않고 같은 창에서 여러 셰이프시트를 엽니다.","tags":["L_GeneralOptions","L_Advanced","L_VisioOptions","L_MicrosoftVisio"],"application":"visio16","key":"software\\microsoft\\office\\16.0\\visio\\document","valueName":"recycleshapesheetwindow"},{"parentCategory":{"ref":"L_GeneralOptions"},"supportedOn":{"ref":"windows:SUPPORTED_Windows7"},"enabledValue":{"string":"1"},"disabledValue":{"string":"0"},"name":"L_PutallsettingsinWindowsregistry","displayName":"Windows 레지스트리에 모든 설정 저장","explainText":"가능한 모든 응용 프로그램 설정을 Windows 레지스트리에 추가합니다. 기본적으로 특정 설정(파일 경로, 가져오기 및 내보내기 필터, 마지막 파일 등 기본 설정 이외의 설정 및 기타 소수의 설정)만 추가되어 레지스트리 설정을 단순하게 유지합니다.","tags":["L_GeneralOptions","L_Advanced","L_VisioOptions","L_MicrosoftVisio"],"application":"visio16","key":"software\\microsoft\\office\\16.0\\visio\\application","valueName":"putallinregistry"},{"parentCategory":{"ref":"L_GeneralOptions"},"supportedOn":{"ref":"windows:SUPPORTED_Windows7"},"enabledValue":{"string":"1"},"disabledValue":{"string":"0"},"name":"L_EnableAutomationevents","displayName":"자동화 이벤트 사용","explainText":"Visio 이벤트를 Visio 추가 기능 및 VBA 매크로로 보낼 수 있도록 합니다. 이 옵션의 선택을 취소하면 모든 Visio 이벤트를 사용할 수 없게 됩니다. 이 옵션의 선택을 취소하는 경우 자동화 이벤트를 사용하는 Visio의 일부 드로잉 형식이 제대로 작동하지 않을 수 있습니다.","tags":["L_GeneralOptions","L_Advanced","L_VisioOptions","L_MicrosoftVisio"],"application":"visio16","key":"software\\microsoft\\office\\16.0\\visio\\application","valueName":"eventsenabled"},{"parentCategory":{"ref":"L_FileLocations"},"supportedOn":{"ref":"windows:SUPPORTED_Windows7"},"elements":{"items":[{"valueName":"drawingspath","requiredSpecified":false,"expandableSpecified":false,"maxLength":2147483647,"maxLengthSpecified":false,"inputType":"textBox","caption":"드로잉:","id":"L_Drawingscolon"}]},"name":"L_Drawings","displayName":"드로잉","explainText":"드로잉의 추가 위치를 표시합니다. 여기에 위치를 추가하면 기본 저장 위치가 됩니다.","tags":["L_FileLocations","L_Advanced","L_VisioOptions","L_MicrosoftVisio"],"application":"visio16","key":"software\\microsoft\\office\\16.0\\visio\\application"},{"parentCategory":{"ref":"L_FileLocations"},"supportedOn":{"ref":"windows:SUPPORTED_Windows7"},"elements":{"items":[{"valueName":"templatepath","requiredSpecified":false,"expandableSpecified":false,"maxLength":2147483647,"maxLengthSpecified":false,"inputType":"textBox","caption":"템플릿:","id":"L_Templatescolon"}]},"name":"L_Templates","displayName":"서식 파일","explainText":"이 정책 설정을 통해 템플릿의 추가 위치를 지정할 수 있습니다.\n\n이 정책 설정을 사용하면 템플릿 추가 위치를 지정할 수 있습니다. 이러한 위치는 [파일] 탭의 [새로 만들기] 화면에 표시됩니다.\n\n이 정책 설정을 사용하지 않거나 구성하지 않으면 템플릿의 추가 위치가 표시되지 않습니다.","tags":["L_FileLocations","L_Advanced","L_VisioOptions","L_MicrosoftVisio"],"application":"visio16","key":"software\\microsoft\\office\\16.0\\visio\\application"},{"parentCategory":{"ref":"L_FileLocations"},"supportedOn":{"ref":"windows:SUPPORTED_Windows7"},"elements":{"items":[{"valueName":"stencilpath","requiredSpecified":false,"expandableSpecified":false,"maxLength":2147483647,"maxLengthSpecified":false,"inputType":"textBox","caption":"스텐실:","id":"L_Stencilscolon"}]},"name":"L_Stencils","displayName":"스텐실","explainText":"스텐실의 추가 위치를 표시합니다. 여기에 위치를 추가하면 이 위치의 스텐실이 [파일] 메뉴의 [셰이프] 하위 메뉴에 표시됩니다.","tags":["L_FileLocations","L_Advanced","L_VisioOptions","L_MicrosoftVisio"],"application":"visio16","key":"software\\microsoft\\office\\16.0\\visio\\application"},{"parentCategory":{"ref":"L_FileLocations"},"supportedOn":{"ref":"windows:SUPPORTED_Windows7"},"elements":{"items":[{"valueName":"helppath","requiredSpecified":false,"expandableSpecified":false,"maxLength":2147483647,"maxLengthSpecified":false,"inputType":"textBox","caption":"도움말:","id":"L_Helpcolon"}]},"name":"L_Help","displayName":"도움말","explainText":"도움말 파일의 추가 위치를 표시합니다.","tags":["L_FileLocations","L_Advanced","L_VisioOptions","L_MicrosoftVisio"],"application":"visio16","key":"software\\microsoft\\office\\16.0\\visio\\application"},{"parentCategory":{"ref":"L_FileLocations"},"supportedOn":{"ref":"windows:SUPPORTED_Windows7"},"elements":{"items":[{"valueName":"addonspath","requiredSpecified":false,"expandableSpecified":false,"maxLength":2147483647,"maxLengthSpecified":false,"inputType":"textBox","caption":"추가 기능:","id":"L_Addonscolon"}]},"name":"L_Addons","displayName":"추가 기능","explainText":"매크로 및 추가 기능의 추가 위치를 표시합니다.","tags":["L_FileLocations","L_Advanced","L_VisioOptions","L_MicrosoftVisio"],"application":"visio16","key":"software\\microsoft\\office\\16.0\\visio\\application"},{"parentCategory":{"ref":"L_FileLocations"},"supportedOn":{"ref":"windows:SUPPORTED_Windows7"},"elements":{"items":[{"valueName":"startuppath","requiredSpecified":false,"expandableSpecified":false,"maxLength":2147483647,"maxLengthSpecified":false,"inputType":"textBox","caption":"시작:","id":"L_Startupcolon"}]},"name":"L_Startup","displayName":"시작","explainText":"Visio를 시작할 때 매크로 및 추가 기능이 열리는 추가 위치를 표시합니다.","tags":["L_FileLocations","L_Advanced","L_VisioOptions","L_MicrosoftVisio"],"application":"visio16","key":"software\\microsoft\\office\\16.0\\visio\\application"},{"parentCategory":{"ref":"L_FileLocations"},"supportedOn":{"ref":"windows:SUPPORTED_Windows7"},"elements":{"items":[{"valueName":"myshapespath","requiredSpecified":false,"expandableSpecified":false,"maxLength":2147483647,"maxLengthSpecified":false,"inputType":"textBox","caption":"내 셰이프:","id":"L_MyShapescolon"}]},"name":"L_MyShapes","displayName":"내 셰이프","explainText":"[내 셰이프] 폴더의 경로를 표시합니다.","tags":["L_FileLocations","L_Advanced","L_VisioOptions","L_MicrosoftVisio"],"application":"visio16","key":"software\\microsoft\\office\\16.0\\visio\\application"},{"parentCategory":{"ref":"L_FileLocations"},"supportedOn":{"ref":"windows:SUPPORTED_Windows7"},"elements":{"items":[{"valueName":"favoritesstencilname","requiredSpecified":false,"expandableSpecified":false,"maxLength":2147483647,"maxLengthSpecified":false,"inputType":"textBox","caption":"즐겨찾기 스텐실 이름:","id":"L_FavoritesStencilNamecolon"}]},"name":"L_FavoritesStencilName","displayName":"즐겨찾기 스텐실 이름","explainText":"사용자가 즐겨 사용하는 셰이프가 들어 있는 [내 셰이프] 폴더에서 만든 스텐실 이름을 표시합니다.","tags":["L_FileLocations","L_Advanced","L_VisioOptions","L_MicrosoftVisio"],"application":"visio16","key":"software\\microsoft\\office\\16.0\\visio\\application"},{"parentCategory":{"ref":"L_AutoCorrectOptions"},"supportedOn":{"ref":"windows:SUPPORTED_Windows7"},"enabledValue":{"decimal":{"value":1}},"disabledValue":{"decimal":{"value":0}},"name":"L_Straightquoteswithsmartquotes","displayName":"곧은 따옴표를 둥근 따옴표로","explainText":"해당 UI 옵션을 선택하거나 선택 취소합니다.","tags":["L_AutoCorrectOptions","L_Proofing","L_VisioOptions","L_MicrosoftVisio"],"application":"visio16","key":"software\\microsoft\\office\\16.0\\visio\\autoformat as you type","valueName":"smartquotes"},{"parentCategory":{"ref":"L_AutoCorrectOptions"},"supportedOn":{"ref":"windows:SUPPORTED_Windows7"},"enabledValue":{"decimal":{"value":1}},"disabledValue":{"decimal":{"value":0}},"name":"L_Fractionswithfractioncharacter","displayName":"분수 기호 사용","explainText":"해당 UI 옵션을 선택하거나 선택 취소합니다.","tags":["L_AutoCorrectOptions","L_Proofing","L_VisioOptions","L_MicrosoftVisio"],"application":"visio16","key":"software\\microsoft\\office\\16.0\\visio\\autoformat as you type","valueName":"fractions"},{"parentCategory":{"ref":"L_AutoCorrectOptions"},"supportedOn":{"ref":"windows:SUPPORTED_Windows7"},"enabledValue":{"decimal":{"value":1}},"disabledValue":{"decimal":{"value":0}},"name":"L_Ordinalswithsuperscript","displayName":"서수에 위 첨자 적용","explainText":"해당 UI 옵션을 선택하거나 선택 취소합니다.","tags":["L_AutoCorrectOptions","L_Proofing","L_VisioOptions","L_MicrosoftVisio"],"application":"visio16","key":"software\\microsoft\\office\\16.0\\visio\\autoformat as you type","valueName":"ordinals"},{"parentCategory":{"ref":"L_AutoCorrectOptions"},"supportedOn":{"ref":"windows:SUPPORTED_Windows7"},"enabledValue":{"decimal":{"value":1}},"disabledValue":{"decimal":{"value":0}},"name":"L_Hyphenswithdash","displayName":"하이픈을 대시로","explainText":"해당 UI 옵션을 선택하거나 선택 취소합니다.","tags":["L_AutoCorrectOptions","L_Proofing","L_VisioOptions","L_MicrosoftVisio"],"application":"visio16","key":"software\\microsoft\\office\\16.0\\visio\\autoformat as you type","valueName":"dashes"},{"parentCategory":{"ref":"L_AutoCorrectOptions"},"supportedOn":{"ref":"windows:SUPPORTED_Windows7"},"enabledValue":{"decimal":{"value":1}},"disabledValue":{"decimal":{"value":0}},"name":"L_Smileyfacesandarrowswithspecialsymbols","displayName":"웃는 얼굴과 화살표 기호 사용","explainText":"해당 UI 옵션을 선택하거나 선택 취소합니다.","tags":["L_AutoCorrectOptions","L_Proofing","L_VisioOptions","L_MicrosoftVisio"],"application":"visio16","key":"software\\microsoft\\office\\16.0\\visio\\autoformat as you type","valueName":"smileys"},{"parentCategory":{"ref":"L_Miscellaneous"},"supportedOn":{"ref":"windows:SUPPORTED_Windows7"},"elements":{"items":[{"valueName":"sendtoemailmsgstring","requiredSpecified":false,"expandableSpecified":false,"maxLength":2147483647,"maxLengthSpecified":false,"inputType":"textBox","caption":"'보내기' 명령에 대한 전자 메일 메시지","id":"L_emailmessageforsendtocommands101"}]},"name":"L_EmailmessageforSendtocommands","displayName":"'보내기' 명령에 대한 전자 메일 메시지","explainText":"[파일] 메뉴의 [보내기] 하위 메뉴에 있는 명령입니다.","tags":["L_Miscellaneous","L_MicrosoftVisio"],"application":"visio16","key":"software\\microsoft\\office\\16.0\\visio\\application"},{"parentCategory":{"ref":"L_Display"},"supportedOn":{"ref":"windows:SUPPORTED_Windows7"},"elements":{"items":[{"valueName":"max display","minValue":0,"minValueSpecified":true,"maxValue":50,"maxValueSpecified":true,"inputType":"decimalTextBox","caption":"항목 수: ","id":"L_Numberofentries"}]},"name":"L_Recentlyusedfilelist","displayName":"최근에 사용한 드로잉 목록의 항목 수","explainText":"이 정책 설정은 사용자가 Backstage 보기의 [파일] 탭에서 [열기]를 클릭하면 나타나는 [최근에 사용한 드로잉] 목록에 표시되는 항목의 수를 지정합니다.\n\n이 정책 설정을 사용하면 항목의 수를 0과 50 사이에서 지정할 수 있습니다. 숫자를 0으로 설정하면 고정된 항목과 고정 해제된 항목이 모두 표시되지 않습니다.\n\n이 정책 설정을 사용하지 않거나 구성하지 않으면 [최근에 사용한 드로잉] 목록에 최대 25개의 항목이 표시됩니다.\n\n참고: [최근에 사용한 드로잉] 목록에 항목을 완전히 추가하지 못하도록 설정하려면 \"최근에 열었던 문서 목록 보관 안 함\" Windows 정책 설정을 사용하면 됩니다.","tags":["L_Display","L_Advanced","L_VisioOptions","L_MicrosoftVisio"],"application":"visio16","key":"software\\microsoft\\office\\16.0\\visio\\file mru"},{"parentCategory":{"ref":"L_Display"},"supportedOn":{"ref":"windows:SUPPORTED_Windows7"},"elements":{"items":[{"valueName":"max display","minValue":0,"minValueSpecified":true,"maxValue":20,"maxValueSpecified":true,"inputType":"decimalTextBox","caption":"폴더 수: ","id":"L_SetNumberOfPlacesInTheRecentPlacesListSpinID"}]},"name":"L_SetNumberOfPlacesInTheRecentPlacesList","displayName":"최근 폴더 목록의 폴더 수","explainText":"이 정책 설정은 사용자가 Backstage 보기의 [파일] 탭에서 [열기] 또는 [다른 이름으로 저장]을 클릭하면 나타나는 [최근 폴더] 목록에 표시되는 고정 해제된 항목의 수를 지정합니다.\n\n이 정책 설정을 사용하면 고정 해제된 항목의 수를 0과 20 사이에서 지정할 수 있습니다. 숫자를 0으로 설정하면 고정된 항목과 고정 해제된 항목이 모두 표시되지 않습니다.\n\n이 정책 설정을 사용하지 않거나 구성하지 않으면 [최근 폴더] 목록에 최대 5개의 고정 해제된 항목이 표시됩니다.\n\n참고: [최근 폴더] 목록에 항목을 완전히 추가하지 못하도록 설정하려면 \"최근에 열었던 문서 목록 보관 안 함\" Windows 정책 설정을 사용하면 됩니다.","tags":["L_Display","L_Advanced","L_VisioOptions","L_MicrosoftVisio"],"application":"visio16","key":"software\\microsoft\\office\\16.0\\visio\\place mru"},{"parentCategory":{"ref":"L_Miscellaneous"},"supportedOn":{"ref":"windows:SUPPORTED_Windows7"},"enabledValue":{"decimal":{"value":1}},"disabledValue":{"decimal":{"value":0}},"name":"L_DisableOfficeStartVisio","displayName":"Visio에서 Office 시작 화면 사용 안 함","explainText":"이 정책 설정은 Visio를 시작할 때 Office 시작 화면을 표시할지 여부를 제어합니다.\n\n이 정책 설정을 사용하면 Visio를 시작할 때 Office 시작 화면이 사용자에게 표시되지 않습니다.\n\n이 정책 설정을 사용하지 않거나 구성하지 않으면 Visio를 시작할 때 Office 시작 화면이 사용자에게 표시됩니다.\n\n참고: \"Microsoft Office 2016 > 기타 > 모든 Office 응용 프로그램에서 Office 시작 화면 사용 안 함\" 정책 설정을 사용할 경우 해당 정책 설정으로 이 정책 설정이 재정의됩니다.","tags":["L_Miscellaneous","L_MicrosoftVisio"],"application":"visio16","key":"software\\microsoft\\office\\16.0\\visio\\application","valueName":"disableboottoofficestart"},{"parentCategory":{"ref":"L_Miscellaneous"},"supportedOn":{"ref":"windows:SUPPORTED_Windows7"},"elements":{"items":[{"valueName":"personaltemplates","requiredSpecified":false,"expandable":true,"expandableSpecified":true,"maxLength":2147483647,"maxLengthSpecified":false,"inputType":"textBox","caption":"개인 서식 파일 경로","id":"L_PersonalTemplatesPath"}]},"name":"L_PersonalTemplatesPath","displayName":"Visio의 개인 서식 파일 경로","explainText":"이 정책 설정은 사용자 개인 서식 파일의 위치를 지정합니다. \n\n이 정책 설정을 사용하면 Office 시작 화면과 [파일] | [새로 만들기]에서 [사용자 지정 서식 파일] 탭의 지정된 위치에 사용자가 저장한 서식 파일이 표시되고 서식 파일을 저장할 때 기본 폴더가 지정된 위치로 변경됩니다. \n\n이 정책 설정을 사용하지 않거나 구성하지 않으면 Office 시작 화면과 [파일] | [새로 만들기]에서 [사용자 지정 서식 파일] 탭에 사용자가 저장한 서식 파일이 표시되지 않으며 서식 파일을 저장할 때 기본 폴더에 문서가 저장됩니다.","tags":["L_Miscellaneous","L_MicrosoftVisio"],"application":"visio16","key":"software\\microsoft\\office\\16.0\\visio\\application"},{"parentCategory":{"ref":"L_Miscellaneous"},"supportedOn":{"ref":"windows:SUPPORTED_Windows7"},"elements":{"items":[{"item":[{"value":{"decimal":{"value":0}},"displayName":"주요 서식 파일"},{"value":{"decimal":{"value":2}},"displayName":"제공된 서식"},{"value":{"decimal":{"value":1}},"displayName":"사용자 지정"}],"valueName":"officestartdefaulttab","inputType":"dropdownList","caption":"기본 탭","id":"L_DefaultBuiltInTab"}]},"name":"L_DefaultBuiltInTab","displayName":"Visio에서 Office 시작 화면과 [파일] | [새로 만들기]에 표시할 기본 탭","explainText":"이 정책 설정은 Visio에서 Office 시작 화면과 [파일] | [새로 만들기]에 기본 탭으로 표시할 탭을 제어합니다. \n\n이 정책 설정을 사용하면 두 가지 옵션 중 하나를 선택하여 Office 시작 화면과 [파일] | [새로 만들기]에 기본 탭으로 표시할 수 있습니다.\n\n* 기본 제공 – Visio에서 Office 시작 화면과 [파일] | [새로 만들기]에 [기본 제공 서식 파일] 탭이 기본 탭으로 표시됩니다.\n\n* 사용자 지정 – 서식 파일이 있을 경우 Visio에서 Office 시작 화면과 [파일] | [새로 만들기]에 [사용자 지정 서식 파일] 탭이 기본 탭으로 표시됩니다. 이러한 서식 파일에는 사용자 지정 XML 프로그래밍 서식 파일, 작업 그룹 서식 파일 경로의 서식 파일, 개인 서식 파일 경로의 서식 파일 또는 SharePoint 서식 파일이 포함됩니다.\n\n이 정책 설정을 사용하지 않거나 구성하지 않을 경우 Visio에서 Office 시작 화면과 [파일] | [새로 만들기]에 [주요 서식 파일] 탭이 기본 탭으로 표시됩니다.","tags":["L_Miscellaneous","L_MicrosoftVisio"],"application":"visio16","key":"software\\microsoft\\office\\16.0\\visio\\application"},{"parentCategory":{"ref":"L_Proofing"},"supportedOn":{"ref":"windows:SUPPORTED_Windows7"},"enabledValue":{"decimal":{"value":1}},"disabledValue":{"decimal":{"value":0}},"name":"L_DisableVisioRnRPane","displayName":"Visio에서 리서치 및 번역 기능 비활성화","explainText":"\n        이 정책 설정은 리서치 및 번역 기능을 Visio에 표시할지를 제어합니다.\n\n        이 정책 설정을 사용하면 Visio에서 리서치 및 번역 기능이 사용자에게 표시되지 않습니다..\n\n        이 정책 설정을 사용하지 않거나 구성하지 않으면 Visio에서 사용자에게 리서치 및 번역 기능이 표시됩니다.\n\n        참고: 이 정책 설정은 Visio LTSC 2021에만 해당합니다.\n      ","tags":["L_Proofing","L_VisioOptions","L_MicrosoftVisio"],"application":"visio16","key":"software\\microsoft\\office\\16.0\\visio\\application","valueName":"disablevisiornrpane"}]}